case_id,marker,season,team_id,club,case_type,sm_player_id,player,tm_player_id,tm_player,direction,sm_date,sm_type,sm_other,sm_transfer_id,tm_date,tm_type,tm_other,minutes_at_stake,xU,xU_source,fixtures_affected,span,detail,tm_url,size_xu_min,size_basis,over_bar,disputed,n_disputed,size_fill_noexpiry_min,unlinked,tm_at_club_interval,tm_dated_moves,kinds,charged_in_dry_run_min,scope,row_types,member_case_ids,dry_run_outcomes,hand_list_cases_same_player_club_season,source
GF-1376,GAPFILL,2020/2021,71,Leeds United,ROSTER_TM_ONLY,1716,Adam Forshaw,121257,Adam Forshaw,,,,,,,,,,,,38,2020-09-12..2021-05-23,GAPFILL (never checked): Transfermarkt has him at Leeds United in 2020/2021 (AT_CLUB_ALL: 2020-09-12..2021-05-23); not retained by the compute on 38 fixtures; moves: none dated. Verdict TM = at the club as Transfermarkt says; SM = not at the club,https://www.transfermarkt.co.uk/-/profil/spieler/121257,1841.0,NAMINGS_AT_CLUB,True,2020-09-12@71:M;2020-09-19@71:M;2020-09-27@71:M;2020-10-03@71:M;2020-10-19@71:M;2020-10-23@71:M;2020-11-02@71:M;2020-11-07@71:M;2020-11-22@71:M;2020-11-28@71:M;2020-12-05@71:M;2020-12-11@71:M;2020-12-16@71:M;2020-12-20@71:M;2020-12-27@71:M;2020-12-29@71:M;2021-01-02@71:M;2021-01-16@71:M;2021-01-26@71:M;2021-01-31@71:M;2021-02-03@71:M;2021-02-08@71:M;2021-02-14@71:M;2021-02-19@71:M;2021-02-23@71:M;2021-02-27@71:M;2021-03-08@71:M;2021-03-13@71:M;2021-03-19@71:M;2021-04-03@71:M;2021-04-10@71:M;2021-04-19@71:M;2021-04-25@71:M;2021-05-01@71:M;2021-05-08@71:M;2021-05-15@71:M;2021-05-18@71:M;2021-05-23@71:M,38,0.0,False,AT_CLUB_ALL: 2020-09-12..2021-05-23,,M 38,1841.0,i,ROSTER_TM_ONLY,Q2-ab0b219031,ADDED_NO_VERDICT,,Q
GF-1194,GAPFILL,2020/2021,6,Tottenham Hotspur,ROSTER_TM_ONLY,1271,Danny Rose,50174,Danny Rose,,,,,,,,,,,,38,2020-09-13..2021-05-23,GAPFILL (never checked): Transfermarkt has him at Tottenham Hotspur in 2020/2021 (AT_CLUB_ALL: 2020-09-13..2021-05-23); not retained by the compute on 38 fixtures; moves: 2020-07-31 in loan_end (Newcastle) [AGREE]. Verdict TM = at the club as Transfermarkt says; SM = not at the club,https://www.transfermarkt.co.uk/-/profil/spieler/50174,1812.5,NAMINGS_CARRIED,True,2020-09-13@6:M;2020-09-20@6:M;2020-09-27@6:M;2020-10-04@6:M;2020-10-18@6:M;2020-10-26@6:M;2020-11-01@6:M;2020-11-08@6:M;2020-11-21@6:M;2020-11-29@6:M;2020-12-06@6:M;2020-12-13@6:M;2020-12-16@6:M;2020-12-20@6:M;2020-12-27@6:M;2021-01-02@6:M;2021-01-13@6:M;2021-01-17@6:M;2021-01-28@6:M;2021-01-31@6:M;2021-02-04@6:M;2021-02-07@6:M;2021-02-13@6:M;2021-02-21@6:M;2021-02-28@6:M;2021-03-04@6:M;2021-03-07@6:M;2021-03-14@6:M;2021-03-21@6:M;2021-04-04@6:M;2021-04-11@6:M;2021-04-16@6:M;2021-04-21@6:M;2021-05-02@6:M;2021-05-08@6:M;2021-05-16@6:M;2021-05-19@6:M;2021-05-23@6:M,38,0.0,False,AT_CLUB_ALL: 2020-09-13..2021-05-23,2020-07-31 in loan_end (Newcastle) [AGREE],M 38,1812.5,i,ROSTER_TM_ONLY,Q2-7c994da656,ADDED_NO_VERDICT,,Q
GF-0829,GAPFILL,2018/2019,20,Newcastle United,ROSTER_TM_ONLY,1436,Rob Elliot,39037,Rob Elliot,,,,,,,,,,,,38,2018-08-11..2019-05-12,GAPFILL (never checked): Transfermarkt has him at Newcastle United in 2018/2019 (AT_CLUB_ALL: 2018-08-11..2019-05-12); not retained by the compute on 38 fixtures; moves: none dated. Verdict TM = at the club as Transfermarkt says; SM = not at the club,https://www.transfermarkt.co.uk/-/profil/spieler/39037,1710.0,NAMINGS_AT_CLUB,True,2018-08-11@20:M;2018-08-18@20:M;2018-08-26@20:M;2018-09-01@20:M;2018-09-15@20:M;2018-09-22@20:M;2018-09-29@20:M;2018-10-06@20:M;2018-10-20@20:M;2018-10-27@20:M;2018-11-03@20:M;2018-11-10@20:M;2018-11-26@20:M;2018-12-01@20:M;2018-12-05@20:M;2018-12-09@20:M;2018-12-15@20:M;2018-12-22@20:M;2018-12-26@20:M;2018-12-29@20:M;2019-01-02@20:M;2019-01-12@20:M;2019-01-19@20:M;2019-01-29@20:M;2019-02-02@20:M;2019-02-11@20:M;2019-02-23@20:M;2019-02-26@20:M;2019-03-02@20:M;2019-03-09@20:M;2019-03-16@20:M;2019-04-01@20:M;2019-04-06@20:M;2019-04-12@20:M;2019-04-20@20:M;2019-04-27@20:M;2019-05-04@20:M;2019-05-12@20:M,38,0.0,False,AT_CLUB_ALL: 2018-08-11..2019-05-12,,M 38,1710.0,i,ROSTER_TM_ONLY,Q2-4d828916b0,ADDED_NO_VERDICT,,Q
GF-1027,GAPFILL,2019/2020,15,Aston Villa,ROSTER_TM_ONLY,28912777,Cameron Archer,533662,Cameron Archer,,,,,,,,,,,,38,2019-08-10..2020-07-26,GAPFILL (never checked): Transfermarkt has him at Aston Villa in 2019/2020 (AT_CLUB_ALL: 2019-08-10..2020-07-26); not retained by the compute on 38 fixtures; moves: none dated. Verdict TM = at the club as Transfermarkt says; SM = not at the club,https://www.transfermarkt.co.uk/-/profil/spieler/533662,1539.0,PROVISIONAL_FILL,True,2019-08-10@15:M;2019-08-17@15:M;2019-08-23@15:M;2019-08-31@15:M;2019-09-16@15:M;2019-09-22@15:M;2019-09-28@15:M;2019-10-05@15:M;2019-10-19@15:M;2019-10-26@15:M;2019-11-02@15:M;2019-11-10@15:M;2019-11-25@15:M;2019-12-01@15:M;2019-12-04@15:M;2019-12-08@15:M;2019-12-14@15:M;2019-12-21@15:M;2019-12-26@15:M;2019-12-28@15:M;2020-01-01@15:M;2020-01-12@15:M;2020-01-18@15:M;2020-01-21@15:M;2020-02-01@15:M;2020-02-16@15:M;2020-02-22@15:M;2020-03-09@15:M;2020-06-17@15:M;2020-06-21@15:M;2020-06-24@15:M;2020-06-27@15:M;2020-07-05@15:M;2020-07-09@15:M;2020-07-12@15:M;2020-07-16@15:M;2020-07-21@15:M;2020-07-26@15:M,38,1539.0,False,AT_CLUB_ALL: 2019-08-10..2020-07-26,,M 38,1539.0,i,ROSTER_TM_ONLY,Q2-351e75453b,ADDED_NO_VERDICT,,Q
GF-1366,GAPFILL,2020/2021,51,Crystal Palace,ROSTER_TM_ONLY,3188072,Nathan Ferguson,507254,Nathan Ferguson,,,,,,,,,,,,38,2020-09-12..2021-05-23,GAPFILL (never checked): Transfermarkt has him at Crystal Palace in 2020/2021 (AT_CLUB_ALL: 2020-09-12..2021-05-23); not retained by the compute on 38 fixtures; moves: 2020-07-27 in permanent (West Brom) [AGREE]. Verdict TM = at the club as Transfermarkt says; SM = not at the club,https://www.transfermarkt.co.uk/-/profil/spieler/507254,1539.0,PROVISIONAL_FILL,True,2020-09-12@51:M;2020-09-19@51:M;2020-09-26@51:M;2020-10-03@51:M;2020-10-18@51:M;2020-10-24@51:M;2020-10-30@51:M;2020-11-07@51:M;2020-11-23@51:M;2020-11-27@51:M;2020-12-06@51:M;2020-12-13@51:M;2020-12-16@51:M;2020-12-19@51:M;2020-12-26@51:M;2020-12-28@51:M;2021-01-02@51:M;2021-01-14@51:M;2021-01-17@51:M;2021-01-26@51:M;2021-01-30@51:M;2021-02-02@51:M;2021-02-08@51:M;2021-02-13@51:M;2021-02-22@51:M;2021-02-28@51:M;2021-03-03@51:M;2021-03-07@51:M;2021-03-13@51:M;2021-04-05@51:M;2021-04-10@51:M;2021-04-26@51:M;2021-05-01@51:M;2021-05-08@51:M;2021-05-11@51:M;2021-05-16@51:M;2021-05-19@51:M;2021-05-23@51:M,38,1539.0,False,AT_CLUB_ALL: 2020-09-12..2021-05-23,2020-07-27 in permanent (West Brom) [AGREE],M 38,1539.0,i,ROSTER_TM_ONLY,Q2-e8678ec302,ADDED_NO_VERDICT,,Q
GF-1161,GAPFILL,2019/2020,78,Brighton & Hove Albion,ROSTER_TM_ONLY,62408,José Izquierdo,147094,José Izquierdo,,,,,,,,,,,,38,2019-08-10..2020-07-26,GAPFILL (never checked): Transfermarkt has him at Brighton & Hove Albion in 2019/2020 (AT_CLUB_ALL: 2019-08-10..2020-07-26); not retained by the compute on 38 fixtures; moves: none dated. Verdict TM = at the club as Transfermarkt says; SM = not at the club,https://www.transfermarkt.co.uk/-/profil/spieler/147094,1471.5,NAMINGS_AT_CLUB,True,2019-08-10@78:M;2019-08-17@78:M;2019-08-24@78:M;2019-08-31@78:M;2019-09-14@78:M;2019-09-21@78:M;2019-09-28@78:M;2019-10-05@78:M;2019-10-19@78:M;2019-10-26@78:M;2019-11-02@78:M;2019-11-10@78:M;2019-11-23@78:M;2019-11-30@78:M;2019-12-05@78:M;2019-12-08@78:M;2019-12-16@78:M;2019-12-21@78:M;2019-12-26@78:M;2019-12-28@78:M;2020-01-01@78:M;2020-01-11@78:M;2020-01-18@78:M;2020-01-21@78:M;2020-02-01@78:M;2020-02-08@78:M;2020-02-22@78:M;2020-02-29@78:M;2020-03-07@78:M;2020-06-20@78:M;2020-06-23@78:M;2020-06-30@78:M;2020-07-04@78:M;2020-07-08@78:M;2020-07-11@78:M;2020-07-16@78:M;2020-07-20@78:M;2020-07-26@78:M,38,0.0,False,AT_CLUB_ALL: 2019-08-10..2020-07-26,,M 38,1471.5,i,ROSTER_TM_ONLY,Q2-273a48cc27,ADDED_NO_VERDICT,,Q
GF-0911,GAPFILL,2018/2019,78,Brighton & Hove Albion,ROSTER_TM_ONLY,128832,Ezequiel Schelotto,119164,Ezequiel Schelotto,,,,,,,,,,,,23,2018-08-11..2019-01-19,GAPFILL (never checked): Transfermarkt has him at Brighton & Hove Albion in 2018/2019 (AT_CLUB_PART: 2018-08-11..2019-01-27); not retained by the compute on 23 fixtures; moves: 2019-01-28 out loan (Chievo Verona) [TM_ONLY]. Verdict TM = at the club as Transfermarkt says; SM = not at the club,https://www.transfermarkt.co.uk/-/profil/spieler/119164,1345.2,NAMINGS_AT_CLUB,True,2018-08-11@78:M;2018-08-19@78:M;2018-08-25@78:M;2018-09-01@78:M;2018-09-17@78:M;2018-09-22@78:M;2018-09-29@78:M;2018-10-05@78:M;2018-10-20@78:M;2018-10-27@78:M;2018-11-03@78:M;2018-11-10@78:M;2018-11-24@78:M;2018-12-01@78:M;2018-12-04@78:M;2018-12-08@78:M;2018-12-16@78:M;2018-12-22@78:M;2018-12-26@78:M;2018-12-29@78:M;2019-01-02@78:M;2019-01-12@78:M;2019-01-19@78:M,23,0.0,False,AT_CLUB_PART: 2018-08-11..2019-01-27,2019-01-28 out loan (Chievo Verona) [TM_ONLY],M 23,1345.2,i,ROSTER_TM_ONLY+TM_ONLY,Q2-bff8ace134;Q2-df2ad5680b,ADDED_NO_VERDICT,,Q
GF-0836,GAPFILL,2018/2019,25,Watford,ROSTER_TM_ONLY,5803,Marvin Zeegelaar,92899,Marvin Zeegelaar,,,,,,,,,,,,21,2018-08-11..2019-01-02,GAPFILL (never checked): Transfermarkt has him at Watford in 2018/2019 (AT_CLUB_PART: 2018-08-11..2019-01-09); not retained by the compute on 21 fixtures; moves: 2019-01-10 out loan (Udinese) [AGREE]. Verdict TM = at the club as Transfermarkt says; SM = not at the club,https://www.transfermarkt.co.uk/-/profil/spieler/92899,1305.5,NAMINGS_AT_CLUB,True,2018-08-11@25:M;2018-08-19@25:M;2018-08-26@25:M;2018-09-02@25:M;2018-09-15@25:M;2018-09-22@25:M;2018-09-29@25:M;2018-10-06@25:M;2018-10-20@25:M;2018-10-27@25:M;2018-11-03@25:M;2018-11-10@25:M;2018-11-24@25:M;2018-12-01@25:M;2018-12-04@25:M;2018-12-10@25:M;2018-12-15@25:M;2018-12-22@25:M;2018-12-26@25:M;2018-12-29@25:M;2019-01-02@25:M,21,0.0,False,AT_CLUB_PART: 2018-08-11..2019-01-09,2019-01-10 out loan (Udinese) [AGREE],M 21,1305.5,i,ROSTER_TM_ONLY,Q2-5947ff4e0d,ADDED_NO_VERDICT,,Q
GF-0874,GAPFILL,2018/2019,42,Leicester City,ROSTER_TM_ONLY,956,Andy King,56872,Andy King,,,,,,,,,,,,24,2018-08-10..2019-01-30,GAPFILL (never checked): Transfermarkt has him at Leicester City in 2018/2019 (AT_CLUB_PART: 2018-08-10..2019-01-30); not retained by the compute on 24 fixtures; moves: 2019-01-31 out loan (Derby) [AGREE]. Verdict TM = at the club as Transfermarkt says; SM = not at the club,https://www.transfermarkt.co.uk/-/profil/spieler/56872,1140.6,NAMINGS_CARRIED,True,2018-08-10@42:M;2018-08-18@42:M;2018-08-25@42:M;2018-09-01@42:M;2018-09-15@42:M;2018-09-22@42:M;2018-09-29@42:M;2018-10-06@42:M;2018-10-22@42:M;2018-10-27@42:M;2018-11-03@42:M;2018-11-10@42:M;2018-11-24@42:M;2018-12-01@42:M;2018-12-05@42:M;2018-12-08@42:M;2018-12-15@42:M;2018-12-22@42:M;2018-12-26@42:M;2018-12-29@42:M;2019-01-01@42:M;2019-01-12@42:M;2019-01-19@42:M;2019-01-30@42:M,24,0.0,False,AT_CLUB_PART: 2018-08-10..2019-01-30,2019-01-31 out loan (Derby) [AGREE],M 24,1140.6,i,ROSTER_TM_ONLY,Q2-08df288837,ADDED_NO_VERDICT,,Q
GF-1485,GAPFILL,2021/2022,18,Chelsea,ROSTER_TM_ONLY,37365878,Dylan Williams,732117,Dylan Williams,,,,,,,,,,,,15,2022-01-23..2022-05-22,GAPFILL (never checked): Transfermarkt has him at Chelsea in 2021/2022 (AT_CLUB_PART: 2022-01-22..2022-05-22); not retained by the compute on 15 fixtures; moves: 2022-01-22 in permanent (Derby) [TM_ONLY]. Verdict TM = at the club as Transfermarkt says; SM = not at the club,https://www.transfermarkt.co.uk/-/profil/spieler/732117,607.5,PROVISIONAL_FILL,True,2022-01-23@18:M;2022-02-19@18:M;2022-03-05@18:M;2022-03-10@18:M;2022-03-13@18:M;2022-04-02@18:M;2022-04-09@18:M;2022-04-20@18:M;2022-04-24@18:M;2022-04-28@18:M;2022-05-01@18:M;2022-05-07@18:M;2022-05-11@18:M;2022-05-19@18:M;2022-05-22@18:M,15,607.5,False,AT_CLUB_PART: 2022-01-22..2022-05-22,2022-01-22 in permanent (Derby) [TM_ONLY],M 15,567.0,i,ROSTER_TM_ONLY,Q2-02e61e82b8,ADDED_NO_VERDICT,Q2-e4b82284e0 TM_ONLY 608 min: APPLIED (verdict OTHER),Q
GF-1329,GAPFILL,2020/2021,20,Newcastle United,ROSTER_TM_ONLY,1015,Christian Atsu,186997,Christian Atsu,,,,,,,,,,,,38,2020-09-12..2021-05-23,GAPFILL (never checked): Transfermarkt has him at Newcastle United in 2020/2021 (AT_CLUB_ALL: 2020-09-12..2021-05-23); not retained by the compute on 38 fixtures; moves: none dated. Verdict TM = at the club as Transfermarkt says; SM = not at the club,https://www.transfermarkt.co.uk/-/profil/spieler/186997,592.5,NAMINGS_AT_CLUB,True,2020-09-12@20:M;2020-09-20@20:M;2020-09-27@20:M;2020-10-03@20:M;2020-10-17@20:M;2020-10-25@20:M;2020-11-01@20:M;2020-11-06@20:M;2020-11-21@20:M;2020-11-27@20:M;2020-12-12@20:M;2020-12-16@20:M;2020-12-19@20:M;2020-12-26@20:M;2020-12-30@20:M;2021-01-03@20:M;2021-01-12@20:M;2021-01-18@20:M;2021-01-23@20:M;2021-01-26@20:M;2021-01-30@20:M;2021-02-02@20:M;2021-02-06@20:M;2021-02-15@20:M;2021-02-21@20:M;2021-02-27@20:M;2021-03-07@20:M;2021-03-12@20:M;2021-03-20@20:M;2021-04-04@20:M;2021-04-11@20:M;2021-04-17@20:M;2021-04-24@20:M;2021-05-02@20:M;2021-05-07@20:M;2021-05-14@20:M;2021-05-19@20:M;2021-05-23@20:M,38,0.0,False,AT_CLUB_ALL: 2020-09-12..2021-05-23,,M 38,592.5,i,ROSTER_TM_ONLY,Q2-ec53e63c31,ADDED_NO_VERDICT,,Q
GF-0871,GAPFILL,2018/2019,42,Leicester City,ROSTER_TM_ONLY,1574,Eldin Jakupović,2857,Eldin Jakupović,,,,,,,,,,,,38,2018-08-10..2019-05-12,GAPFILL (never checked): Transfermarkt has him at Leicester City in 2018/2019 (AT_CLUB_ALL: 2018-08-10..2019-05-12); not retained by the compute on 38 fixtures; moves: none dated. Verdict TM = at the club as Transfermarkt says; SM = not at the club,https://www.transfermarkt.co.uk/-/profil/spieler/2857,570.0,NAMINGS_AT_CLUB,True,2018-08-10@42:M;2018-08-18@42:M;2018-08-25@42:M;2018-09-01@42:M;2018-09-15@42:M;2018-09-22@42:M;2018-09-29@42:M;2018-10-06@42:M;2018-10-22@42:M;2018-10-27@42:M;2018-11-03@42:M;2018-11-10@42:M;2018-11-24@42:M;2018-12-01@42:M;2018-12-05@42:M;2018-12-08@42:M;2018-12-15@42:M;2018-12-22@42:M;2018-12-26@42:M;2018-12-29@42:M;2019-01-01@42:M;2019-01-12@42:M;2019-01-19@42:M;2019-01-30@42:M;2019-02-03@42:M;2019-02-10@42:M;2019-02-23@42:M;2019-02-26@42:M;2019-03-03@42:M;2019-03-09@42:M;2019-03-16@42:M;2019-03-30@42:M;2019-04-06@42:M;2019-04-12@42:M;2019-04-20@42:M;2019-04-28@42:M;2019-05-06@42:M;2019-05-12@42:M,38,0.0,False,AT_CLUB_ALL: 2018-08-10..2019-05-12,,M 38,570.0,i,ROSTER_TM_ONLY,Q2-dda28cb1c4,ADDED_NO_VERDICT,,Q
GF-1260,GAPFILL,2020/2021,14,Manchester United,ROSTER_TM_ONLY,433,Phil Jones,117996,Phil Jones,,,,,,,,,,,,38,2020-09-19..2021-05-23,GAPFILL (never checked): Transfermarkt has him at Manchester United in 2020/2021 (AT_CLUB_ALL: 2020-09-19..2021-05-23); not retained by the compute on 38 fixtures; moves: none dated. Verdict TM = at the club as Transfermarkt says; SM = not at the club,https://www.transfermarkt.co.uk/-/profil/spieler/117996,423.8,NAMINGS_AT_CLUB,True,2020-09-19@14:M;2020-09-26@14:M;2020-10-04@14:M;2020-10-17@14:M;2020-10-24@14:M;2020-11-01@14:M;2020-11-07@14:M;2020-11-21@14:M;2020-11-29@14:M;2020-12-05@14:M;2020-12-12@14:M;2020-12-17@14:M;2020-12-20@14:M;2020-12-26@14:M;2020-12-29@14:M;2021-01-01@14:M;2021-01-12@14:M;2021-01-17@14:M;2021-01-20@14:M;2021-01-27@14:M;2021-01-30@14:M;2021-02-02@14:M;2021-02-06@14:M;2021-02-14@14:M;2021-02-21@14:M;2021-02-28@14:M;2021-03-03@14:M;2021-03-07@14:M;2021-03-14@14:M;2021-04-04@14:M;2021-04-11@14:M;2021-04-18@14:M;2021-04-25@14:M;2021-05-09@14:M;2021-05-11@14:M;2021-05-13@14:M;2021-05-18@14:M;2021-05-23@14:M,38,0.0,False,AT_CLUB_ALL: 2020-09-19..2021-05-23,,M 38,423.8,i,ROSTER_TM_ONLY,Q2-55eb5108b5,ADDED_NO_VERDICT,,Q
GF-0732,GAPFILL,2018/2019,8,Liverpool,ROSTER_TM_ONLY,4203,Dominic Solanke,258889,Dominic Solanke,,,,,,,,,,,,21,2018-08-12..2019-01-03,GAPFILL (never checked): Transfermarkt has him at Liverpool in 2018/2019 (AT_CLUB_PART: 2018-08-12..2019-01-03); not retained by the compute on 21 fixtures; moves: 2019-01-04 out permanent (Bournemouth) [AGREE]. Verdict TM = at the club as Transfermarkt says; SM = not at the club,https://www.transfermarkt.co.uk/-/profil/spieler/258889,401.4,NAMINGS_AT_CLUB,True,2018-08-12@8:M;2018-08-20@8:M;2018-08-25@8:M;2018-09-01@8:M;2018-09-15@8:M;2018-09-22@8:M;2018-09-29@8:M;2018-10-07@8:M;2018-10-20@8:M;2018-10-27@8:M;2018-11-03@8:M;2018-11-11@8:M;2018-11-24@8:M;2018-12-02@8:M;2018-12-05@8:M;2018-12-08@8:M;2018-12-16@8:M;2018-12-21@8:M;2018-12-26@8:M;2018-12-29@8:M;2019-01-03@8:M,21,0.0,False,AT_CLUB_PART: 2018-08-12..2019-01-03,2019-01-04 out permanent (Bournemouth) [AGREE],M 21,401.4,i,ROSTER_TM_ONLY,Q2-f39b01b5f4,ADDED_NO_VERDICT,,Q
GF-1158,GAPFILL,2019/2020,78,Brighton & Hove Albion,ROSTER_TM_ONLY,2923,Beram Kayal,44741,Beram Kayal,,,,,,,,,,,,18,2020-01-01..2020-07-26,GAPFILL (never checked): Transfermarkt has him at Brighton & Hove Albion in 2019/2020 (AT_CLUB_PART: 2020-01-01..2020-07-26); not retained by the compute on 18 fixtures; moves: 2019-08-08 out loan (Charlton) [AGREE]; 2020-01-01 in loan_end (Charlton) [AGREE]. Verdict TM = at the club as Transfermarkt says; SM = not at the club,https://www.transfermarkt.co.uk/-/profil/spieler/44741,346.1,NAMINGS_AT_CLUB,True,2020-01-01@78:M;2020-01-11@78:M;2020-01-18@78:M;2020-01-21@78:M;2020-02-01@78:M;2020-02-08@78:M;2020-02-22@78:M;2020-02-29@78:M;2020-03-07@78:M;2020-06-20@78:M;2020-06-23@78:M;2020-06-30@78:M;2020-07-04@78:M;2020-07-08@78:M;2020-07-11@78:M;2020-07-16@78:M;2020-07-20@78:M;2020-07-26@78:M,18,0.0,False,AT_CLUB_PART: 2020-01-01..2020-07-26,2019-08-08 out loan (Charlton) [AGREE]; 2020-01-01 in loan_end (Charlton) [AGREE],M 18,326.9,i,ROSTER_TM_ONLY,Q2-05c1a6825a,ADDED_NO_VERDICT,,Q
GF-1156,GAPFILL,2019/2020,65,Southampton,ROSTER_TM_ONLY,581047,Callum Slattery,332342,Callum Slattery,,,,,,,,,,,,30,2019-08-10..2020-07-26,GAPFILL (never checked): Transfermarkt has him at Southampton in 2019/2020 (AT_CLUB_PART: 2019-08-10..2020-01-30 + 2020-06-30..2020-07-26); not retained by the compute on 30 fixtures; moves: 2020-01-31 out loan (De Graafschap) [TM_ONLY]; 2020-06-30 in loan_end (De Graafschap) [TM_ONLY]. Verdict TM = at the club as Transfermarkt says; SM = not at the club,https://www.transfermarkt.co.uk/-/profil/spieler/332342,297.4,NAMINGS_AT_CLUB,True,2019-08-10@65:M;2019-08-17@65:M;2019-08-24@65:M;2019-08-31@65:M;2019-09-14@65:M;2019-09-20@65:M;2019-09-28@65:M;2019-10-06@65:M;2019-10-19@65:M;2019-10-25@65:M;2019-11-02@65:M;2019-11-09@65:M;2019-11-23@65:M;2019-11-30@65:M;2019-12-04@65:M;2019-12-08@65:M;2019-12-14@65:M;2019-12-21@65:M;2019-12-26@65:M;2019-12-28@65:M;2020-01-01@65:M;2020-01-11@65:M;2020-01-18@65:M;2020-01-21@65:M;2020-07-05@65:M;2020-07-09@65:M;2020-07-13@65:M;2020-07-16@65:M;2020-07-19@65:M;2020-07-26@65:M,30,0.0,False,AT_CLUB_PART: 2019-08-10..2020-01-30 + 2020-06-30..2020-07-26,2020-01-31 out loan (De Graafschap) [TM_ONLY]; 2020-06-30 in loan_end (De Graafschap) [TM_ONLY],M 30,297.4,i,ROSTER_TM_ONLY+TM_ONLY,Q2-8a42799478;Q2-149ca21c4c,ADDED_NO_VERDICT,Q2-61b1de1a34 TM_ONLY 60 min: ADDED_NO_VERDICT (verdict UNRESOLVED),Q
GF-0962,GAPFILL,2019/2020,8,Liverpool,ROSTER_TM_ONLY,11658171,Sepp van den Berg,541231,Sepp van den Berg,,,,,,,,,,,,38,2019-08-09..2020-07-26,GAPFILL (never checked): Transfermarkt has him at Liverpool in 2019/2020 (AT_CLUB_ALL: 2019-08-09..2020-07-26); not retained by the compute on 38 fixtures; moves: 2019-07-01 in permanent (PEC Zwolle) [AGREE]. Verdict TM = at the club as Transfermarkt says; SM = not at the club,https://www.transfermarkt.co.uk/-/profil/spieler/541231,292.5,PROVISIONAL_FILL,True,2019-08-09@8:M;2019-08-17@8:M;2019-08-24@8:M;2019-08-31@8:M;2019-09-14@8:M;2019-09-22@8:M;2019-09-28@8:M;2019-10-05@8:M;2019-10-20@8:M;2019-10-27@8:M;2019-11-02@8:M;2019-11-10@8:M;2019-11-23@8:M;2019-11-30@8:M;2019-12-04@8:M;2019-12-07@8:M;2019-12-14@8:M;2019-12-26@8:M;2019-12-29@8:M;2020-01-02@8:M;2020-01-11@8:M;2020-01-19@8:M;2020-01-23@8:M;2020-01-29@8:M;2020-02-01@8:M;2020-02-15@8:M;2020-02-24@8:M;2020-02-29@8:M;2020-03-07@8:M;2020-06-21@8:M;2020-06-24@8:M;2020-07-02@8:M;2020-07-05@8:M;2020-07-08@8:M;2020-07-11@8:M;2020-07-15@8:M;2020-07-22@8:M;2020-07-26@8:M,38,1710.0,False,AT_CLUB_ALL: 2019-08-09..2020-07-26,2019-07-01 in permanent (PEC Zwolle) [AGREE],M 38,292.5,i,ROSTER_TM_ONLY,Q2-39b33d9927,ADDED_NO_VERDICT,,Q
GF-1384,GAPFILL,2020/2021,78,Brighton & Hove Albion,ROSTER_TM_ONLY,TM369098,Lars Dendoncker,369098,Lars Dendoncker,,,,,,,,,,,,38,2020-09-14..2021-05-23,GAPFILL (never checked): Transfermarkt has him at Brighton & Hove Albion in 2020/2021 (AT_CLUB_ALL: 2020-09-14..2021-05-23); not retained by the compute on 38 fixtures; moves: 2020-08-07 in permanent (Club NXT) [TM_ONLY]. Verdict TM = at the club as Transfermarkt says; SM = not at the club,https://www.transfermarkt.co.uk/-/profil/spieler/369098,292.5,PROVISIONAL_FILL,True,2020-09-14@78:M;2020-09-20@78:M;2020-09-26@78:M;2020-10-03@78:M;2020-10-18@78:M;2020-10-26@78:M;2020-11-01@78:M;2020-11-06@78:M;2020-11-21@78:M;2020-11-28@78:M;2020-12-07@78:M;2020-12-13@78:M;2020-12-16@78:M;2020-12-20@78:M;2020-12-27@78:M;2020-12-29@78:M;2021-01-02@78:M;2021-01-13@78:M;2021-01-16@78:M;2021-01-27@78:M;2021-01-31@78:M;2021-02-03@78:M;2021-02-06@78:M;2021-02-13@78:M;2021-02-22@78:M;2021-02-27@78:M;2021-03-06@78:M;2021-03-14@78:M;2021-03-20@78:M;2021-04-04@78:M;2021-04-12@78:M;2021-04-20@78:M;2021-04-24@78:M;2021-05-01@78:M;2021-05-09@78:M;2021-05-15@78:M;2021-05-18@78:M;2021-05-23@78:M,38,1710.0,False,AT_CLUB_ALL: 2020-09-14..2021-05-23,2020-08-07 in permanent (Club NXT) [TM_ONLY],M 38,292.5,i,ROSTER_TM_ONLY,Q2-cc6eb3eb93,ADDED_NO_VERDICT,Q2-d5616b37e2 TM_ONLY 292 min: APPLIED (verdict TM),Q
GF-1251,GAPFILL,2020/2021,13,Everton,ROSTER_TM_ONLY,1012,Muhamed Besic,93905,Muhamed Besic,,,,,,,,,,,,38,2020-09-13..2021-05-23,GAPFILL (never checked): Transfermarkt has him at Everton in 2020/2021 (AT_CLUB_ALL: 2020-09-13..2021-05-23); not retained by the compute on 38 fixtures; moves: none dated. Verdict TM = at the club as Transfermarkt says; SM = not at the club,https://www.transfermarkt.co.uk/-/profil/spieler/93905,291.0,NAMINGS_CARRIED,True,2020-09-13@13:M;2020-09-19@13:M;2020-09-26@13:M;2020-10-03@13:M;2020-10-17@13:M;2020-10-25@13:M;2020-11-01@13:M;2020-11-07@13:M;2020-11-22@13:M;2020-11-28@13:M;2020-12-05@13:M;2020-12-12@13:M;2020-12-16@13:M;2020-12-19@13:M;2020-12-26@13:M;2021-01-01@13:M;2021-01-12@13:M;2021-01-27@13:M;2021-01-30@13:M;2021-02-03@13:M;2021-02-06@13:M;2021-02-14@13:M;2021-02-17@13:M;2021-02-20@13:M;2021-03-01@13:M;2021-03-04@13:M;2021-03-08@13:M;2021-03-13@13:M;2021-04-05@13:M;2021-04-12@13:M;2021-04-16@13:M;2021-04-23@13:M;2021-05-01@13:M;2021-05-09@13:M;2021-05-13@13:M;2021-05-16@13:M;2021-05-19@13:M;2021-05-23@13:M,38,0.0,False,AT_CLUB_ALL: 2020-09-13..2021-05-23,,M 38,291.0,i,ROSTER_TM_ONLY,Q2-59b9729cf5,ADDED_NO_VERDICT,,Q
GF-1336,GAPFILL,2020/2021,21,Sheffield United,ROSTER_TM_ONLY,2891,Simon Moore,123536,Simon Moore,,,,,,,,,,,,38,2020-09-14..2021-05-23,GAPFILL (never checked): Transfermarkt has him at Sheffield United in 2020/2021 (AT_CLUB_ALL: 2020-09-14..2021-05-23); not retained by the compute on 38 fixtures; moves: none dated. Verdict TM = at the club as Transfermarkt says; SM = not at the club,https://www.transfermarkt.co.uk/-/profil/spieler/123536,285.0,NAMINGS_AT_CLUB,True,2020-09-14@21:M;2020-09-21@21:M;2020-09-27@21:M;2020-10-04@21:M;2020-10-18@21:M;2020-10-24@21:M;2020-10-31@21:M;2020-11-07@21:M;2020-11-22@21:M;2020-11-28@21:M;2020-12-06@21:M;2020-12-13@21:M;2020-12-17@21:M;2020-12-20@21:M;2020-12-26@21:M;2020-12-29@21:M;2021-01-02@21:M;2021-01-12@21:M;2021-01-17@21:M;2021-01-27@21:M;2021-01-30@21:M;2021-02-02@21:M;2021-02-07@21:M;2021-02-15@21:M;2021-02-20@21:M;2021-02-28@21:M;2021-03-03@21:M;2021-03-06@21:M;2021-03-14@21:M;2021-04-03@21:M;2021-04-11@21:M;2021-04-17@21:M;2021-04-24@21:M;2021-05-02@21:M;2021-05-08@21:M;2021-05-16@21:M;2021-05-19@21:M;2021-05-23@21:M,38,0.0,False,AT_CLUB_ALL: 2020-09-14..2021-05-23,,M 38,285.0,i,ROSTER_TM_ONLY,Q2-ebe779666e,ADDED_NO_VERDICT,,Q
GF-1085,GAPFILL,2019/2020,25,Watford,ROSTER_TM_ONLY,13355,Sam Dalby,470128,Sam Dalby,,,,,,,,,,,,38,2019-08-10..2020-07-26,GAPFILL (never checked): Transfermarkt has him at Watford in 2019/2020 (AT_CLUB_ALL: 2019-08-10..2020-07-26); not retained by the compute on 38 fixtures; moves: 2019-07-12 in permanent (Leeds) [TM_ONLY]. Verdict TM = at the club as Transfermarkt says; SM = not at the club,https://www.transfermarkt.co.uk/-/profil/spieler/470128,263.2,PROVISIONAL_FILL,True,2019-08-10@25:M;2019-08-17@25:M;2019-08-24@25:M;2019-08-31@25:M;2019-09-15@25:M;2019-09-21@25:M;2019-09-28@25:M;2019-10-05@25:M;2019-10-19@25:M;2019-10-26@25:M;2019-11-02@25:M;2019-11-08@25:M;2019-11-23@25:M;2019-11-30@25:M;2019-12-04@25:M;2019-12-07@25:M;2019-12-14@25:M;2019-12-22@25:M;2019-12-26@25:M;2019-12-28@25:M;2020-01-01@25:M;2020-01-12@25:M;2020-01-18@25:M;2020-01-21@25:M;2020-02-01@25:M;2020-02-08@25:M;2020-02-23@25:M;2020-02-29@25:M;2020-03-07@25:M;2020-06-20@25:M;2020-06-25@25:M;2020-06-28@25:M;2020-07-04@25:M;2020-07-07@25:M;2020-07-11@25:M;2020-07-17@25:M;2020-07-21@25:M;2020-07-26@25:M,38,1539.0,False,AT_CLUB_ALL: 2019-08-10..2020-07-26,2019-07-12 in permanent (Leeds) [TM_ONLY],M 38,263.2,i,ROSTER_TM_ONLY,Q2-758ee3714a,ADDED_NO_VERDICT,Q2-e3e2484bca TM_ONLY 263 min: APPLIED (verdict TM),Q
GF-0847,GAPFILL,2018/2019,25,Watford,ROSTER_TM_ONLY,4969726,Kwasi Sibo,538006,Kwasi Sibo,,,,,,,,,,,,23,2018-08-11..2019-01-19,GAPFILL (never checked): Transfermarkt has him at Watford in 2018/2019 (AT_CLUB_PART: 2018-08-11..2019-01-29); not retained by the compute on 23 fixtures; moves: 2018-08-09 in permanent (Banants) [AGREE]; 2019-01-30 out loan (KF Skënderbeu) [AGREE]. Verdict TM = at the club as Transfermarkt says; SM = not at the club,https://www.transfermarkt.co.uk/-/profil/spieler/538006,236.2,PROVISIONAL_FILL,True,2018-08-11@25:M;2018-08-19@25:M;2018-08-26@25:M;2018-09-02@25:M;2018-09-15@25:M;2018-09-22@25:M;2018-09-29@25:M;2018-10-06@25:M;2018-10-20@25:M;2018-10-27@25:M;2018-11-03@25:M;2018-11-10@25:M;2018-11-24@25:M;2018-12-01@25:M;2018-12-04@25:M;2018-12-10@25:M;2018-12-15@25:M;2018-12-22@25:M;2018-12-26@25:M;2018-12-29@25:M;2019-01-02@25:M;2019-01-12@25:M;2019-01-19@25:M,23,724.5,False,AT_CLUB_PART: 2018-08-11..2019-01-29,2018-08-09 in permanent (Banants) [AGREE]; 2019-01-30 out loan (KF Skënderbeu) [AGREE],M 23,204.7,i,ROSTER_TM_ONLY,Q2-59b6e668ac,ADDED_NO_VERDICT,,Q
GF-1081,GAPFILL,2019/2020,25,Watford,ROSTER_TM_ONLY,14010,Kaylen Hinds,290788,Kaylen Hinds,,,,,,,,,,,,30,2019-08-24..2020-06-28,GAPFILL (never checked): Transfermarkt has him at Watford in 2019/2020 (AT_CLUB_PART: 2019-08-22..2020-06-30); not retained by the compute on 30 fixtures; moves: 2019-08-22 in permanent (Without Club) [AGREE]; 2020-07-01 out permanent (Without Club) [TM_ONLY]. Verdict TM = at the club as Transfermarkt says; SM = not at the club,https://www.transfermarkt.co.uk/-/profil/spieler/290788,236.2,PROVISIONAL_FILL,True,2019-08-24@25:M;2019-08-31@25:M;2019-09-15@25:M;2019-09-21@25:M;2019-09-28@25:M;2019-10-05@25:M;2019-10-19@25:M;2019-10-26@25:M;2019-11-02@25:M;2019-11-08@25:M;2019-11-23@25:M;2019-11-30@25:M;2019-12-04@25:M;2019-12-07@25:M;2019-12-14@25:M;2019-12-22@25:M;2019-12-26@25:M;2019-12-28@25:M;2020-01-01@25:M;2020-01-12@25:M;2020-01-18@25:M;2020-01-21@25:M;2020-02-01@25:M;2020-02-08@25:M;2020-02-23@25:M;2020-02-29@25:M;2020-03-07@25:M;2020-06-20@25:M;2020-06-25@25:M;2020-06-28@25:M,30,945.0,False,AT_CLUB_PART: 2019-08-22..2020-06-30,2019-08-22 in permanent (Without Club) [AGREE]; 2020-07-01 out permanent (Without Club) [TM_ONLY],M 30,204.7,i,ROSTER_TM_ONLY+TM_ONLY,Q2-cdef676a6c;Q2-697d03b6f7,ADDED_NO_VERDICT,,Q
GF-0778,GAPFILL,2018/2019,13,Everton,ROSTER_TM_ONLY,581071,Beni Baningime,399369,Beni Baningime,,,,,,,,,,,,24,2018-08-11..2019-01-29,GAPFILL (never checked): Transfermarkt has him at Everton in 2018/2019 (AT_CLUB_PART: 2018-08-11..2019-01-30); not retained by the compute on 24 fixtures; moves: 2019-01-31 out loan (Wigan) [AGREE]. Verdict TM = at the club as Transfermarkt says; SM = not at the club,https://www.transfermarkt.co.uk/-/profil/spieler/399369,232.4,NAMINGS_AT_CLUB,True,2018-08-11@13:M;2018-08-18@13:M;2018-08-25@13:M;2018-09-01@13:M;2018-09-16@13:M;2018-09-23@13:M;2018-09-29@13:M;2018-10-06@13:M;2018-10-21@13:M;2018-10-28@13:M;2018-11-03@13:M;2018-11-11@13:M;2018-11-24@13:M;2018-12-02@13:M;2018-12-05@13:M;2018-12-10@13:M;2018-12-15@13:M;2018-12-23@13:M;2018-12-26@13:M;2018-12-29@13:M;2019-01-01@13:M;2019-01-13@13:M;2019-01-19@13:M;2019-01-29@13:M,24,0.0,False,AT_CLUB_PART: 2018-08-11..2019-01-30,2019-01-31 out loan (Wigan) [AGREE],M 24,232.4,i,ROSTER_TM_ONLY,Q2-a8d275e127,ADDED_NO_VERDICT,,Q
GF-1468,GAPFILL,2021/2022,15,Aston Villa,ROSTER_TM_ONLY,TM742746,Caleb Chukwuemeka,742746,Caleb Chukwuemeka,,,,,,,,,,,,19,2021-08-21..2022-05-22,GAPFILL (never checked): Transfermarkt has him at Aston Villa in 2021/2022 (AT_CLUB_PART: 2021-08-16..2022-01-11 + 2022-05-20..2022-05-22); not retained by the compute on 19 fixtures; moves: 2021-08-16 in permanent (Northampton) [TM_ONLY]; 2022-01-12 out loan (Livingston FC) [TM_ONLY]; 2022-05-20 in loan_end (Livingston FC) [TM_ONLY]. Verdict TM = at the club as Transfermarkt says; SM = not at the club,https://www.transfermarkt.co.uk/-/profil/spieler/742746,204.8,PROVISIONAL_FILL,True,2021-08-21@15:M;2021-08-28@15:M;2021-09-11@15:M;2021-09-18@15:M;2021-09-25@15:M;2021-10-03@15:M;2021-10-16@15:M;2021-10-22@15:M;2021-10-31@15:M;2021-11-05@15:M;2021-11-20@15:M;2021-11-27@15:M;2021-12-01@15:M;2021-12-05@15:M;2021-12-11@15:M;2021-12-14@15:M;2021-12-26@15:M;2022-01-02@15:M;2022-05-22@15:M,19,598.5,False,AT_CLUB_PART: 2021-08-16..2022-01-11 + 2022-05-20..2022-05-22,2021-08-16 in permanent (Northampton) [TM_ONLY]; 2022-01-12 out loan (Livingston FC) [TM_ONLY]; 2022-05-20 in loan_end (Livingston FC) [TM_ONLY],M 19,204.7,i,ROSTER_TM_ONLY+TM_ONLY,Q2-15bc9bc5c5;Q2-f1eb9d8056,ADDED_NO_VERDICT,Q2-d02ea2d805 TM_ONLY 205 min: APPLIED (verdict TM); Q2-fc914ec16a TM_ONLY 0 min: APPLIED (verdict TM),Q
GF-0917,GAPFILL,2018/2019,78,Brighton & Hove Albion,ROSTER_TM_ONLY,524309,Leo Østigård,367284,Leo Østigård,,,,,,,,,,,,38,2018-08-11..2019-05-12,GAPFILL (never checked): Transfermarkt has him at Brighton & Hove Albion in 2018/2019 (AT_CLUB_ALL: 2018-08-11..2019-05-12); not retained by the compute on 38 fixtures; moves: 2018-08-08 in permanent (Molde FK) [AGREE]. Verdict TM = at the club as Transfermarkt says; SM = not at the club,https://www.transfermarkt.co.uk/-/profil/spieler/367284,204.8,PROVISIONAL_FILL,True,2018-08-11@78:M;2018-08-19@78:M;2018-08-25@78:M;2018-09-01@78:M;2018-09-17@78:M;2018-09-22@78:M;2018-09-29@78:M;2018-10-05@78:M;2018-10-20@78:M;2018-10-27@78:M;2018-11-03@78:M;2018-11-10@78:M;2018-11-24@78:M;2018-12-01@78:M;2018-12-04@78:M;2018-12-08@78:M;2018-12-16@78:M;2018-12-22@78:M;2018-12-26@78:M;2018-12-29@78:M;2019-01-02@78:M;2019-01-12@78:M;2019-01-19@78:M;2019-01-29@78:M;2019-02-02@78:M;2019-02-09@78:M;2019-02-26@78:M;2019-03-02@78:M;2019-03-09@78:M;2019-03-30@78:M;2019-04-03@78:M;2019-04-13@78:M;2019-04-16@78:M;2019-04-20@78:M;2019-04-23@78:M;2019-04-27@78:M;2019-05-05@78:M;2019-05-12@78:M,38,1197.0,False,AT_CLUB_ALL: 2018-08-11..2019-05-12,2018-08-08 in permanent (Molde FK) [AGREE],M 38,204.7,i,ROSTER_TM_ONLY,Q2-c7229acc4c,ADDED_NO_VERDICT,,Q
