season,club,team_id,label,winter_close,fixtures,g_H1,g_H2,pts_H1,pts_H2,pts_rebuilt,pts_official,deduction,NETabs_H1,NETabs_H2,NETabs_pm_H1,NETabs_pm_H2,finish,NETavailability,NETabsence,log_value_rel,squad_value_eur,value_date,value_flag
2018/2019,Wolverhampton Wanderers,29,PAPER,2019-01-31,38,24,14,35,22,57,57,0,2118,475,88.25527916666665,33.92535,7,0.9358,2593,-1.072268,127800000.0,2018-07-01,dated
2018/2019,Chelsea,18,PAPER,2019-01-31,38,24,14,47,25,72,72,0,4380,1842,182.49032916666667,131.58761428571427,3,0.8574,6222,0.860307,882750000.0,2018-07-01,dated
2018/2019,Crystal Palace,51,PAPER,2019-01-31,38,24,14,23,26,49,49,0,3872,2876,161.3135,205.46207857142852,12,0.8486,6748,-0.750377,176330000.0,2018-07-01,dated
2018/2019,Liverpool,8,PAPER,2019-01-31,38,24,14,61,36,97,97,0,5308,2873,221.14620833333333,205.22845000000004,2,0.8199,8181,0.804697,835000000.0,2018-07-01,dated
2018/2019,Everton,13,PAPER,2019-01-31,38,24,14,33,21,54,54,0,6300,2559,262.4844958333333,182.78176428571436,8,0.8099,8859,-0.0464,356500000.0,2018-07-01,dated
2018/2019,Fulham,11,PAPER,2019-01-31,38,24,14,17,9,26,26,0,5816,3532,242.3471666666667,252.31579285714284,19,0.8,9349,-1.537588,80250000.0,2018-07-01,dated
2018/2019,Southampton,65,PAPER,2019-01-31,38,24,14,23,16,39,39,0,6192,2979,258.0025375,212.79804999999996,16,0.7958,9171,-0.415373,246500000.0,2018-07-01,dated
2018/2019,Huddersfield Town,251,PAPER,2019-01-31,38,24,14,11,5,16,16,0,5738,4255,239.08479166666666,303.9316142857143,20,0.7872,9993,-1.204682,111950000.0,2018-07-01,dated
2018/2019,Cardiff City,69,PAPER,2019-01-31,38,24,14,19,15,34,34,0,5644,4890,235.17009999999996,349.3058857142857,18,0.7832,10534,-1.878807,57050000.0,2018-07-01,dated
2018/2019,Manchester City,9,PAPER,2019-01-31,38,24,14,56,42,98,98,0,6778,3875,282.4185166666667,276.7509857142857,1,0.7814,10653,1.004823,1020000000.0,2018-07-01,dated
2018/2019,Brighton & Hove Albion,78,PAPER,2019-01-31,38,24,14,26,10,36,36,0,7527,3053,313.6230416666667,218.09066428571427,17,0.7803,10580,-0.994757,138100000.0,2018-07-01,dated
2018/2019,AFC Bournemouth,52,PAPER,2019-01-31,38,24,14,33,12,45,45,0,4933,6143,205.5308583333333,438.7722714285714,14,0.7701,11076,-1.028633,133500000.0,2018-07-01,dated
2018/2019,Burnley,27,PAPER,2019-01-31,38,24,14,23,17,40,40,0,7856,4315,327.3246666666667,308.21351428571427,15,0.7577,12171,-0.868082,156750000.0,2018-07-01,dated
2018/2019,Newcastle United,20,PAPER,2019-01-31,38,24,14,24,21,45,45,0,7714,4466,321.40645,318.98650714285714,13,0.7567,12180,-0.709431,183700000.0,2018-07-01,dated
2018/2019,Tottenham Hotspur,6,PAPER,2019-01-31,38,24,14,54,17,71,71,0,7039,4755,293.3027583333333,339.61799285714284,4,0.7535,11794,0.78596,819500000.0,2018-07-01,dated
2018/2019,Watford,25,PAPER,2019-01-31,38,24,14,33,17,50,50,0,9086,3652,378.5938458333333,260.83775,11,0.7476,12738,-0.696988,186000000.0,2018-07-01,dated
2018/2019,Arsenal,19,PAPER,2019-01-31,38,24,14,47,23,70,70,0,7329,5394,305.3588,385.3076500000001,5,0.7455,12723,0.360373,535450000.00000006,2018-07-01,dated
2018/2019,Manchester United,14,PAPER,2019-01-31,38,24,14,45,21,66,66,0,7778,4846,324.0896374999999,346.1381785714285,6,0.7444,12624,0.825439,852500000.0,2018-07-01,dated
2018/2019,Leicester City,42,PAPER,2019-01-31,38,24,14,32,20,52,52,0,9482,4059,395.09755416666667,289.9497,9,0.7358,13542,-0.09821,338500000.0,2018-07-01,dated
2018/2019,West Ham United,1,PAPER,2019-01-31,38,24,14,31,21,52,52,0,9329,5293,388.72514166666673,378.0539428571429,10,0.715,14622,-0.482484,230500000.0,2018-07-01,dated
2019/2020,Wolverhampton Wanderers,29,PAPER,2020-01-31,29,24,5,34,9,43,59,0,3112,297,129.65887083333334,59.36224,7,0.8948,3409,-0.380592,301250000.0,2019-07-01,dated
2019/2020,Sheffield United,21,PAPER,2020-01-31,28,24,4,33,10,43,54,0,3036,692,126.50031249999999,173.05525,9,0.8849,3728,-2.436576,38550000.0,2019-07-01,dated
2019/2020,Southampton,65,PAPER,2020-01-31,29,24,5,31,3,34,52,0,3375,775,140.6343416666667,155.02573999999998,11,0.8758,4150,-0.374469,303100000.0,2019-07-01,dated
2019/2020,Burnley,27,PAPER,2020-01-31,29,24,5,30,9,39,54,0,3003,727,125.13404583333335,145.3758,10,0.8852,3730,-0.845463,189250000.0,2019-07-01,dated
2019/2020,Leicester City,42,PAPER,2020-01-31,29,24,5,48,5,53,62,0,3694,1056,153.92160833333332,211.1746,5,0.8573,4750,-0.149599,379530000.0,2019-07-01,dated
2019/2020,Liverpool,8,PAPER,2020-01-31,29,24,5,70,12,82,99,0,5333,1191,222.19290416666664,238.15320000000003,1,0.8114,6523,0.923583,1110000000.0,2019-07-01,dated
2019/2020,Brighton & Hove Albion,78,PAPER,2020-01-31,29,24,5,25,4,29,41,0,5723,1227,238.44770000000003,245.41862,15,0.8036,6950,-0.770657,203950000.0,2019-07-01,dated
2019/2020,Manchester City,9,PAPER,2020-01-31,28,24,4,51,6,57,81,0,6582,893,274.24575000000004,223.26822499999997,2,0.7853,7475,0.976227,1170000000.0,2019-07-01,dated
2019/2020,Norwich City,33,PAPER,2020-01-31,29,24,5,17,4,21,21,0,5261,1015,219.19896249999996,202.97626,20,0.8229,6276,-1.689157,81400000.0,2019-07-01,dated
2019/2020,Everton,13,PAPER,2020-01-31,29,24,5,30,7,37,49,0,5594,1034,233.06385416666663,206.85896000000002,12,0.8076,6628,0.084733,479750000.0,2019-07-01,dated
2019/2020,Chelsea,18,PAPER,2020-01-31,29,24,5,40,8,48,66,0,6305,1655,262.7042666666667,330.92377999999997,4,0.77,7960,0.657468,850650000.0,2019-07-01,dated
2019/2020,Crystal Palace,51,PAPER,2020-01-31,29,24,5,30,9,39,43,0,6330,1089,263.7493333333333,217.79358000000008,14,0.7903,7419,-0.716036,215400000.0,2019-07-01,dated
2019/2020,West Ham United,1,PAPER,2020-01-31,29,24,5,23,4,27,39,0,6370,1181,265.4199166666667,236.20436,16,0.7892,7551,-0.2129,356250000.0,2019-07-01,dated
2019/2020,Manchester United,14,PAPER,2020-01-31,29,24,5,34,11,45,66,0,7727,1678,321.9571416666667,335.61438000000004,3,0.75,9405,0.597454,801100000.0,2019-07-01,dated
2019/2020,Watford,25,PAPER,2020-01-31,29,24,5,23,4,27,34,0,7522,1313,313.4244958333333,262.64302,19,0.7629,8835,-0.636207,233300000.0,2019-07-01,dated
2019/2020,Tottenham Hotspur,6,PAPER,2020-01-31,29,24,5,34,7,41,59,0,8080,1725,336.67210833333337,345.0449,6,0.7455,9805,0.69366,882000000.0,2019-07-01,dated
2019/2020,Arsenal,19,PAPER,2020-01-31,28,24,4,30,10,40,56,0,7554,1426,314.76809999999995,356.50222500000007,8,0.7486,8980,0.279226,582750000.0,2019-07-01,dated
2019/2020,Newcastle United,20,PAPER,2020-01-31,29,24,5,30,5,35,44,0,9293,1953,387.21376250000003,390.6628400000001,13,0.7125,11246,-0.753401,207500000.0,2019-07-01,dated
2019/2020,Aston Villa,15,PAPER,2020-01-31,28,24,4,25,0,25,35,0,9730,1657,405.39850416666667,414.36565,17,0.7047,11387,-1.24829,126500000.0,2019-07-01,dated
2019/2020,AFC Bournemouth,52,PAPER,2020-01-31,29,24,5,23,4,27,34,0,11217,1967,467.3596458333332,393.38646,18,0.6866,13184,-0.373975,303250000.0,2019-07-01,dated
2021/2022,Tottenham Hotspur,6,PAPER,2022-01-31,30,12,18,19,35,54,71,0,1343,3265,111.92813333333334,181.40918333333335,4,0.8636,4609,0.419196,665000000.0,2021-07-01,dated
2021/2022,Crystal Palace,51,PAPER,2022-01-31,30,14,16,16,24,40,48,0,2412,1955,172.31398571428574,122.21743749999999,12,0.8792,4368,-0.878509,181650000.0,2021-07-01,dated
2021/2022,Aston Villa,15,PAPER,2022-01-31,30,13,17,16,19,35,45,0,2976,1979,228.93364615384613,116.39699999999999,14,0.8636,4955,-0.094642,397800000.0,2021-07-01,dated
2021/2022,Manchester City,9,PAPER,2022-01-31,28,13,15,29,36,65,93,0,2092,2220,160.9472923076923,148.0030066666667,1,0.8628,4312,0.931524,1110000000.0,2021-07-01,dated
2021/2022,Brighton & Hove Albion,78,PAPER,2022-01-31,29,13,16,18,21,39,51,0,2725,1926,209.58373846153847,120.37269999999998,9,0.8626,4651,-0.386522,297100000.0,2021-07-01,dated
2021/2022,Wolverhampton Wanderers,29,PAPER,2022-01-31,30,13,17,20,17,37,51,0,2364,2932,181.8348076923077,172.4892176470588,10,0.8508,5296,-0.147418,377350000.0,2021-07-01,dated
2021/2022,West Ham United,1,PAPER,2022-01-31,28,13,15,23,19,42,56,0,1343,3203,103.29769999999999,213.50328000000002,7,0.8662,4545,-0.465457,274550000.0,2021-07-01,dated
2021/2022,Arsenal,19,PAPER,2022-01-31,30,13,17,23,33,56,69,0,3074,3188,236.46086923076922,187.54945882352945,5,0.8221,6262,0.226232,548300000.0,2021-07-01,dated
2021/2022,Burnley,27,PAPER,2022-01-31,32,12,20,9,23,32,35,0,1171,5735,97.60607499999999,286.761795,18,0.8177,6907,-1.205394,131000000.0,2021-07-01,dated
2021/2022,Southampton,65,PAPER,2022-01-31,29,13,16,14,15,29,40,0,2175,3657,167.27142307692307,228.58798124999998,15,0.8298,5832,-0.489231,268100000.00000003,2021-07-01,dated
2021/2022,Liverpool,8,PAPER,2022-01-31,29,13,16,28,44,72,92,0,3478,3020,267.56872307692305,188.75381875,2,0.8218,6498,0.748121,924000000.0,2021-07-01,dated
2021/2022,Brentford,236,PAPER,2022-01-31,28,13,15,16,23,39,46,0,2546,3065,195.87591538461538,204.3072,13,0.8362,5611,-1.102823,145150000.0,2021-07-01,dated
2021/2022,Chelsea,18,PAPER,2022-01-31,27,13,14,30,27,57,74,0,2437,4098,187.45093846153847,292.74267857142866,3,0.8044,6535,0.781644,955500000.0,2021-07-01,dated
2021/2022,Norwich City,33,PAPER,2022-01-31,30,14,16,10,6,16,22,0,2851,4805,203.6404714285714,300.32568125,20,0.801,7656,-1.188364,133250000.0,2021-07-01,dated
2021/2022,Manchester United,14,PAPER,2022-01-31,29,13,16,18,20,38,58,0,3403,4849,261.75663076923075,303.0684125,6,0.7764,8252,0.558697,764550000.0,2021-07-01,dated
2021/2022,Leeds United,71,PAPER,2022-01-31,31,14,17,15,16,31,38,0,3327,4940,237.60870714285716,290.6003941176471,17,0.7843,8267,-0.681072,221300000.0,2021-07-01,dated
2021/2022,Watford,25,PAPER,2022-01-31,31,13,18,13,9,22,23,0,3363,6017,258.7294076923077,334.2927388888889,19,0.7673,9381,-1.359862,112250000.0,2021-07-01,dated
2021/2022,Newcastle United,20,PAPER,2022-01-31,31,14,17,7,34,41,49,0,4354,6697,311.0298214285714,393.93740588235295,11,0.7442,11051,-0.601203,239700000.0,2021-07-01,dated
2021/2022,Leicester City,42,PAPER,2022-01-31,31,13,18,18,26,44,52,0,4709,6093,362.2288153846154,338.49269444444445,8,0.754,10802,0.120527,493300000.0,2021-07-01,dated
2021/2022,Everton,13,PAPER,2022-01-31,31,13,18,15,20,35,39,0,4132,6513,317.8346692307693,361.8064444444444,16,0.7346,10644,0.145748,505900000.0,2021-07-01,dated
2022/2023,Manchester City,9,FINAL,2023-01-31,38,20,18,45,44,89,89,0,2714,1934,135.68491,107.46482777777777,1,0.8888,4648,0.908419,1110000000.0,2022-07-01,dated
2022/2023,Aston Villa,15,FINAL,2023-01-31,38,20,18,28,33,61,61,0,2967,2131,148.346965,118.40594444444443,7,0.8834,5098,0.14454,517100000.0,2022-07-01,dated
2022/2023,West Ham United,1,FINAL,2023-01-31,38,20,18,18,22,40,40,0,2863,2783,143.128885,154.63517222222225,14,0.8722,5646,-0.240065,352000000.0,2022-07-01,dated
2022/2023,Crystal Palace,51,FINAL,2023-01-31,38,20,18,24,21,45,45,0,2845,3134,142.27247500000001,174.11615000000003,11,0.8614,5980,-0.604072,244600000.0,2022-07-01,dated
2022/2023,Arsenal,19,FINAL,2023-01-31,38,19,19,50,34,84,84,0,2810,3624,147.91629473684208,190.74058421052632,2,0.8592,6434,0.370503,648200000.0,2022-07-01,dated
2022/2023,Wolverhampton Wanderers,29,FINAL,2023-01-31,38,20,18,17,24,41,41,0,3884,3372,194.223115,187.36004444444447,13,0.8403,7257,-0.270349,341500000.0,2022-07-01,dated
2022/2023,Fulham,11,FINAL,2023-01-31,38,21,17,31,21,52,52,0,3837,3304,182.7171142857143,194.3431764705882,10,0.8402,7141,-1.312047,120500000.0,2022-07-01,dated
2022/2023,Brighton & Hove Albion,78,FINAL,2023-01-31,38,19,19,31,31,62,62,0,2687,4283,141.39852631578947,225.41085789473686,6,0.8379,6969,-0.396254,301100000.0,2022-07-01,dated
2022/2023,Tottenham Hotspur,6,FINAL,2023-01-31,38,21,17,36,24,60,60,0,3568,4541,169.88764285714288,267.1124882352941,8,0.8258,8109,0.462737,710830000.0,2022-07-01,dated
2022/2023,Newcastle United,20,FINAL,2023-01-31,38,20,18,39,32,71,71,0,4606,3601,230.28305500000002,200.07561111111113,4,0.8219,8207,-0.269763,341700000.0,2022-07-01,dated
2022/2023,Brentford,236,FINAL,2023-01-31,38,20,18,30,29,59,59,0,6043,2655,302.14709000000005,147.5084222222222,9,0.816,8698,-0.602234,245050000.0,2022-07-01,dated
2022/2023,Everton,13,FINAL,2023-01-31,38,20,18,15,21,36,36,0,5554,3752,277.67566,208.4231388888889,17,0.8032,9305,-0.143465,387700000.0,2022-07-01,dated
2022/2023,AFC Bournemouth,52,FINAL,2023-01-31,38,20,18,17,22,39,39,0,4632,5074,231.58854499999998,281.8629722222222,15,0.7968,9705,-1.171744,138650000.0,2022-07-01,dated
2022/2023,Southampton,65,FINAL,2023-01-31,38,20,18,15,10,25,25,0,3439,6808,171.94638500000002,378.23541666666665,20,0.7814,10247,-0.534398,262250000.0,2022-07-01,dated
2022/2023,Leicester City,42,FINAL,2023-01-31,38,20,18,18,16,34,34,0,4819,5464,240.96898500000003,303.5423722222222,18,0.7809,10283,0.138137,513800000.0,2022-07-01,dated
2022/2023,Leeds United,71,FINAL,2023-01-31,38,19,19,18,13,31,31,0,5108,5591,268.82417368421056,294.26366315789477,19,0.7799,10699,-0.253508,347300000.0,2022-07-01,dated
2022/2023,Manchester United,14,FINAL,2023-01-31,38,20,18,39,36,75,75,0,5361,5827,268.05521999999996,323.7200888888889,3,0.7729,11188,0.420306,681300000.0,2022-07-01,dated
2022/2023,Liverpool,8,FINAL,2023-01-31,38,19,19,29,38,67,67,0,5858,5681,308.3297631578947,298.99161578947366,5,0.7625,11539,0.681326,884500000.0,2022-07-01,dated
2022/2023,Nottingham Forest,63,FINAL,2023-01-31,38,20,18,21,17,38,38,0,4220,8841,210.99644499999994,491.1646666666667,16,0.7402,13061,-1.82149,72400000.0,2022-07-01,dated
2022/2023,Chelsea,18,FINAL,2023-01-31,38,20,18,29,15,44,44,0,6161,8617,308.04937,478.71369999999996,12,0.7163,14778,0.488937,729700000.0,2022-07-01,dated
2023/2024,Manchester City,9,FINAL,2024-02-01,38,21,17,46,45,91,91,0,3348,1316,159.42943809523808,77.3864,1,0.8904,4664,0.84469,1150000000.0,2023-07-01,dated
2023/2024,Arsenal,19,FINAL,2024-02-01,38,22,16,46,43,89,89,0,3618,1749,164.47707272727277,109.33603125,2,0.8778,5368,0.753718,1050000000.0,2023-07-01,dated
2023/2024,West Ham United,1,FINAL,2024-02-01,38,21,17,35,17,52,52,0,3343,2496,159.20229523809525,146.82073529411767,9,0.8645,5839,-0.06122,464800000.0,2023-07-01,dated
2023/2024,Everton,13,FINAL,2024-02-01,38,22,16,28,20,48,40,0,4310,1899,195.91055909090912,118.66363125000001,15,0.8589,6209,-0.260421,380850000.0,2023-07-01,dated
2023/2024,Fulham,11,FINAL,2024-02-01,38,22,16,25,22,47,47,0,4538,2547,206.29376818181817,159.17773125,13,0.8481,7085,-0.669437,253000000.0,2023-07-01,dated
2023/2024,Wolverhampton Wanderers,29,FINAL,2024-02-01,38,21,17,29,17,46,46,0,2970,3522,141.4062476190476,207.16495882352942,14,0.8462,6491,-0.150738,425000000.0,2023-07-01,dated
2023/2024,AFC Bournemouth,52,FINAL,2024-02-01,38,20,18,25,23,48,48,0,6128,4703,306.42415,261.28751666666665,12,0.7762,10832,-0.66845,253250000.0,2023-07-01,dated
2023/2024,Crystal Palace,51,FINAL,2024-02-01,38,22,16,24,25,49,49,0,5280,5586,239.99981363636363,349.12666250000007,10,0.7732,10866,-0.479078,306050000.0,2023-07-01,dated
2023/2024,Nottingham Forest,63,FINAL,2024-02-01,38,22,16,20,16,36,32,0,8221,4081,373.69573636363634,255.08760625000002,17,0.7533,12303,-0.446515,316180000.0,2023-07-01,dated
2023/2024,Tottenham Hotspur,6,FINAL,2024-02-01,38,22,16,43,23,66,66,0,9245,3162,420.21875,197.63354375,5,0.753,12407,0.202897,605300000.0,2023-07-01,dated
2023/2024,Burnley,27,FINAL,2024-02-01,38,22,16,12,12,24,24,0,7692,5767,349.6424272727273,360.4630937499999,19,0.7364,13460,-1.32306,131600000.0,2023-07-01,dated
2023/2024,Liverpool,8,FINAL,2024-02-01,38,22,16,51,31,82,82,0,6720,6746,305.44268636363637,421.62278749999996,3,0.7338,13466,0.475892,795300000.0,2023-07-01,dated
2023/2024,Aston Villa,15,FINAL,2024-02-01,38,22,16,43,25,68,68,0,6818,6854,309.9300636363636,428.38173749999993,4,0.7286,13673,-0.022603,483100000.0,2023-07-01,dated
2023/2024,Brighton & Hove Albion,78,FINAL,2024-02-01,38,22,16,32,16,48,48,0,7065,7191,321.12384545454546,449.46400000000006,11,0.712,14256,-0.017854,485400000.0,2023-07-01,dated
2023/2024,Newcastle United,20,FINAL,2024-02-01,38,22,16,32,28,60,60,0,7635,7736,347.0252045454545,483.46948124999994,7,0.7034,15370,0.082612,536700000.00000006,2023-07-01,dated
2023/2024,Sheffield United,21,FINAL,2024-02-01,38,22,16,10,6,16,16,0,9031,6957,410.48834999999997,434.80161250000003,20,0.6972,15988,-1.623488,97450000.0,2023-07-01,dated
2023/2024,Manchester United,14,FINAL,2024-02-01,38,21,17,32,28,60,60,0,8868,6765,422.30329047619045,397.96975294117647,8,0.6942,15634,0.474005,793800000.0,2023-07-01,dated
2023/2024,Luton Town,115,FINAL,2024-02-01,38,21,17,19,7,26,26,0,7015,8914,334.0585380952381,524.3246764705882,18,0.6911,15929,-2.661868,34500000.0,2023-07-01,dated
2023/2024,Brentford,236,FINAL,2024-02-01,38,21,17,22,17,39,39,0,9313,7528,443.4877571428571,442.84051764705885,16,0.6816,16842,-0.349476,348400000.0,2023-07-01,dated
2023/2024,Chelsea,18,FINAL,2024-02-01,38,22,16,31,32,63,63,0,9441,7760,429.11894545454544,484.9888125,6,0.6712,17200,0.676735,972200000.0,2023-07-01,dated
2024/2025,Nottingham Forest,63,FINAL,2025-02-03,38,24,14,47,18,65,65,0,4009,1085,167.03330416666665,77.51997857142858,7,0.885,5094,-0.402758,390350000.0,2024-07-01,dated
2024/2025,Liverpool,8,FINAL,2025-02-03,38,23,15,56,28,84,84,0,3252,1697,141.41030434782607,113.16250666666666,1,0.8838,4950,0.490757,953900000.0,2024-07-01,dated
2024/2025,Crystal Palace,51,FINAL,2025-02-03,38,24,14,30,23,53,53,0,4206,1606,175.26694583333332,114.70458571428571,12,0.8685,5812,-0.275781,443200000.0,2024-07-01,dated
2024/2025,Aston Villa,15,FINAL,2025-02-03,38,24,14,37,29,66,66,0,4098,2645,170.75069166666665,188.96060714285713,6,0.852,6743,0.116512,656100000.0,2024-07-01,dated
2024/2025,Fulham,11,FINAL,2025-02-03,38,24,14,36,18,54,54,0,3527,3018,146.97763333333333,215.54000714285712,11,0.8506,6545,-0.569195,330500000.0,2024-07-01,dated
2024/2025,West Ham United,1,FINAL,2025-02-03,38,23,15,27,16,43,43,0,3493,3344,151.88156086956522,222.95435999999998,14,0.8473,6838,-0.265902,447600000.0,2024-07-01,dated
2024/2025,Brentford,236,FINAL,2025-02-03,38,24,14,31,25,56,56,0,5563,2183,231.80049166666666,155.96358571428573,10,0.8293,7747,-0.287857,437880000.0,2024-07-01,dated
2024/2025,AFC Bournemouth,52,FINAL,2025-02-03,38,24,14,40,16,56,56,0,5043,3036,210.12132916666667,216.88057857142857,9,0.8195,8079,-0.47416,363450000.0,2024-07-01,dated
2024/2025,Wolverhampton Wanderers,29,FINAL,2025-02-03,38,24,14,19,23,42,42,0,5644,3063,235.15542083333332,218.75382857142858,16,0.8133,8706,-0.367694,404280000.0,2024-07-01,dated
2024/2025,Newcastle United,20,FINAL,2025-02-03,38,24,14,41,25,66,66,0,6490,3182,270.4374291666667,227.30708571428573,5,0.8018,9673,0.065627,623550000.0,2024-07-01,dated
2024/2025,Chelsea,18,FINAL,2025-02-03,38,23,15,40,29,69,69,0,6058,3710,263.4114739130435,247.32906666666665,4,0.7966,9768,0.624131,1090000000.0,2024-07-01,dated
2024/2025,Manchester City,9,FINAL,2025-02-03,38,24,14,41,30,71,71,0,5481,4078,228.36722916666665,291.2851142857143,3,0.7954,9559,0.881543,1410000000.0,2024-07-01,dated
2024/2025,Leicester City,42,FINAL,2025-02-03,38,24,14,17,8,25,25,0,5226,4076,217.76537500000003,291.1644928571429,18,0.7953,9303,-1.002425,214300000.0,2024-07-01,dated
2024/2025,Everton,13,FINAL,2025-02-03,38,23,15,26,22,48,48,0,4896,4743,212.8581956521739,316.1986866666667,13,0.7941,9639,-0.51645,348400000.0,2024-07-01,dated
2024/2025,Arsenal,19,FINAL,2025-02-03,38,24,14,50,24,74,74,0,5826,4592,242.737225,328.02495,2,0.7748,10418,0.677716,1150000000.0,2024-07-01,dated
2024/2025,Manchester United,14,FINAL,2025-02-03,38,24,14,29,13,42,42,0,5533,5948,230.53057083333337,424.84355,15,0.7615,11481,0.297982,786650000.0,2024-07-01,dated
2024/2025,Ipswich Town,116,FINAL,2025-02-03,38,24,14,16,6,22,22,0,7056,5283,293.99555000000004,377.37814285714285,19,0.7515,12339,-2.50006,47930000.0,2024-07-01,dated
2024/2025,Southampton,65,FINAL,2025-02-03,38,24,14,9,3,12,12,0,9195,4063,383.11968333333334,290.20432857142856,20,0.7338,13258,-1.070485,200200000.0,2024-07-01,dated
2024/2025,Brighton & Hove Albion,78,FINAL,2025-02-03,38,24,14,34,27,61,61,0,8863,5197,369.27695833333337,371.19051428571436,8,0.7269,14059,-0.06307,548250000.0,2024-07-01,dated
2024/2025,Tottenham Hotspur,6,FINAL,2025-02-03,38,24,14,27,11,38,38,0,9001,5630,375.0601166666667,402.11681428571427,17,0.7198,14631,0.354391,832300000.0,2024-07-01,dated
2025/2026,Brentford,236,FINAL,2026-02-02,38,24,14,36,17,53,53,0,2133,2338,88.8805625,167.00397142857145,9,0.8895,4471,-0.321447,438080000.0,2025-07-01,dated
2025/2026,Leeds United,71,FINAL,2026-02-02,38,24,14,26,21,47,47,0,3621,2316,150.86870000000002,165.40744285714285,14,0.8663,5937,-0.932628,237750000.0,2025-07-01,dated
2025/2026,Wolverhampton Wanderers,29,FINAL,2026-02-02,38,24,14,8,12,20,20,0,4145,1570,172.71197916666668,112.1725,20,0.8642,5716,-0.656687,313300000.0,2025-07-01,dated
2025/2026,West Ham United,1,FINAL,2026-02-02,38,24,14,20,19,39,39,0,5031,1141,209.6069458333333,81.48102142857144,18,0.8577,6171,-0.486299,371500000.0,2025-07-01,dated
2025/2026,AFC Bournemouth,52,FINAL,2026-02-02,38,24,14,33,24,57,57,0,3933,2375,163.8740041666667,169.61571428571432,6,0.8519,6308,-0.360859,421150000.0,2025-07-01,dated
2025/2026,Crystal Palace,51,FINAL,2026-02-02,38,24,14,29,16,45,45,0,4640,2468,193.34420416666663,176.26345,15,0.8421,7108,-0.275452,458700000.0,2025-07-01,dated
2025/2026,Liverpool,8,FINAL,2026-02-02,38,24,14,39,21,60,60,0,3485,3378,145.22097083333335,241.30468571428568,5,0.8418,6864,0.634935,1140000000.0,2025-07-01,dated
2025/2026,Fulham,11,FINAL,2026-02-02,38,24,14,34,18,52,52,0,4840,2490,201.64827083333333,177.85024999999996,11,0.8378,7329,-0.598412,332100000.0,2025-07-01,dated
2025/2026,Everton,13,FINAL,2026-02-02,38,24,14,34,15,49,49,0,5589,2533,232.87515416666665,180.92165714285716,13,0.821,8122,-0.827142,264200000.0,2025-07-01,dated
2025/2026,Arsenal,19,FINAL,2026-02-02,38,24,14,53,32,85,85,0,5768,2880,240.34416250000004,205.68258571428572,1,0.8177,8648,0.617236,1120000000.0,2025-07-01,dated
2025/2026,Aston Villa,15,FINAL,2026-02-02,38,24,14,46,19,65,65,0,4539,3775,189.130625,269.63611428571426,4,0.8147,8314,-0.051567,573800000.0,2025-07-01,dated
2025/2026,Brighton & Hove Albion,78,FINAL,2026-02-02,38,24,14,31,22,53,53,0,6238,3120,259.92997083333336,222.86382857142857,8,0.8016,9358,0.19874,737000000.0,2025-07-01,dated
2025/2026,Newcastle United,20,FINAL,2026-02-02,38,24,14,33,16,49,49,0,5796,3918,241.49870416666667,279.89070714285714,12,0.7964,9714,0.074708,651030000.0,2025-07-01,dated
2025/2026,Manchester City,9,FINAL,2026-02-02,38,24,14,47,31,78,78,0,6397,3246,266.54232916666666,231.8744714285714,2,0.7948,9643,0.789086,1330000000.0,2025-07-01,dated
2025/2026,Manchester United,14,FINAL,2026-02-02,38,24,14,41,30,71,71,0,5985,3791,249.37463333333332,270.7567142857143,3,0.7923,9776,0.303014,818000000.0,2025-07-01,dated
2025/2026,Nottingham Forest,63,FINAL,2026-02-02,38,24,14,26,18,44,44,0,6181,4292,257.54058333333336,306.57777142857145,16,0.7821,10473,-0.250371,470350000.0,2025-07-01,dated
2025/2026,Chelsea,18,FINAL,2026-02-02,38,24,14,40,12,52,52,0,6533,4070,272.2102875,290.6838071428571,10,0.7767,10603,0.702758,1220000000.0,2025-07-01,dated
2025/2026,Sunderland,3,FINAL,2026-02-02,38,23,15,33,21,54,54,0,7577,3493,329.43343913043475,232.8622,7,0.776,11070,-1.381614,151750000.0,2025-07-01,dated
2025/2026,Burnley,27,FINAL,2026-02-02,38,23,15,15,7,22,22,0,6379,5299,277.34148695652175,353.2851,19,0.7601,11678,-0.967074,229700000.0,2025-07-01,dated
2025/2026,Tottenham Hotspur,6,FINAL,2026-02-02,38,24,14,29,12,41,41,0,9389,7276,391.19992083333335,519.6793714285715,17,0.6915,16664,0.28687,804900000.0,2025-07-01,dated
