season,label,model,n,coef,se_hc3,p,r2
2018/2019,PAPER,b,20,-0.021949805411610276,0.015826346825349887,0.16546753680706494,0.5167720882113989
2018/2019,PAPER,c,20,-0.014442853829965054,0.017817802191268717,0.41760369073010806,0.5669218207086313
2019/2020,PAPER,b,20,-0.01323072468397104,0.007955032421586588,0.09627455184385589,0.2600586534047892
2019/2020,PAPER,c,20,-0.00904783369169207,0.009162949087930548,0.32342852101915887,0.3177631783524748
2021/2022,PAPER,b,20,-0.005710050653119733,0.027237079208570103,0.8339466699036805,0.4178976651330977
2021/2022,PAPER,c,20,-0.005357080138931367,0.031879976389094566,0.8665525783196433,0.4179291207838005
2022/2023,FINAL,b,20,-0.027496005944751472,0.038167354048625424,0.47127481361604406,0.2909182587637451
2022/2023,FINAL,c,20,-0.005271470122393346,0.03286268742627537,0.87255891734536,0.5820664784209071
2023/2024,FINAL,b,20,-0.0163835786349159,0.017077549491233742,0.33737562704480095,0.7064118995180733
2023/2024,FINAL,c,20,-0.011330925514417299,0.01781925919767133,0.5248540914860049,0.7339102619647169
2024/2025,FINAL,b,20,-0.02796434385490297,0.029425714630785874,0.3419410702928667,0.5409080209164375
2024/2025,FINAL,c,20,-0.014900354178813219,0.029516604962027054,0.6136904631542304,0.5867112236111334
2025/2026,FINAL,b,20,-0.013554505410824244,0.031198108519582747,0.6639503588389286,0.18700873830534948
2025/2026,FINAL,c,20,-0.010710691995652635,0.020731256539434147,0.6054042671689099,0.4588298595531807
