season,club,label,NETavailability,c,sd_units,tail
2025/2026,Tottenham Hotspur,FINAL,0.6915,-0.1223099999999999,-2.3560288720300306,negative
2019/2020,AFC Bournemouth,PAPER,0.696,-0.10228,-1.9701956751797214,negative
2022/2023,Chelsea,FINAL,0.7163,-0.0977549999999999,-1.8830316604144843,negative
2023/2024,Chelsea,FINAL,0.6712,-0.093345,-1.7980828637040585,negative
2019/2020,Aston Villa,PAPER,0.709,-0.08928,-1.7197797211580517,negative
2018/2019,Wolverhampton Wanderers,PAPER,0.9358,0.149505,2.8798797850776716,positive
2023/2024,Manchester City,FINAL,0.8903,0.1257549999999999,2.422389099845773,positive
2019/2020,Wolverhampton Wanderers,PAPER,0.9163,0.11802,2.2733916072028815,positive
2023/2024,Arsenal,FINAL,0.8778,0.113255,2.1816045286710923,positive
2023/2024,West Ham United,FINAL,0.8645,0.099955,1.9254097449412306,positive
