season,club,team_id,finish,points,NETavailability,NETabsence,NETavailability_rank,label,club_table_file,standings_season_id,games,tm_id,squad_value_eur,squad_value_text,value_date,value_flag,value_source,log_value_rel
2018/2019,Wolverhampton Wanderers,29,7,57,0.9358,2593,1,PAPER,2018-2019/club_table_2018-2019_on.csv,12962,38,543,127800000.0,€127.80m,2018-07-01,dated,TM GB2 marktwerteverein stichtag=2018-07-01,-1.072268
2018/2019,Chelsea,18,3,72,0.8574,6222,2,PAPER,2018-2019/club_table_2018-2019_on.csv,12962,38,631,882750000.0,€882.75m,2018-07-01,dated,TM GB1 marktwerteverein stichtag=2018-07-01,0.860307
2018/2019,Crystal Palace,51,12,49,0.8486,6748,3,PAPER,2018-2019/club_table_2018-2019_on.csv,12962,38,873,176330000.0,€176.33m,2018-07-01,dated,TM GB1 marktwerteverein stichtag=2018-07-01,-0.750377
2018/2019,Liverpool,8,2,97,0.8199,8181,4,PAPER,2018-2019/club_table_2018-2019_on.csv,12962,38,31,835000000.0,€835.00m,2018-07-01,dated,TM GB1 marktwerteverein stichtag=2018-07-01,0.804697
2018/2019,Everton,13,8,54,0.8099,8859,5,PAPER,2018-2019/club_table_2018-2019_on.csv,12962,38,29,356500000.0,€356.50m,2018-07-01,dated,TM GB1 marktwerteverein stichtag=2018-07-01,-0.0464
2018/2019,Fulham,11,19,26,0.8,9349,6,PAPER,2018-2019/club_table_2018-2019_on.csv,12962,38,931,80250000.0,€80.25m,2018-07-01,dated,TM GB1 marktwerteverein stichtag=2018-07-01,-1.537588
2018/2019,Southampton,65,16,39,0.7958,9171,7,PAPER,2018-2019/club_table_2018-2019_on.csv,12962,38,180,246500000.0,€246.50m,2018-07-01,dated,TM GB2 marktwerteverein stichtag=2018-07-01,-0.415373
2018/2019,Huddersfield Town,251,20,16,0.7872,9993,8,PAPER,2018-2019/club_table_2018-2019_on.csv,12962,38,1110,111950000.0,€111.95m,2018-07-01,dated,TM GB3 marktwerteverein stichtag=2018-07-01,-1.204682
2018/2019,Cardiff City,69,18,34,0.7832,10534,9,PAPER,2018-2019/club_table_2018-2019_on.csv,12962,38,603,57050000.0,€57.05m,2018-07-01,dated,TM GB2 marktwerteverein stichtag=2018-07-01,-1.878807
2018/2019,Manchester City,9,1,98,0.7814,10653,10,PAPER,2018-2019/club_table_2018-2019_on.csv,12962,38,281,1020000000.0,€1.02bn,2018-07-01,dated,TM GB1 marktwerteverein stichtag=2018-07-01,1.004823
2018/2019,Brighton & Hove Albion,78,17,36,0.7803,10580,11,PAPER,2018-2019/club_table_2018-2019_on.csv,12962,38,1237,138100000.0,€138.10m,2018-07-01,dated,TM GB1 marktwerteverein stichtag=2018-07-01,-0.994757
2018/2019,AFC Bournemouth,52,14,45,0.7701,11076,12,PAPER,2018-2019/club_table_2018-2019_on.csv,12962,38,989,133500000.0,€133.50m,2018-07-01,dated,TM GB1 marktwerteverein stichtag=2018-07-01,-1.028633
2018/2019,Burnley,27,15,40,0.7577,12171,13,PAPER,2018-2019/club_table_2018-2019_on.csv,12962,38,1132,156750000.0,€156.75m,2018-07-01,dated,TM GB2 marktwerteverein stichtag=2018-07-01,-0.868082
2018/2019,Newcastle United,20,13,45,0.7567,12180,14,PAPER,2018-2019/club_table_2018-2019_on.csv,12962,38,762,183700000.0,€183.70m,2018-07-01,dated,TM GB1 marktwerteverein stichtag=2018-07-01,-0.709431
2018/2019,Tottenham Hotspur,6,4,71,0.7535,11794,15,PAPER,2018-2019/club_table_2018-2019_on.csv,12962,38,148,819500000.0,€819.50m,2018-07-01,dated,TM GB1 marktwerteverein stichtag=2018-07-01,0.78596
2018/2019,Watford,25,11,50,0.7476,12738,16,PAPER,2018-2019/club_table_2018-2019_on.csv,12962,38,1010,186000000.0,€186.00m,2018-07-01,dated,TM GB2 marktwerteverein stichtag=2018-07-01,-0.696988
2018/2019,Arsenal,19,5,70,0.7455,12723,17,PAPER,2018-2019/club_table_2018-2019_on.csv,12962,38,11,535450000.00000006,€535.45m,2018-07-01,dated,TM GB1 marktwerteverein stichtag=2018-07-01,0.360373
2018/2019,Manchester United,14,6,66,0.7444,12624,18,PAPER,2018-2019/club_table_2018-2019_on.csv,12962,38,985,852500000.0,€852.50m,2018-07-01,dated,TM GB1 marktwerteverein stichtag=2018-07-01,0.825439
2018/2019,Leicester City,42,9,52,0.7358,13542,19,PAPER,2018-2019/club_table_2018-2019_on.csv,12962,38,1003,338500000.0,€338.50m,2018-07-01,dated,TM GB3 marktwerteverein stichtag=2018-07-01,-0.09821
2018/2019,West Ham United,1,10,52,0.715,14622,20,PAPER,2018-2019/club_table_2018-2019_on.csv,12962,38,379,230500000.0,€230.50m,2018-07-01,dated,TM GB2 marktwerteverein stichtag=2018-07-01,-0.482484
2019/2020,Wolverhampton Wanderers,29,7,59,0.8948,3409,1,PAPER,2019-2020/club_table_2019-2020_on.csv,16036,29,543,301250000.0,€301.25m,2019-07-01,dated,TM GB2 marktwerteverein stichtag=2019-07-01,-0.380592
2019/2020,Sheffield United,21,9,54,0.8849,3728,3,PAPER,2019-2020/club_table_2019-2020_on.csv,16036,28,350,38550000.0,€38.55m,2019-07-01,dated,TM GB2 marktwerteverein stichtag=2019-07-01,-2.436576
2019/2020,Southampton,65,11,52,0.8758,4150,4,PAPER,2019-2020/club_table_2019-2020_on.csv,16036,29,180,303100000.0,€303.10m,2019-07-01,dated,TM GB2 marktwerteverein stichtag=2019-07-01,-0.374469
2019/2020,Burnley,27,10,54,0.8852,3730,2,PAPER,2019-2020/club_table_2019-2020_on.csv,16036,29,1132,189250000.0,€189.25m,2019-07-01,dated,TM GB2 marktwerteverein stichtag=2019-07-01,-0.845463
2019/2020,Leicester City,42,5,62,0.8573,4750,5,PAPER,2019-2020/club_table_2019-2020_on.csv,16036,29,1003,379530000.0,€379.53m,2019-07-01,dated,TM GB3 marktwerteverein stichtag=2019-07-01,-0.149599
2019/2020,Liverpool,8,1,99,0.8114,6523,7,PAPER,2019-2020/club_table_2019-2020_on.csv,16036,29,31,1110000000.0,€1.11bn,2019-07-01,dated,TM GB1 marktwerteverein stichtag=2019-07-01,0.923583
2019/2020,Brighton & Hove Albion,78,15,41,0.8036,6950,9,PAPER,2019-2020/club_table_2019-2020_on.csv,16036,29,1237,203950000.0,€203.95m,2019-07-01,dated,TM GB1 marktwerteverein stichtag=2019-07-01,-0.770657
2019/2020,Manchester City,9,2,81,0.7853,7475,12,PAPER,2019-2020/club_table_2019-2020_on.csv,16036,28,281,1170000000.0,€1.17bn,2019-07-01,dated,TM GB1 marktwerteverein stichtag=2019-07-01,0.976227
2019/2020,Norwich City,33,20,21,0.8229,6276,6,PAPER,2019-2020/club_table_2019-2020_on.csv,16036,29,1123,81400000.0,€81.40m,2019-07-01,dated,TM GB2 marktwerteverein stichtag=2019-07-01,-1.689157
2019/2020,Everton,13,12,49,0.8076,6628,8,PAPER,2019-2020/club_table_2019-2020_on.csv,16036,29,29,479750000.0,€479.75m,2019-07-01,dated,TM GB1 marktwerteverein stichtag=2019-07-01,0.084733
2019/2020,Chelsea,18,4,66,0.77,7960,13,PAPER,2019-2020/club_table_2019-2020_on.csv,16036,29,631,850650000.0,€850.65m,2019-07-01,dated,TM GB1 marktwerteverein stichtag=2019-07-01,0.657468
2019/2020,Crystal Palace,51,14,43,0.7903,7419,10,PAPER,2019-2020/club_table_2019-2020_on.csv,16036,29,873,215400000.0,€215.40m,2019-07-01,dated,TM GB1 marktwerteverein stichtag=2019-07-01,-0.716036
2019/2020,West Ham United,1,16,39,0.7892,7551,11,PAPER,2019-2020/club_table_2019-2020_on.csv,16036,29,379,356250000.0,€356.25m,2019-07-01,dated,TM GB2 marktwerteverein stichtag=2019-07-01,-0.2129
2019/2020,Manchester United,14,3,66,0.75,9405,15,PAPER,2019-2020/club_table_2019-2020_on.csv,16036,29,985,801100000.0,€801.10m,2019-07-01,dated,TM GB1 marktwerteverein stichtag=2019-07-01,0.597454
2019/2020,Watford,25,19,34,0.7629,8835,14,PAPER,2019-2020/club_table_2019-2020_on.csv,16036,29,1010,233300000.0,€233.30m,2019-07-01,dated,TM GB2 marktwerteverein stichtag=2019-07-01,-0.636207
2019/2020,Tottenham Hotspur,6,6,59,0.7455,9805,17,PAPER,2019-2020/club_table_2019-2020_on.csv,16036,29,148,882000000.0,€882.00m,2019-07-01,dated,TM GB1 marktwerteverein stichtag=2019-07-01,0.69366
2019/2020,Arsenal,19,8,56,0.7486,8980,16,PAPER,2019-2020/club_table_2019-2020_on.csv,16036,28,11,582750000.0,€582.75m,2019-07-01,dated,TM GB1 marktwerteverein stichtag=2019-07-01,0.279226
2019/2020,Newcastle United,20,13,44,0.7125,11246,18,PAPER,2019-2020/club_table_2019-2020_on.csv,16036,29,762,207500000.0,€207.50m,2019-07-01,dated,TM GB1 marktwerteverein stichtag=2019-07-01,-0.753401
2019/2020,Aston Villa,15,17,35,0.7047,11387,19,PAPER,2019-2020/club_table_2019-2020_on.csv,16036,28,405,126500000.0,€126.50m,2019-07-01,dated,TM GB1 marktwerteverein stichtag=2019-07-01,-1.24829
2019/2020,AFC Bournemouth,52,18,34,0.6866,13184,20,PAPER,2019-2020/club_table_2019-2020_on.csv,16036,29,989,303250000.0,€303.25m,2019-07-01,dated,TM GB1 marktwerteverein stichtag=2019-07-01,-0.373975
2021/2022,Tottenham Hotspur,6,4,71,0.8636,4609,3,PAPER,2021-2022/club_table_2021-2022_on.csv,18378,30,148,665000000.0,€665.00m,2021-07-01,dated,TM GB1 marktwerteverein stichtag=2021-07-01,0.419196
2021/2022,Crystal Palace,51,12,48,0.8792,4368,1,PAPER,2021-2022/club_table_2021-2022_on.csv,18378,30,873,181650000.0,€181.65m,2021-07-01,dated,TM GB1 marktwerteverein stichtag=2021-07-01,-0.878509
2021/2022,Aston Villa,15,14,45,0.8636,4955,4,PAPER,2021-2022/club_table_2021-2022_on.csv,18378,30,405,397800000.0,€397.80m,2021-07-01,dated,TM GB1 marktwerteverein stichtag=2021-07-01,-0.094642
2021/2022,Manchester City,9,1,93,0.8628,4312,5,PAPER,2021-2022/club_table_2021-2022_on.csv,18378,28,281,1110000000.0,€1.11bn,2021-07-01,dated,TM GB1 marktwerteverein stichtag=2021-07-01,0.931524
2021/2022,Brighton & Hove Albion,78,9,51,0.8626,4651,6,PAPER,2021-2022/club_table_2021-2022_on.csv,18378,29,1237,297100000.0,€297.10m,2021-07-01,dated,TM GB1 marktwerteverein stichtag=2021-07-01,-0.386522
2021/2022,Wolverhampton Wanderers,29,10,51,0.8508,5296,7,PAPER,2021-2022/club_table_2021-2022_on.csv,18378,30,543,377350000.0,€377.35m,2021-07-01,dated,TM GB2 marktwerteverein stichtag=2021-07-01,-0.147418
2021/2022,West Ham United,1,7,56,0.8662,4545,2,PAPER,2021-2022/club_table_2021-2022_on.csv,18378,28,379,274550000.0,€274.55m,2021-07-01,dated,TM GB2 marktwerteverein stichtag=2021-07-01,-0.465457
2021/2022,Arsenal,19,5,69,0.8221,6262,10,PAPER,2021-2022/club_table_2021-2022_on.csv,18378,30,11,548300000.0,€548.30m,2021-07-01,dated,TM GB1 marktwerteverein stichtag=2021-07-01,0.226232
2021/2022,Burnley,27,18,35,0.8177,6907,12,PAPER,2021-2022/club_table_2021-2022_on.csv,18378,32,1132,131000000.0,€131.00m,2021-07-01,dated,TM GB2 marktwerteverein stichtag=2021-07-01,-1.205394
2021/2022,Southampton,65,15,40,0.8298,5832,9,PAPER,2021-2022/club_table_2021-2022_on.csv,18378,29,180,268100000.00000003,€268.10m,2021-07-01,dated,TM GB2 marktwerteverein stichtag=2021-07-01,-0.489231
2021/2022,Liverpool,8,2,92,0.8218,6498,11,PAPER,2021-2022/club_table_2021-2022_on.csv,18378,29,31,924000000.0,€924.00m,2021-07-01,dated,TM GB1 marktwerteverein stichtag=2021-07-01,0.748121
2021/2022,Brentford,236,13,46,0.8362,5611,8,PAPER,2021-2022/club_table_2021-2022_on.csv,18378,28,1148,145150000.0,€145.15m,2021-07-01,dated,TM GB1 marktwerteverein stichtag=2021-07-01,-1.102823
2021/2022,Chelsea,18,3,74,0.8044,6535,13,PAPER,2021-2022/club_table_2021-2022_on.csv,18378,27,631,955500000.0,€955.50m,2021-07-01,dated,TM GB1 marktwerteverein stichtag=2021-07-01,0.781644
2021/2022,Norwich City,33,20,22,0.801,7656,14,PAPER,2021-2022/club_table_2021-2022_on.csv,18378,30,1123,133250000.0,€133.25m,2021-07-01,dated,TM GB2 marktwerteverein stichtag=2021-07-01,-1.188364
2021/2022,Manchester United,14,6,58,0.7764,8252,16,PAPER,2021-2022/club_table_2021-2022_on.csv,18378,29,985,764550000.0,€764.55m,2021-07-01,dated,TM GB1 marktwerteverein stichtag=2021-07-01,0.558697
2021/2022,Leeds United,71,17,38,0.7843,8267,15,PAPER,2021-2022/club_table_2021-2022_on.csv,18378,31,399,221300000.0,€221.30m,2021-07-01,dated,TM GB1 marktwerteverein stichtag=2021-07-01,-0.681072
2021/2022,Watford,25,19,23,0.7673,9381,17,PAPER,2021-2022/club_table_2021-2022_on.csv,18378,31,1010,112250000.0,€112.25m,2021-07-01,dated,TM GB2 marktwerteverein stichtag=2021-07-01,-1.359862
2021/2022,Newcastle United,20,11,49,0.7442,11051,19,PAPER,2021-2022/club_table_2021-2022_on.csv,18378,31,762,239700000.0,€239.70m,2021-07-01,dated,TM GB1 marktwerteverein stichtag=2021-07-01,-0.601203
2021/2022,Leicester City,42,8,52,0.754,10802,18,PAPER,2021-2022/club_table_2021-2022_on.csv,18378,31,1003,493300000.0,€493.30m,2021-07-01,dated,TM GB3 marktwerteverein stichtag=2021-07-01,0.120527
2021/2022,Everton,13,16,39,0.7346,10644,20,PAPER,2021-2022/club_table_2021-2022_on.csv,18378,31,29,505900000.0,€505.90m,2021-07-01,dated,TM GB1 marktwerteverein stichtag=2021-07-01,0.145748
2022/2023,Manchester City,9,1,89,0.8888,4648,1,FINAL,2022-2023/club_table_2022-2023_on.csv,19734,38,281,1110000000.0,€1.11bn,2022-07-01,dated,TM GB1 marktwerteverein stichtag=2022-07-01,0.908419
2022/2023,Aston Villa,15,7,61,0.8834,5098,2,FINAL,2022-2023/club_table_2022-2023_on.csv,19734,38,405,517100000.0,€517.10m,2022-07-01,dated,TM GB1 marktwerteverein stichtag=2022-07-01,0.14454
2022/2023,West Ham United,1,14,40,0.8722,5646,3,FINAL,2022-2023/club_table_2022-2023_on.csv,19734,38,379,352000000.0,€352.00m,2022-07-01,dated,TM GB2 marktwerteverein stichtag=2022-07-01,-0.240065
2022/2023,Crystal Palace,51,11,45,0.8614,5980,4,FINAL,2022-2023/club_table_2022-2023_on.csv,19734,38,873,244600000.0,€244.60m,2022-07-01,dated,TM GB1 marktwerteverein stichtag=2022-07-01,-0.604072
2022/2023,Arsenal,19,2,84,0.8592,6434,5,FINAL,2022-2023/club_table_2022-2023_on.csv,19734,38,11,648200000.0,€648.20m,2022-07-01,dated,TM GB1 marktwerteverein stichtag=2022-07-01,0.370503
2022/2023,Wolverhampton Wanderers,29,13,41,0.8403,7257,6,FINAL,2022-2023/club_table_2022-2023_on.csv,19734,38,543,341500000.0,€341.50m,2022-07-01,dated,TM GB2 marktwerteverein stichtag=2022-07-01,-0.270349
2022/2023,Fulham,11,10,52,0.8402,7141,7,FINAL,2022-2023/club_table_2022-2023_on.csv,19734,38,931,120500000.0,€120.50m,2022-07-01,dated,TM GB1 marktwerteverein stichtag=2022-07-01,-1.312047
2022/2023,Brighton & Hove Albion,78,6,62,0.8379,6969,8,FINAL,2022-2023/club_table_2022-2023_on.csv,19734,38,1237,301100000.0,€301.10m,2022-07-01,dated,TM GB1 marktwerteverein stichtag=2022-07-01,-0.396254
2022/2023,Tottenham Hotspur,6,8,60,0.8258,8109,9,FINAL,2022-2023/club_table_2022-2023_on.csv,19734,38,148,710830000.0,€710.83m,2022-07-01,dated,TM GB1 marktwerteverein stichtag=2022-07-01,0.462737
2022/2023,Newcastle United,20,4,71,0.8219,8207,10,FINAL,2022-2023/club_table_2022-2023_on.csv,19734,38,762,341700000.0,€341.70m,2022-07-01,dated,TM GB1 marktwerteverein stichtag=2022-07-01,-0.269763
2022/2023,Brentford,236,9,59,0.816,8698,11,FINAL,2022-2023/club_table_2022-2023_on.csv,19734,38,1148,245050000.0,€245.05m,2022-07-01,dated,TM GB1 marktwerteverein stichtag=2022-07-01,-0.602234
2022/2023,Everton,13,17,36,0.8032,9305,12,FINAL,2022-2023/club_table_2022-2023_on.csv,19734,38,29,387700000.0,€387.70m,2022-07-01,dated,TM GB1 marktwerteverein stichtag=2022-07-01,-0.143465
2022/2023,AFC Bournemouth,52,15,39,0.7968,9705,13,FINAL,2022-2023/club_table_2022-2023_on.csv,19734,38,989,138650000.0,€138.65m,2022-07-01,dated,TM GB1 marktwerteverein stichtag=2022-07-01,-1.171744
2022/2023,Southampton,65,20,25,0.7814,10247,14,FINAL,2022-2023/club_table_2022-2023_on.csv,19734,38,180,262250000.0,€262.25m,2022-07-01,dated,TM GB2 marktwerteverein stichtag=2022-07-01,-0.534398
2022/2023,Leicester City,42,18,34,0.7809,10283,15,FINAL,2022-2023/club_table_2022-2023_on.csv,19734,38,1003,513800000.0,€513.80m,2022-07-01,dated,TM GB3 marktwerteverein stichtag=2022-07-01,0.138137
2022/2023,Leeds United,71,19,31,0.7799,10699,16,FINAL,2022-2023/club_table_2022-2023_on.csv,19734,38,399,347300000.0,€347.30m,2022-07-01,dated,TM GB1 marktwerteverein stichtag=2022-07-01,-0.253508
2022/2023,Manchester United,14,3,75,0.7729,11188,17,FINAL,2022-2023/club_table_2022-2023_on.csv,19734,38,985,681300000.0,€681.30m,2022-07-01,dated,TM GB1 marktwerteverein stichtag=2022-07-01,0.420306
2022/2023,Liverpool,8,5,67,0.7625,11539,18,FINAL,2022-2023/club_table_2022-2023_on.csv,19734,38,31,884500000.0,€884.50m,2022-07-01,dated,TM GB1 marktwerteverein stichtag=2022-07-01,0.681326
2022/2023,Nottingham Forest,63,16,38,0.7402,13061,19,FINAL,2022-2023/club_table_2022-2023_on.csv,19734,38,703,72400000.0,€72.40m,2022-07-01,dated,TM GB1 marktwerteverein stichtag=2022-07-01,-1.82149
2022/2023,Chelsea,18,12,44,0.7163,14778,20,FINAL,2022-2023/club_table_2022-2023_on.csv,19734,38,631,729700000.0,€729.70m,2022-07-01,dated,TM GB1 marktwerteverein stichtag=2022-07-01,0.488937
2023/2024,Manchester City,9,1,91,0.8904,4664,1,FINAL,2023-2024/club_table_2023-2024_on.csv,21646,38,281,1150000000.0,€1.15bn,2023-07-01,dated,TM GB1 marktwerteverein stichtag=2023-07-01,0.84469
2023/2024,Arsenal,19,2,89,0.8778,5368,2,FINAL,2023-2024/club_table_2023-2024_on.csv,21646,38,11,1050000000.0,€1.05bn,2023-07-01,dated,TM GB1 marktwerteverein stichtag=2023-07-01,0.753718
2023/2024,West Ham United,1,9,52,0.8645,5839,3,FINAL,2023-2024/club_table_2023-2024_on.csv,21646,38,379,464800000.0,€464.80m,2023-07-01,dated,TM GB2 marktwerteverein stichtag=2023-07-01,-0.06122
2023/2024,Everton,13,15,40,0.8589,6209,4,FINAL,2023-2024/club_table_2023-2024_on.csv,21646,38,29,380850000.0,€380.85m,2023-07-01,dated,TM GB1 marktwerteverein stichtag=2023-07-01,-0.260421
2023/2024,Fulham,11,13,47,0.8481,7085,5,FINAL,2023-2024/club_table_2023-2024_on.csv,21646,38,931,253000000.0,€253.00m,2023-07-01,dated,TM GB1 marktwerteverein stichtag=2023-07-01,-0.669437
2023/2024,Wolverhampton Wanderers,29,14,46,0.8462,6491,6,FINAL,2023-2024/club_table_2023-2024_on.csv,21646,38,543,425000000.0,€425.00m,2023-07-01,dated,TM GB2 marktwerteverein stichtag=2023-07-01,-0.150738
2023/2024,AFC Bournemouth,52,12,48,0.7762,10832,7,FINAL,2023-2024/club_table_2023-2024_on.csv,21646,38,989,253250000.0,€253.25m,2023-07-01,dated,TM GB1 marktwerteverein stichtag=2023-07-01,-0.66845
2023/2024,Crystal Palace,51,10,49,0.7732,10866,8,FINAL,2023-2024/club_table_2023-2024_on.csv,21646,38,873,306050000.0,€306.05m,2023-07-01,dated,TM GB1 marktwerteverein stichtag=2023-07-01,-0.479078
2023/2024,Nottingham Forest,63,17,32,0.7533,12303,9,FINAL,2023-2024/club_table_2023-2024_on.csv,21646,38,703,316180000.0,€316.18m,2023-07-01,dated,TM GB1 marktwerteverein stichtag=2023-07-01,-0.446515
2023/2024,Tottenham Hotspur,6,5,66,0.753,12407,10,FINAL,2023-2024/club_table_2023-2024_on.csv,21646,38,148,605300000.0,€605.30m,2023-07-01,dated,TM GB1 marktwerteverein stichtag=2023-07-01,0.202897
2023/2024,Burnley,27,19,24,0.7364,13460,11,FINAL,2023-2024/club_table_2023-2024_on.csv,21646,38,1132,131600000.0,€131.60m,2023-07-01,dated,TM GB2 marktwerteverein stichtag=2023-07-01,-1.32306
2023/2024,Liverpool,8,3,82,0.7338,13466,12,FINAL,2023-2024/club_table_2023-2024_on.csv,21646,38,31,795300000.0,€795.30m,2023-07-01,dated,TM GB1 marktwerteverein stichtag=2023-07-01,0.475892
2023/2024,Aston Villa,15,4,68,0.7286,13673,13,FINAL,2023-2024/club_table_2023-2024_on.csv,21646,38,405,483100000.0,€483.10m,2023-07-01,dated,TM GB1 marktwerteverein stichtag=2023-07-01,-0.022603
2023/2024,Brighton & Hove Albion,78,11,48,0.712,14256,14,FINAL,2023-2024/club_table_2023-2024_on.csv,21646,38,1237,485400000.0,€485.40m,2023-07-01,dated,TM GB1 marktwerteverein stichtag=2023-07-01,-0.017854
2023/2024,Newcastle United,20,7,60,0.7034,15370,15,FINAL,2023-2024/club_table_2023-2024_on.csv,21646,38,762,536700000.00000006,€536.70m,2023-07-01,dated,TM GB1 marktwerteverein stichtag=2023-07-01,0.082612
2023/2024,Sheffield United,21,20,16,0.6972,15988,16,FINAL,2023-2024/club_table_2023-2024_on.csv,21646,38,350,97450000.0,€97.45m,2023-07-01,dated,TM GB2 marktwerteverein stichtag=2023-07-01,-1.623488
2023/2024,Manchester United,14,8,60,0.6942,15634,17,FINAL,2023-2024/club_table_2023-2024_on.csv,21646,38,985,793800000.0,€793.80m,2023-07-01,dated,TM GB1 marktwerteverein stichtag=2023-07-01,0.474005
2023/2024,Luton Town,115,18,26,0.6911,15929,18,FINAL,2023-2024/club_table_2023-2024_on.csv,21646,38,1031,34500000.0,€34.50m,2023-07-01,dated,TM GB3 marktwerteverein stichtag=2023-07-01,-2.661868
2023/2024,Brentford,236,16,39,0.6816,16842,19,FINAL,2023-2024/club_table_2023-2024_on.csv,21646,38,1148,348400000.0,€348.40m,2023-07-01,dated,TM GB1 marktwerteverein stichtag=2023-07-01,-0.349476
2023/2024,Chelsea,18,6,63,0.6712,17200,20,FINAL,2023-2024/club_table_2023-2024_on.csv,21646,38,631,972200000.0,€972.20m,2023-07-01,dated,TM GB1 marktwerteverein stichtag=2023-07-01,0.676735
2024/2025,Nottingham Forest,63,7,65,0.885,5094,1,FINAL,2024-2025/club_table_2024-2025_on.csv,23614,38,703,390350000.0,€390.35m,2024-07-01,dated,TM GB1 marktwerteverein stichtag=2024-07-01,-0.402758
2024/2025,Liverpool,8,1,84,0.8838,4950,2,FINAL,2024-2025/club_table_2024-2025_on.csv,23614,38,31,953900000.0,€953.90m,2024-07-01,dated,TM GB1 marktwerteverein stichtag=2024-07-01,0.490757
2024/2025,Crystal Palace,51,12,53,0.8685,5812,3,FINAL,2024-2025/club_table_2024-2025_on.csv,23614,38,873,443200000.0,€443.20m,2024-07-01,dated,TM GB1 marktwerteverein stichtag=2024-07-01,-0.275781
2024/2025,Aston Villa,15,6,66,0.852,6743,4,FINAL,2024-2025/club_table_2024-2025_on.csv,23614,38,405,656100000.0,€656.10m,2024-07-01,dated,TM GB1 marktwerteverein stichtag=2024-07-01,0.116512
2024/2025,Fulham,11,11,54,0.8506,6545,5,FINAL,2024-2025/club_table_2024-2025_on.csv,23614,38,931,330500000.0,€330.50m,2024-07-01,dated,TM GB1 marktwerteverein stichtag=2024-07-01,-0.569195
2024/2025,West Ham United,1,14,43,0.8473,6838,6,FINAL,2024-2025/club_table_2024-2025_on.csv,23614,38,379,447600000.0,€447.60m,2024-07-01,dated,TM GB2 marktwerteverein stichtag=2024-07-01,-0.265902
2024/2025,Brentford,236,10,56,0.8293,7747,7,FINAL,2024-2025/club_table_2024-2025_on.csv,23614,38,1148,437880000.0,€437.88m,2024-07-01,dated,TM GB1 marktwerteverein stichtag=2024-07-01,-0.287857
2024/2025,AFC Bournemouth,52,9,56,0.8195,8079,8,FINAL,2024-2025/club_table_2024-2025_on.csv,23614,38,989,363450000.0,€363.45m,2024-07-01,dated,TM GB1 marktwerteverein stichtag=2024-07-01,-0.47416
2024/2025,Wolverhampton Wanderers,29,16,42,0.8133,8706,9,FINAL,2024-2025/club_table_2024-2025_on.csv,23614,38,543,404280000.0,€404.28m,2024-07-01,dated,TM GB2 marktwerteverein stichtag=2024-07-01,-0.367694
2024/2025,Newcastle United,20,5,66,0.8018,9673,10,FINAL,2024-2025/club_table_2024-2025_on.csv,23614,38,762,623550000.0,€623.55m,2024-07-01,dated,TM GB1 marktwerteverein stichtag=2024-07-01,0.065627
2024/2025,Chelsea,18,4,69,0.7966,9768,11,FINAL,2024-2025/club_table_2024-2025_on.csv,23614,38,631,1090000000.0,€1.09bn,2024-07-01,dated,TM GB1 marktwerteverein stichtag=2024-07-01,0.624131
2024/2025,Manchester City,9,3,71,0.7954,9559,12,FINAL,2024-2025/club_table_2024-2025_on.csv,23614,38,281,1410000000.0,€1.41bn,2024-07-01,dated,TM GB1 marktwerteverein stichtag=2024-07-01,0.881543
2024/2025,Leicester City,42,18,25,0.7953,9303,13,FINAL,2024-2025/club_table_2024-2025_on.csv,23614,38,1003,214300000.0,€214.30m,2024-07-01,dated,TM GB3 marktwerteverein stichtag=2024-07-01,-1.002425
2024/2025,Everton,13,13,48,0.7941,9639,14,FINAL,2024-2025/club_table_2024-2025_on.csv,23614,38,29,348400000.0,€348.40m,2024-07-01,dated,TM GB1 marktwerteverein stichtag=2024-07-01,-0.51645
2024/2025,Arsenal,19,2,74,0.7748,10418,15,FINAL,2024-2025/club_table_2024-2025_on.csv,23614,38,11,1150000000.0,€1.15bn,2024-07-01,dated,TM GB1 marktwerteverein stichtag=2024-07-01,0.677716
2024/2025,Manchester United,14,15,42,0.7615,11481,16,FINAL,2024-2025/club_table_2024-2025_on.csv,23614,38,985,786650000.0,€786.65m,2024-07-01,dated,TM GB1 marktwerteverein stichtag=2024-07-01,0.297982
2024/2025,Ipswich Town,116,19,22,0.7515,12339,17,FINAL,2024-2025/club_table_2024-2025_on.csv,23614,38,677,47930000.0,€47.93m,2024-07-01,dated,TM GB1 marktwerteverein stichtag=2024-07-01,-2.50006
2024/2025,Southampton,65,20,12,0.7338,13258,18,FINAL,2024-2025/club_table_2024-2025_on.csv,23614,38,180,200200000.0,€200.20m,2024-07-01,dated,TM GB2 marktwerteverein stichtag=2024-07-01,-1.070485
2024/2025,Brighton & Hove Albion,78,8,61,0.7269,14059,19,FINAL,2024-2025/club_table_2024-2025_on.csv,23614,38,1237,548250000.0,€548.25m,2024-07-01,dated,TM GB1 marktwerteverein stichtag=2024-07-01,-0.06307
2024/2025,Tottenham Hotspur,6,17,38,0.7198,14631,20,FINAL,2024-2025/club_table_2024-2025_on.csv,23614,38,148,832300000.0,€832.30m,2024-07-01,dated,TM GB1 marktwerteverein stichtag=2024-07-01,0.354391
2025/2026,Brentford,236,9,53,0.8895,4471,1,FINAL,2025-2026/club_table_2025-2026_on.csv,25583,38,1148,438080000.0,€438.08m,2025-07-01,dated,TM GB1 marktwerteverein stichtag=2025-07-01,-0.321447
2025/2026,Leeds United,71,14,47,0.8663,5937,2,FINAL,2025-2026/club_table_2025-2026_on.csv,25583,38,399,237750000.0,€237.75m,2025-07-01,dated,TM GB1 marktwerteverein stichtag=2025-07-01,-0.932628
2025/2026,Wolverhampton Wanderers,29,20,20,0.8642,5716,3,FINAL,2025-2026/club_table_2025-2026_on.csv,25583,38,543,313300000.0,€313.30m,2025-07-01,dated,TM GB2 marktwerteverein stichtag=2025-07-01,-0.656687
2025/2026,West Ham United,1,18,39,0.8577,6171,4,FINAL,2025-2026/club_table_2025-2026_on.csv,25583,38,379,371500000.0,€371.50m,2025-07-01,dated,TM GB2 marktwerteverein stichtag=2025-07-01,-0.486299
2025/2026,AFC Bournemouth,52,6,57,0.8519,6308,5,FINAL,2025-2026/club_table_2025-2026_on.csv,25583,38,989,421150000.0,€421.15m,2025-07-01,dated,TM GB1 marktwerteverein stichtag=2025-07-01,-0.360859
2025/2026,Crystal Palace,51,15,45,0.8421,7108,6,FINAL,2025-2026/club_table_2025-2026_on.csv,25583,38,873,458700000.0,€458.70m,2025-07-01,dated,TM GB1 marktwerteverein stichtag=2025-07-01,-0.275452
2025/2026,Liverpool,8,5,60,0.8418,6864,7,FINAL,2025-2026/club_table_2025-2026_on.csv,25583,38,31,1140000000.0,€1.14bn,2025-07-01,dated,TM GB1 marktwerteverein stichtag=2025-07-01,0.634935
2025/2026,Fulham,11,11,52,0.8378,7329,8,FINAL,2025-2026/club_table_2025-2026_on.csv,25583,38,931,332100000.0,€332.10m,2025-07-01,dated,TM GB1 marktwerteverein stichtag=2025-07-01,-0.598412
2025/2026,Everton,13,13,49,0.821,8122,9,FINAL,2025-2026/club_table_2025-2026_on.csv,25583,38,29,264200000.0,€264.20m,2025-07-01,dated,TM GB1 marktwerteverein stichtag=2025-07-01,-0.827142
2025/2026,Arsenal,19,1,85,0.8177,8648,10,FINAL,2025-2026/club_table_2025-2026_on.csv,25583,38,11,1120000000.0,€1.12bn,2025-07-01,dated,TM GB1 marktwerteverein stichtag=2025-07-01,0.617236
2025/2026,Aston Villa,15,4,65,0.8147,8314,11,FINAL,2025-2026/club_table_2025-2026_on.csv,25583,38,405,573800000.0,€573.80m,2025-07-01,dated,TM GB1 marktwerteverein stichtag=2025-07-01,-0.051567
2025/2026,Brighton & Hove Albion,78,8,53,0.8016,9358,12,FINAL,2025-2026/club_table_2025-2026_on.csv,25583,38,1237,737000000.0,€737.00m,2025-07-01,dated,TM GB1 marktwerteverein stichtag=2025-07-01,0.19874
2025/2026,Newcastle United,20,12,49,0.7964,9714,13,FINAL,2025-2026/club_table_2025-2026_on.csv,25583,38,762,651030000.0,€651.03m,2025-07-01,dated,TM GB1 marktwerteverein stichtag=2025-07-01,0.074708
2025/2026,Manchester City,9,2,78,0.7948,9643,14,FINAL,2025-2026/club_table_2025-2026_on.csv,25583,38,281,1330000000.0,€1.33bn,2025-07-01,dated,TM GB1 marktwerteverein stichtag=2025-07-01,0.789086
2025/2026,Manchester United,14,3,71,0.7923,9776,15,FINAL,2025-2026/club_table_2025-2026_on.csv,25583,38,985,818000000.0,€818.00m,2025-07-01,dated,TM GB1 marktwerteverein stichtag=2025-07-01,0.303014
2025/2026,Nottingham Forest,63,16,44,0.7821,10473,16,FINAL,2025-2026/club_table_2025-2026_on.csv,25583,38,703,470350000.0,€470.35m,2025-07-01,dated,TM GB1 marktwerteverein stichtag=2025-07-01,-0.250371
2025/2026,Chelsea,18,10,52,0.7767,10603,17,FINAL,2025-2026/club_table_2025-2026_on.csv,25583,38,631,1220000000.0,€1.22bn,2025-07-01,dated,TM GB1 marktwerteverein stichtag=2025-07-01,0.702758
2025/2026,Sunderland,3,7,54,0.776,11070,18,FINAL,2025-2026/club_table_2025-2026_on.csv,25583,38,289,151750000.0,€151.75m,2025-07-01,dated,TM GB1 marktwerteverein stichtag=2025-07-01,-1.381614
2025/2026,Burnley,27,19,22,0.7601,11678,19,FINAL,2025-2026/club_table_2025-2026_on.csv,25583,38,1132,229700000.0,€229.70m,2025-07-01,dated,TM GB2 marktwerteverein stichtag=2025-07-01,-0.967074
2025/2026,Tottenham Hotspur,6,17,41,0.6915,16664,20,FINAL,2025-2026/club_table_2025-2026_on.csv,25583,38,148,804900000.0,€804.90m,2025-07-01,dated,TM GB1 marktwerteverein stichtag=2025-07-01,0.28687
