season,club,team_id,finish,points,netav,NETabsence,NETavailability_rank,label,club_table_file,standings_season_id,games,tm_id,squad_value_eur,squad_value_text,value_date,value_flag,value_source,log_value_rel,lv,cost_expectation,residual
2018/2019,Wolverhampton Wanderers,29,7,57,0.9358,2593,1,PAPER,2018-2019/club_table_2018-2019_on.csv,12962,38,543,127800000.0,€127.80m,2018-07-01,dated,TM GB2 marktwerteverein stichtag=2018-07-01,-1.072268,-1.072268,38.58623586680963,18.41376413319037
2018/2019,Chelsea,18,3,72,0.8574,6222,2,PAPER,2018-2019/club_table_2018-2019_on.csv,12962,38,631,882750000.0,€882.75m,2018-07-01,dated,TM GB1 marktwerteverein stichtag=2018-07-01,0.860307,0.860307,78.75344831361889,-6.75344831361889
2018/2019,Crystal Palace,51,12,49,0.8486,6748,3,PAPER,2018-2019/club_table_2018-2019_on.csv,12962,38,873,176330000.0,€176.33m,2018-07-01,dated,TM GB1 marktwerteverein stichtag=2018-07-01,-0.750377,-0.750377,45.27651395781044,3.7234860421895632
2018/2019,Liverpool,8,2,97,0.82,8181,4,PAPER,2018-2019/club_table_2018-2019_on.csv,12962,38,31,835000000.0,€835.00m,2018-07-01,dated,TM GB1 marktwerteverein stichtag=2018-07-01,0.804697,0.804697,77.59763356688613,19.40236643311387
2018/2019,Everton,13,8,54,0.8099,8859,5,PAPER,2018-2019/club_table_2018-2019_on.csv,12962,38,29,356500000.0,€356.50m,2018-07-01,dated,TM GB1 marktwerteverein stichtag=2018-07-01,-0.0464,-0.0464,59.90818088751171,-5.908180887511712
2018/2019,Fulham,11,19,26,0.8,9349,6,PAPER,2018-2019/club_table_2018-2019_on.csv,12962,38,931,80250000.0,€80.25m,2018-07-01,dated,TM GB1 marktwerteverein stichtag=2018-07-01,-1.537588,-1.537588,28.9148868657363,-2.9148868657362996
2018/2019,Southampton,65,16,39,0.7958,9171,7,PAPER,2018-2019/club_table_2018-2019_on.csv,12962,38,180,246500000.0,€246.50m,2018-07-01,dated,TM GB2 marktwerteverein stichtag=2018-07-01,-0.415373,-0.415373,52.23933653314691,-13.239336533146911
2018/2019,Huddersfield Town,251,20,16,0.7872,9993,8,PAPER,2018-2019/club_table_2018-2019_on.csv,12962,38,1110,111950000.0,€111.95m,2018-07-01,dated,TM GB3 marktwerteverein stichtag=2018-07-01,-1.204682,-1.204682,35.834103986322816,-19.834103986322816
2018/2019,Cardiff City,69,18,34,0.7832,10534,9,PAPER,2018-2019/club_table_2018-2019_on.csv,12962,38,603,57050000.0,€57.05m,2018-07-01,dated,TM GB2 marktwerteverein stichtag=2018-07-01,-1.878807,-1.878807,21.822889885599537,12.177110114400463
2018/2019,Manchester City,9,1,98,0.7814,10653,10,PAPER,2018-2019/club_table_2018-2019_on.csv,12962,38,281,1020000000.0,€1.02bn,2018-07-01,dated,TM GB1 marktwerteverein stichtag=2018-07-01,1.004823,1.004823,81.75711175434594,16.242888245654058
2018/2019,Brighton & Hove Albion,78,17,36,0.7803,10580,11,PAPER,2018-2019/club_table_2018-2019_on.csv,12962,38,1237,138100000.0,€138.10m,2018-07-01,dated,TM GB1 marktwerteverein stichtag=2018-07-01,-0.994757,-0.994757,40.1972474984227,-4.197247498422698
2018/2019,AFC Bournemouth,52,14,45,0.7701,11076,12,PAPER,2018-2019/club_table_2018-2019_on.csv,12962,38,989,133500000.0,€133.50m,2018-07-01,dated,TM GB1 marktwerteverein stichtag=2018-07-01,-1.028633,-1.028633,39.49315865899959,5.50684134100041
2018/2019,Burnley,27,15,40,0.7577,12171,13,PAPER,2018-2019/club_table_2018-2019_on.csv,12962,38,1132,156750000.0,€156.75m,2018-07-01,dated,TM GB2 marktwerteverein stichtag=2018-07-01,-0.868082,-0.868082,42.83009829940045,-2.830098299400447
2018/2019,Newcastle United,20,13,45,0.7567,12180,14,PAPER,2018-2019/club_table_2018-2019_on.csv,12962,38,762,183700000.0,€183.70m,2018-07-01,dated,TM GB1 marktwerteverein stichtag=2018-07-01,-0.709431,-0.709431,46.12754777582373,-1.1275477758237287
2018/2019,Tottenham Hotspur,6,4,71,0.7535,11794,15,PAPER,2018-2019/club_table_2018-2019_on.csv,12962,38,148,819500000.0,€819.50m,2018-07-01,dated,TM GB1 marktwerteverein stichtag=2018-07-01,0.78596,0.78596,77.20819819717687,-6.20819819717687
2018/2019,Watford,25,11,50,0.7476,12738,16,PAPER,2018-2019/club_table_2018-2019_on.csv,12962,38,1010,186000000.0,€186.00m,2018-07-01,dated,TM GB2 marktwerteverein stichtag=2018-07-01,-0.696988,-0.696988,46.3861667812831,3.6138332187168984
2018/2019,Arsenal,19,5,70,0.7455,12723,17,PAPER,2018-2019/club_table_2018-2019_on.csv,12962,38,11,535450000.00000006,€535.45m,2018-07-01,dated,TM GB1 marktwerteverein stichtag=2018-07-01,0.360373,0.360373,68.3626716620617,1.6373283379382997
2018/2019,Manchester United,14,6,66,0.7444,12624,18,PAPER,2018-2019/club_table_2018-2019_on.csv,12962,38,985,852500000.0,€852.50m,2018-07-01,dated,TM GB1 marktwerteverein stichtag=2018-07-01,0.825439,0.825439,78.02874145174013,-12.028741451740132
2018/2019,Leicester City,42,9,52,0.7358,13542,19,PAPER,2018-2019/club_table_2018-2019_on.csv,12962,38,1003,338500000.0,€338.50m,2018-07-01,dated,TM GB3 marktwerteverein stichtag=2018-07-01,-0.09821,-0.09821,58.831346468734075,-6.8313464687340755
2018/2019,West Ham United,1,10,52,0.715,14622,20,PAPER,2018-2019/club_table_2018-2019_on.csv,12962,38,379,230500000.0,€230.50m,2018-07-01,dated,TM GB2 marktwerteverein stichtag=2018-07-01,-0.482484,-0.482484,50.84448158856891,1.155518411431089
2019/2020,Wolverhampton Wanderers,29,7,59,0.9163,3502,1,PAPER,2019-2020/club_table_2019-2020_on.csv,16036,38,543,301250000.0,€301.25m,2019-07-01,dated,TM GB2 marktwerteverein stichtag=2019-07-01,-0.380592,-0.380592,51.55255717068158,7.447442829318419
2019/2020,Sheffield United,21,9,54,0.8789,5334,2,PAPER,2019-2020/club_table_2019-2020_on.csv,16036,38,350,38550000.0,€38.55m,2019-07-01,dated,TM GB2 marktwerteverein stichtag=2019-07-01,-2.436576,-2.436576,23.379340799450873,30.620659200549127
2019/2020,Southampton,65,11,52,0.8725,5558,3,PAPER,2019-2020/club_table_2019-2020_on.csv,16036,38,180,303100000.0,€303.10m,2019-07-01,dated,TM GB2 marktwerteverein stichtag=2019-07-01,-0.374469,-0.374469,51.636460841060845,0.36353915893915456
2019/2020,Burnley,27,10,54,0.8329,7264,4,PAPER,2019-2020/club_table_2019-2020_on.csv,16036,38,1132,189250000.0,€189.25m,2019-07-01,dated,TM GB2 marktwerteverein stichtag=2019-07-01,-0.845463,-0.845463,45.18241456854538,8.817585431454617
2019/2020,Leicester City,42,5,62,0.8303,7503,5,PAPER,2019-2020/club_table_2019-2020_on.csv,16036,38,1003,379530000.0,€379.53m,2019-07-01,dated,TM GB3 marktwerteverein stichtag=2019-07-01,-0.149599,-0.149599,54.71786184680732,7.282138153192683
2019/2020,Liverpool,8,1,99,0.8263,7894,6,PAPER,2019-2020/club_table_2019-2020_on.csv,16036,38,31,1110000000.0,€1.11bn,2019-07-01,dated,TM GB1 marktwerteverein stichtag=2019-07-01,0.923583,0.923583,69.42371008867599,29.57628991132401
2019/2020,Brighton & Hove Albion,78,15,41,0.8167,8479,7,PAPER,2019-2020/club_table_2019-2020_on.csv,16036,38,1237,203950000.0,€203.95m,2019-07-01,dated,TM GB1 marktwerteverein stichtag=2019-07-01,-0.770657,-0.770657,46.20748364683893,-5.207483646838931
2019/2020,Manchester City,9,2,81,0.8112,8811,8,PAPER,2019-2020/club_table_2019-2020_on.csv,16036,38,281,1170000000.0,€1.17bn,2019-07-01,dated,TM GB1 marktwerteverein stichtag=2019-07-01,0.976227,0.976227,70.14509255208381,10.85490744791619
2019/2020,Norwich City,33,20,21,0.8067,8984,9,PAPER,2019-2020/club_table_2019-2020_on.csv,16036,38,1123,81400000.0,€81.40m,2019-07-01,dated,TM GB2 marktwerteverein stichtag=2019-07-01,-1.689157,-1.689157,33.62124793830453,-12.621247938304528
2019/2020,Everton,13,12,49,0.8049,8829,10,PAPER,2019-2020/club_table_2019-2020_on.csv,16036,38,29,479750000.0,€479.75m,2019-07-01,dated,TM GB1 marktwerteverein stichtag=2019-07-01,0.084733,0.084733,57.92892094974938,-8.928920949749383
2019/2020,Chelsea,18,4,66,0.7935,9460,11,PAPER,2019-2020/club_table_2019-2020_on.csv,16036,38,631,850650000.0,€850.65m,2019-07-01,dated,TM GB1 marktwerteverein stichtag=2019-07-01,0.657468,0.657468,65.77712749142326,0.22287250857674223
2019/2020,Crystal Palace,51,14,43,0.7885,9873,12,PAPER,2019-2020/club_table_2019-2020_on.csv,16036,38,873,215400000.0,€215.40m,2019-07-01,dated,TM GB1 marktwerteverein stichtag=2019-07-01,-0.716036,-0.716036,46.955957006268285,-3.955957006268285
2019/2020,West Ham United,1,16,39,0.7864,10144,13,PAPER,2019-2020/club_table_2019-2020_on.csv,16036,38,379,356250000.0,€356.25m,2019-07-01,dated,TM GB2 marktwerteverein stichtag=2019-07-01,-0.2129,-0.2129,53.85044616190156,-14.850446161901559
2019/2020,Manchester United,14,3,66,0.7824,10711,14,PAPER,2019-2020/club_table_2019-2020_on.csv,16036,38,985,801100000.0,€801.10m,2019-07-01,dated,TM GB1 marktwerteverein stichtag=2019-07-01,0.597454,0.597454,64.95475367562359,1.0452463243764072
2019/2020,Watford,25,19,34,0.7821,10597,15,PAPER,2019-2020/club_table_2019-2020_on.csv,16036,38,1010,233300000.0,€233.30m,2019-07-01,dated,TM GB2 marktwerteverein stichtag=2019-07-01,-0.636207,-0.636207,48.04985641876321,-14.049856418763213
2019/2020,Tottenham Hotspur,6,6,59,0.7765,11132,16,PAPER,2019-2020/club_table_2019-2020_on.csv,16036,38,148,882000000.0,€882.00m,2019-07-01,dated,TM GB1 marktwerteverein stichtag=2019-07-01,0.69366,0.69366,66.27306765774146,-7.273067657741464
2019/2020,Arsenal,19,8,56,0.7365,13150,17,PAPER,2019-2020/club_table_2019-2020_on.csv,16036,38,11,582750000.0,€582.75m,2019-07-01,dated,TM GB1 marktwerteverein stichtag=2019-07-01,0.279226,0.279226,60.5940649254271,-4.594064925427098
2019/2020,Newcastle United,20,13,44,0.718,14492,18,PAPER,2019-2020/club_table_2019-2020_on.csv,16036,38,762,207500000.0,€207.50m,2019-07-01,dated,TM GB1 marktwerteverein stichtag=2019-07-01,-0.753401,-0.753401,46.44394318237129,-2.4439431823712923
2019/2020,Aston Villa,15,17,35,0.709,15316,19,PAPER,2019-2020/club_table_2019-2020_on.csv,16036,38,405,126500000.0,€126.50m,2019-07-01,dated,TM GB1 marktwerteverein stichtag=2019-07-01,-1.24829,-1.24829,39.66246293897349,-4.662462938973491
2019/2020,AFC Bournemouth,52,18,34,0.696,16636,20,PAPER,2019-2020/club_table_2019-2020_on.csv,16036,38,989,303250000.0,€303.25m,2019-07-01,dated,TM GB1 marktwerteverein stichtag=2019-07-01,-0.373975,-0.373975,51.64323013930801,-17.64323013930801
2021/2022,Tottenham Hotspur,6,4,71,0.8654,5715,1,PAPER,2021-2022/club_table_2021-2022_on.csv,18378,38,148,665000000.0,€665.00m,2021-07-01,dated,TM GB1 marktwerteverein stichtag=2021-07-01,0.419196,0.419196,67.66674959169823,3.3332504083017653
2021/2022,Crystal Palace,51,12,48,0.8554,6575,2,PAPER,2021-2022/club_table_2021-2022_on.csv,18378,38,873,181650000.0,€181.65m,2021-07-01,dated,TM GB1 marktwerteverein stichtag=2021-07-01,-0.878509,-0.878509,37.70796047283393,10.292039527166068
2021/2022,Aston Villa,15,14,45,0.8544,6702,3,PAPER,2021-2022/club_table_2021-2022_on.csv,18378,38,405,397800000.0,€397.80m,2021-07-01,dated,TM GB1 marktwerteverein stichtag=2021-07-01,-0.094642,-0.094642,55.80429681293958,-10.804296812939583
2021/2022,Manchester City,9,1,93,0.8501,6490,4,PAPER,2021-2022/club_table_2021-2022_on.csv,18378,38,281,1110000000.0,€1.11bn,2021-07-01,dated,TM GB1 marktwerteverein stichtag=2021-07-01,0.931524,0.931524,79.49434254363223,13.505657456367771
2021/2022,Brighton & Hove Albion,78,9,51,0.8442,6960,5,PAPER,2021-2022/club_table_2021-2022_on.csv,18378,38,1237,297100000.0,€297.10m,2021-07-01,dated,TM GB1 marktwerteverein stichtag=2021-07-01,-0.386522,-0.386522,49.06596154566843,1.9340384543315707
2021/2022,Wolverhampton Wanderers,29,10,51,0.8335,7490,6,PAPER,2021-2022/club_table_2021-2022_on.csv,18378,38,543,377350000.0,€377.35m,2021-07-01,dated,TM GB2 marktwerteverein stichtag=2021-07-01,-0.147418,-0.147418,54.58591123645095,-3.585911236450947
2021/2022,West Ham United,1,7,56,0.8326,7620,7,PAPER,2021-2022/club_table_2021-2022_on.csv,18378,38,379,274550000.0,€274.55m,2021-07-01,dated,TM GB2 marktwerteverein stichtag=2021-07-01,-0.465457,-0.465457,47.24366986990425,8.756330130095748
2021/2022,Arsenal,19,5,69,0.819,8141,8,PAPER,2021-2022/club_table_2021-2022_on.csv,18378,38,11,548300000.0,€548.30m,2021-07-01,dated,TM GB1 marktwerteverein stichtag=2021-07-01,0.226232,0.226232,63.211986927200115,5.788013072799885
2021/2022,Burnley,27,18,35,0.8178,8116,9,PAPER,2021-2022/club_table_2021-2022_on.csv,18378,38,1132,131000000.0,€131.00m,2021-07-01,dated,TM GB2 marktwerteverein stichtag=2021-07-01,-1.205394,-1.205394,30.16150054463765,4.838499455362349
2021/2022,Southampton,65,15,40,0.813,8428,10,PAPER,2021-2022/club_table_2021-2022_on.csv,18378,38,180,268100000.00000003,€268.10m,2021-07-01,dated,TM GB2 marktwerteverein stichtag=2021-07-01,-0.489231,-0.489231,46.69482382822923,-6.694823828229232
2021/2022,Liverpool,8,2,92,0.8063,9225,11,PAPER,2021-2022/club_table_2021-2022_on.csv,18378,38,31,924000000.0,€924.00m,2021-07-01,dated,TM GB1 marktwerteverein stichtag=2021-07-01,0.748121,0.748121,75.26030491507484,16.73969508492516
2021/2022,Brentford,236,13,46,0.8021,9264,12,PAPER,2021-2022/club_table_2021-2022_on.csv,18378,38,1148,145150000.0,€145.15m,2021-07-01,dated,TM GB1 marktwerteverein stichtag=2021-07-01,-1.102823,-1.102823,32.52945239710877,13.47054760289123
2021/2022,Chelsea,18,3,74,0.7935,9642,13,PAPER,2021-2022/club_table_2021-2022_on.csv,18378,38,631,955500000.0,€955.50m,2021-07-01,dated,TM GB1 marktwerteverein stichtag=2021-07-01,0.781644,0.781644,76.03421615656015,-2.0342161565601486
2021/2022,Norwich City,33,20,22,0.7791,10697,14,PAPER,2021-2022/club_table_2021-2022_on.csv,18378,38,1123,133250000.0,€133.25m,2021-07-01,dated,TM GB2 marktwerteverein stichtag=2021-07-01,-1.188364,-1.188364,30.554654750481244,-8.554654750481244
2021/2022,Manchester United,14,6,58,0.7654,11305,15,PAPER,2021-2022/club_table_2021-2022_on.csv,18378,38,985,764550000.0,€764.55m,2021-07-01,dated,TM GB1 marktwerteverein stichtag=2021-07-01,0.558697,0.558697,70.8872666128014,-12.887266612801398
2021/2022,Leeds United,71,17,38,0.7625,11254,16,PAPER,2021-2022/club_table_2021-2022_on.csv,18378,38,399,221300000.0,€221.30m,2021-07-01,dated,TM GB1 marktwerteverein stichtag=2021-07-01,-0.681072,-0.681072,42.265986717058325,-4.265986717058325
2021/2022,Watford,25,19,23,0.7552,12070,17,PAPER,2021-2022/club_table_2021-2022_on.csv,18378,38,1010,112250000.0,€112.25m,2021-07-01,dated,TM GB2 marktwerteverein stichtag=2021-07-01,-1.359862,-1.359862,26.595455690365895,-3.5954556903658954
2021/2022,Newcastle United,20,11,49,0.7483,13177,18,PAPER,2021-2022/club_table_2021-2022_on.csv,18378,38,762,239700000.0,€239.70m,2021-07-01,dated,TM GB1 marktwerteverein stichtag=2021-07-01,-0.601203,-0.601203,44.10984069630212,4.890159303697878
2021/2022,Leicester City,42,8,52,0.7372,14065,19,PAPER,2021-2022/club_table_2021-2022_on.csv,18378,38,1003,493300000.0,€493.30m,2021-07-01,dated,TM GB3 marktwerteverein stichtag=2021-07-01,0.120527,0.120527,60.77168361958432,-8.771683619584323
2021/2022,Everton,13,16,39,0.7345,13137,20,PAPER,2021-2022/club_table_2021-2022_on.csv,18378,38,29,505900000.0,€505.90m,2021-07-01,dated,TM GB1 marktwerteverein stichtag=2021-07-01,0.145748,0.145748,61.35393507146813,-22.35393507146813
2022/2023,Manchester City,9,1,89,0.8888,4648,1,FINAL,2022-2023/club_table_2022-2023_on.csv,19734,38,281,1110000000.0,€1.11bn,2022-07-01,dated,TM GB1 marktwerteverein stichtag=2022-07-01,0.908419,0.908419,67.9055832686717,21.094416731328295
2022/2023,Aston Villa,15,7,61,0.8834,5098,2,FINAL,2022-2023/club_table_2022-2023_on.csv,19734,38,405,517100000.0,€517.10m,2022-07-01,dated,TM GB1 marktwerteverein stichtag=2022-07-01,0.14454,0.14454,57.39415841016928,3.6058415898307175
2022/2023,West Ham United,1,14,40,0.8722,5646,3,FINAL,2022-2023/club_table_2022-2023_on.csv,19734,38,379,352000000.0,€352.00m,2022-07-01,dated,TM GB2 marktwerteverein stichtag=2022-07-01,-0.240065,-0.240065,52.101767131309245,-12.101767131309245
2022/2023,Crystal Palace,51,11,45,0.8614,5980,4,FINAL,2022-2023/club_table_2022-2023_on.csv,19734,38,873,244600000.0,€244.60m,2022-07-01,dated,TM GB1 marktwerteverein stichtag=2022-07-01,-0.604072,-0.604072,47.09281646180675,-2.0928164618067484
2022/2023,Arsenal,19,2,84,0.8592,6434,5,FINAL,2022-2023/club_table_2022-2023_on.csv,19734,38,11,648200000.0,€648.20m,2022-07-01,dated,TM GB1 marktwerteverein stichtag=2022-07-01,0.370503,0.370503,60.50354235095281,23.496457649047187
2022/2023,Wolverhampton Wanderers,29,13,41,0.8403,7257,6,FINAL,2022-2023/club_table_2022-2023_on.csv,19734,38,543,341500000.0,€341.50m,2022-07-01,dated,TM GB2 marktwerteverein stichtag=2022-07-01,-0.270349,-0.270349,51.685041458244676,-10.685041458244676
2022/2023,Fulham,11,10,52,0.8402,7141,7,FINAL,2022-2023/club_table_2022-2023_on.csv,19734,38,931,120500000.0,€120.50m,2022-07-01,dated,TM GB1 marktwerteverein stichtag=2022-07-01,-1.312047,-1.312047,37.35066356298605,14.64933643701395
2022/2023,Brighton & Hove Albion,78,6,62,0.8378,6969,8,FINAL,2022-2023/club_table_2022-2023_on.csv,19734,38,1237,301100000.0,€301.10m,2022-07-01,dated,TM GB1 marktwerteverein stichtag=2022-07-01,-0.396254,-0.396254,49.952514517708615,12.047485482291385
2022/2023,Tottenham Hotspur,6,8,60,0.8258,8109,9,FINAL,2022-2023/club_table_2022-2023_on.csv,19734,38,148,710830000.0,€710.83m,2022-07-01,dated,TM GB1 marktwerteverein stichtag=2022-07-01,0.462737,0.462737,61.77273650395232,-1.7727365039523235
2022/2023,Newcastle United,20,4,71,0.8219,8207,10,FINAL,2022-2023/club_table_2022-2023_on.csv,19734,38,762,341700000.0,€341.70m,2022-07-01,dated,TM GB1 marktwerteverein stichtag=2022-07-01,-0.269763,-0.269763,51.693105163317185,19.306894836682815
2022/2023,Brentford,236,9,59,0.816,8698,11,FINAL,2022-2023/club_table_2022-2023_on.csv,19734,38,1148,245050000.0,€245.05m,2022-07-01,dated,TM GB1 marktwerteverein stichtag=2022-07-01,-0.602234,-0.602234,47.11810842413315,11.881891575866852
2022/2023,Everton,13,17,36,0.8032,9305,12,FINAL,2022-2023/club_table_2022-2023_on.csv,19734,38,29,387700000.0,€387.70m,2022-07-01,dated,TM GB1 marktwerteverein stichtag=2022-07-01,-0.143465,-0.143465,53.4310400152756,-17.4310400152756
2022/2023,AFC Bournemouth,52,15,39,0.7968,9705,13,FINAL,2022-2023/club_table_2022-2023_on.csv,19734,38,989,138650000.0,€138.65m,2022-07-01,dated,TM GB1 marktwerteverein stichtag=2022-07-01,-1.171744,-1.171744,39.28131546194186,-0.2813154619418583
2022/2023,Southampton,65,20,25,0.7814,10247,14,FINAL,2022-2023/club_table_2022-2023_on.csv,19734,38,180,262250000.0,€262.25m,2022-07-01,dated,TM GB2 marktwerteverein stichtag=2022-07-01,-0.534398,-0.534398,48.05157173010356,-23.05157173010356
2022/2023,Leicester City,42,18,34,0.7809,10283,15,FINAL,2022-2023/club_table_2022-2023_on.csv,19734,38,1003,513800000.0,€513.80m,2022-07-01,dated,TM GB3 marktwerteverein stichtag=2022-07-01,0.138137,0.138137,57.306049359692715,-23.306049359692715
2022/2023,Leeds United,71,19,31,0.7799,10699,16,FINAL,2022-2023/club_table_2022-2023_on.csv,19734,38,399,347300000.0,€347.30m,2022-07-01,dated,TM GB1 marktwerteverein stichtag=2022-07-01,-0.253508,-0.253508,51.91678353525169,-20.91678353525169
2022/2023,Manchester United,14,3,75,0.7729,11188,17,FINAL,2022-2023/club_table_2022-2023_on.csv,19734,38,985,681300000.0,€681.30m,2022-07-01,dated,TM GB1 marktwerteverein stichtag=2022-07-01,0.420306,0.420306,61.18886095799398,13.811139042006019
2022/2023,Liverpool,8,5,67,0.7625,11539,18,FINAL,2022-2023/club_table_2022-2023_on.csv,19734,38,31,884500000.0,€884.50m,2022-07-01,dated,TM GB1 marktwerteverein stichtag=2022-07-01,0.681326,0.681326,64.78064986247531,2.2193501375246854
2022/2023,Nottingham Forest,63,16,38,0.7402,13061,19,FINAL,2022-2023/club_table_2022-2023_on.csv,19734,38,703,72400000.0,€72.40m,2022-07-01,dated,TM GB1 marktwerteverein stichtag=2022-07-01,-1.82149,-1.82149,30.34042789190456,7.659572108095439
2022/2023,Chelsea,18,12,44,0.7163,14778,20,FINAL,2022-2023/club_table_2022-2023_on.csv,19734,38,631,729700000.0,€729.70m,2022-07-01,dated,TM GB1 marktwerteverein stichtag=2022-07-01,0.488937,0.488937,62.13326393210883,-18.133263932108832
2023/2024,Manchester City,9,1,91,0.8903,4664,1,FINAL,2023-2024/club_table_2023-2024_on.csv,21646,38,281,1150000000.0,€1.15bn,2023-07-01,dated,TM GB1 marktwerteverein stichtag=2023-07-01,0.84469,0.84469,74.65938150376662,16.340618496233375
2023/2024,Arsenal,19,2,89,0.8778,5368,2,FINAL,2023-2024/club_table_2023-2024_on.csv,21646,38,11,1050000000.0,€1.05bn,2023-07-01,dated,TM GB1 marktwerteverein stichtag=2023-07-01,0.753718,0.753718,72.82004032613798,16.179959673862015
2023/2024,West Ham United,1,9,52,0.8645,5839,3,FINAL,2023-2024/club_table_2023-2024_on.csv,21646,38,379,464800000.0,€464.80m,2023-07-01,dated,TM GB2 marktwerteverein stichtag=2023-07-01,-0.06122,-0.06122,56.34300320906538,-4.34300320906538
2023/2024,Everton,13,15,40,0.8589,6209,4,FINAL,2023-2024/club_table_2023-2024_on.csv,21646,38,29,380850000.0,€380.85m,2023-07-01,dated,TM GB1 marktwerteverein stichtag=2023-07-01,-0.260421,-0.260421,52.31540568537894,-12.315405685378941
2023/2024,Fulham,11,13,47,0.8481,7085,5,FINAL,2023-2024/club_table_2023-2024_on.csv,21646,38,931,253000000.0,€253.00m,2023-07-01,dated,TM GB1 marktwerteverein stichtag=2023-07-01,-0.669437,-0.669437,44.04560870269245,2.954391297307552
2023/2024,Wolverhampton Wanderers,29,14,46,0.8462,6491,6,FINAL,2023-2024/club_table_2023-2024_on.csv,21646,38,543,425000000.0,€425.00m,2023-07-01,dated,TM GB2 marktwerteverein stichtag=2023-07-01,-0.150738,-0.150738,54.53306011076084,-8.533060110760843
2023/2024,AFC Bournemouth,52,12,48,0.7761,10832,7,FINAL,2023-2024/club_table_2023-2024_on.csv,21646,38,989,253250000.0,€253.25m,2023-07-01,dated,TM GB1 marktwerteverein stichtag=2023-07-01,-0.66845,-0.66845,44.065564620362935,3.9344353796370655
2023/2024,Crystal Palace,51,10,49,0.7732,10866,8,FINAL,2023-2024/club_table_2023-2024_on.csv,21646,38,873,306050000.0,€306.05m,2023-07-01,dated,TM GB1 marktwerteverein stichtag=2023-07-01,-0.479078,-0.479078,47.89443193656892,1.105568063431079
2023/2024,Nottingham Forest,63,17,32,0.7533,12302,9,FINAL,2023-2024/club_table_2023-2024_on.csv,21646,38,703,316180000.0,€316.18m,2023-07-01,dated,TM GB1 marktwerteverein stichtag=2023-07-01,-0.446515,-0.446515,48.55281546960239,-16.552815469602393
2023/2024,Tottenham Hotspur,6,5,66,0.753,12407,10,FINAL,2023-2024/club_table_2023-2024_on.csv,21646,38,148,605300000.0,€605.30m,2023-07-01,dated,TM GB1 marktwerteverein stichtag=2023-07-01,0.202897,0.202897,61.68312185888888,4.316878141111118
2023/2024,Burnley,27,19,24,0.7364,13460,11,FINAL,2023-2024/club_table_2023-2024_on.csv,21646,38,1132,131600000.0,€131.60m,2023-07-01,dated,TM GB2 marktwerteverein stichtag=2023-07-01,-1.32306,-1.32306,30.830161108430865,-6.830161108430865
2023/2024,Liverpool,8,3,82,0.7338,13466,12,FINAL,2023-2024/club_table_2023-2024_on.csv,21646,38,31,795300000.0,€795.30m,2023-07-01,dated,TM GB1 marktwerteverein stichtag=2023-07-01,0.475892,0.475892,67.2027426739389,14.7972573260611
2023/2024,Aston Villa,15,4,68,0.7286,13673,13,FINAL,2023-2024/club_table_2023-2024_on.csv,21646,38,405,483100000.0,€483.10m,2023-07-01,dated,TM GB1 marktwerteverein stichtag=2023-07-01,-0.022603,-0.022603,57.12379112464914,10.876208875350862
2023/2024,Brighton & Hove Albion,78,11,48,0.712,14256,14,FINAL,2023-2024/club_table_2023-2024_on.csv,21646,38,1237,485400000.0,€485.40m,2023-07-01,dated,TM GB1 marktwerteverein stichtag=2023-07-01,-0.017854,-0.017854,57.219810023349375,-9.219810023349375
2023/2024,Newcastle United,20,7,60,0.7034,15370,15,FINAL,2023-2024/club_table_2023-2024_on.csv,21646,38,762,536700000.00000006,€536.70m,2023-07-01,dated,TM GB1 marktwerteverein stichtag=2023-07-01,0.082612,0.082612,59.251108123332216,0.7488918766677841
2023/2024,Sheffield United,21,20,16,0.6972,15987,16,FINAL,2023-2024/club_table_2023-2024_on.csv,21646,38,350,97450000.0,€97.45m,2023-07-01,dated,TM GB2 marktwerteverein stichtag=2023-07-01,-1.623488,-1.623488,24.75587900720612,-8.755879007206119
2023/2024,Manchester United,14,8,60,0.6942,15634,17,FINAL,2023-2024/club_table_2023-2024_on.csv,21646,38,985,793800000.0,€793.80m,2023-07-01,dated,TM GB1 marktwerteverein stichtag=2023-07-01,0.474005,0.474005,67.1645898708546,-7.1645898708545985
2023/2024,Luton Town,115,18,26,0.6911,15929,18,FINAL,2023-2024/club_table_2023-2024_on.csv,21646,38,1031,34500000.0,€34.50m,2023-07-01,dated,TM GB3 marktwerteverein stichtag=2023-07-01,-2.661868,-2.661868,3.761121367206698,22.238878632793302
2023/2024,Brentford,236,16,39,0.6816,16841,19,FINAL,2023-2024/club_table_2023-2024_on.csv,21646,38,1148,348400000.0,€348.40m,2023-07-01,dated,TM GB1 marktwerteverein stichtag=2023-07-01,-0.349476,-0.349476,50.514823873681735,-11.514823873681735
2023/2024,Chelsea,18,6,63,0.6712,17200,20,FINAL,2023-2024/club_table_2023-2024_on.csv,21646,38,631,972200000.0,€972.20m,2023-07-01,dated,TM GB1 marktwerteverein stichtag=2023-07-01,0.676735,0.676735,71.26353940412477,-8.26353940412477
2024/2025,Nottingham Forest,63,7,65,0.885,5094,1,FINAL,2024-2025/club_table_2024-2025_on.csv,23614,38,703,390350000.0,€390.35m,2024-07-01,dated,TM GB1 marktwerteverein stichtag=2024-07-01,-0.402758,-0.402758,48.956389933190074,16.043610066809926
2024/2025,Liverpool,8,1,84,0.8838,4950,2,FINAL,2024-2025/club_table_2024-2025_on.csv,23614,38,31,953900000.0,€953.90m,2024-07-01,dated,TM GB1 marktwerteverein stichtag=2024-07-01,0.490757,0.490757,65.05116691909748,18.948833080902517
2024/2025,Crystal Palace,51,12,53,0.8685,5812,3,FINAL,2024-2025/club_table_2024-2025_on.csv,23614,38,873,443200000.0,€443.20m,2024-07-01,dated,TM GB1 marktwerteverein stichtag=2024-07-01,-0.275781,-0.275781,51.24361118559162,1.756388814408382
2024/2025,Aston Villa,15,6,66,0.852,6744,4,FINAL,2024-2025/club_table_2024-2025_on.csv,23614,38,405,656100000.0,€656.10m,2024-07-01,dated,TM GB1 marktwerteverein stichtag=2024-07-01,0.116512,0.116512,58.309937266443725,7.690062733556275
2024/2025,Fulham,11,11,54,0.8506,6545,5,FINAL,2024-2025/club_table_2024-2025_on.csv,23614,38,931,330500000.0,€330.50m,2024-07-01,dated,TM GB1 marktwerteverein stichtag=2024-07-01,-0.569195,-0.569195,45.95838050167133,8.041619498328672
2024/2025,West Ham United,1,14,43,0.8473,6838,6,FINAL,2024-2025/club_table_2024-2025_on.csv,23614,38,379,447600000.0,€447.60m,2024-07-01,dated,TM GB2 marktwerteverein stichtag=2024-07-01,-0.265902,-0.265902,51.42156041066762,-8.421560410667617
2024/2025,Brentford,236,10,56,0.8293,7747,7,FINAL,2024-2025/club_table_2024-2025_on.csv,23614,38,1148,437880000.0,€437.88m,2024-07-01,dated,TM GB1 marktwerteverein stichtag=2024-07-01,-0.287857,-0.287857,51.02608766681262,4.9739123331873785
2024/2025,AFC Bournemouth,52,9,56,0.8195,8079,8,FINAL,2024-2025/club_table_2024-2025_on.csv,23614,38,989,363450000.0,€363.45m,2024-07-01,dated,TM GB1 marktwerteverein stichtag=2024-07-01,-0.47416,-0.47416,47.67023439428165,8.32976560571835
2024/2025,Wolverhampton Wanderers,29,16,42,0.8133,8706,9,FINAL,2024-2025/club_table_2024-2025_on.csv,23614,38,543,404280000.0,€404.28m,2024-07-01,dated,TM GB2 marktwerteverein stichtag=2024-07-01,-0.367694,-0.367694,49.5879934991446,-7.587993499144602
2024/2025,Newcastle United,20,5,66,0.8018,9673,10,FINAL,2024-2025/club_table_2024-2025_on.csv,23614,38,762,623550000.0,€623.55m,2024-07-01,dated,TM GB1 marktwerteverein stichtag=2024-07-01,0.065627,0.065627,57.39335195234391,8.606648047656087
2024/2025,Chelsea,18,4,69,0.7966,9769,11,FINAL,2024-2025/club_table_2024-2025_on.csv,23614,38,631,1090000000.0,€1.09bn,2024-07-01,dated,TM GB1 marktwerteverein stichtag=2024-07-01,0.624131,0.624131,67.45361655421095,1.546383445789047
2024/2025,Manchester City,9,3,71,0.7954,9559,12,FINAL,2024-2025/club_table_2024-2025_on.csv,23614,38,281,1410000000.0,€1.41bn,2024-07-01,dated,TM GB1 marktwerteverein stichtag=2024-07-01,0.881543,0.881543,72.09034759229804,-1.0903475922980448
2024/2025,Leicester City,42,18,25,0.7953,9303,13,FINAL,2024-2025/club_table_2024-2025_on.csv,23614,38,1003,214300000.0,€214.30m,2024-07-01,dated,TM GB3 marktwerteverein stichtag=2024-07-01,-1.002425,-1.002425,38.154661220400556,-13.154661220400556
2024/2025,Everton,13,13,48,0.7941,9639,14,FINAL,2024-2025/club_table_2024-2025_on.csv,23614,38,29,348400000.0,€348.40m,2024-07-01,dated,TM GB1 marktwerteverein stichtag=2024-07-01,-0.51645,-0.51645,46.908469769475104,1.0915302305248957
2024/2025,Arsenal,19,2,74,0.7748,10418,15,FINAL,2024-2025/club_table_2024-2025_on.csv,23614,38,11,1150000000.0,€1.15bn,2024-07-01,dated,TM GB1 marktwerteverein stichtag=2024-07-01,0.677716,0.677716,68.4188366398165,5.581163360183496
2024/2025,Manchester United,14,15,42,0.7615,11481,16,FINAL,2024-2025/club_table_2024-2025_on.csv,23614,38,985,786650000.0,€786.65m,2024-07-01,dated,TM GB1 marktwerteverein stichtag=2024-07-01,0.297982,0.297982,61.57873429797942,-19.578734297979423
2024/2025,Ipswich Town,116,19,22,0.7515,12339,17,FINAL,2024-2025/club_table_2024-2025_on.csv,23614,38,677,47930000.0,€47.93m,2024-07-01,dated,TM GB1 marktwerteverein stichtag=2024-07-01,-2.50006,-2.50006,11.177944174475826,10.822055825524174
2024/2025,Southampton,65,20,12,0.7338,13258,18,FINAL,2024-2025/club_table_2024-2025_on.csv,23614,38,180,200200000.0,€200.20m,2024-07-01,dated,TM GB2 marktwerteverein stichtag=2024-07-01,-1.070485,-1.070485,36.92870472088923,-24.92870472088923
2024/2025,Brighton & Hove Albion,78,8,61,0.7269,14060,19,FINAL,2024-2025/club_table_2024-2025_on.csv,23614,38,1237,548250000.0,€548.25m,2024-07-01,dated,TM GB1 marktwerteverein stichtag=2024-07-01,-0.06307,-0.06307,55.07514854920538,5.92485145079462
2024/2025,Tottenham Hotspur,6,17,38,0.7198,14631,20,FINAL,2024-2025/club_table_2024-2025_on.csv,23614,38,148,832300000.0,€832.30m,2024-07-01,dated,TM GB1 marktwerteverein stichtag=2024-07-01,0.354391,0.354391,62.59482275200431,-24.594822752004312
2025/2026,Brentford,236,9,53,0.8895,4471,1,FINAL,2025-2026/club_table_2025-2026_on.csv,25583,38,1148,438080000.0,€438.08m,2025-07-01,dated,TM GB1 marktwerteverein stichtag=2025-07-01,-0.321447,-0.321447,49.60240906213935,3.397590937860649
2025/2026,Leeds United,71,14,47,0.8663,5936,2,FINAL,2025-2026/club_table_2025-2026_on.csv,25583,38,399,237750000.0,€237.75m,2025-07-01,dated,TM GB1 marktwerteverein stichtag=2025-07-01,-0.932628,-0.932628,40.4240869592322,6.5759130407678015
2025/2026,Wolverhampton Wanderers,29,20,20,0.8642,5716,3,FINAL,2025-2026/club_table_2025-2026_on.csv,25583,38,543,313300000.0,€313.30m,2025-07-01,dated,TM GB2 marktwerteverein stichtag=2025-07-01,-0.656687,-0.656687,44.56799094086497,-24.567990940864973
2025/2026,West Ham United,1,18,39,0.8577,6171,4,FINAL,2025-2026/club_table_2025-2026_on.csv,25583,38,379,371500000.0,€371.50m,2025-07-01,dated,TM GB2 marktwerteverein stichtag=2025-07-01,-0.486299,-0.486299,47.12676804039874,-8.126768040398737
2025/2026,AFC Bournemouth,52,6,57,0.8519,6308,5,FINAL,2025-2026/club_table_2025-2026_on.csv,25583,38,989,421150000.0,€421.15m,2025-07-01,dated,TM GB1 marktwerteverein stichtag=2025-07-01,-0.360859,-0.360859,49.01054506322614,7.9894549367738605
2025/2026,Crystal Palace,51,15,45,0.8421,7108,6,FINAL,2025-2026/club_table_2025-2026_on.csv,25583,38,873,458700000.0,€458.70m,2025-07-01,dated,TM GB1 marktwerteverein stichtag=2025-07-01,-0.275452,-0.275452,50.293132309627765,-5.293132309627765
2025/2026,Liverpool,8,5,60,0.8418,6864,7,FINAL,2025-2026/club_table_2025-2026_on.csv,25583,38,31,1140000000.0,€1.14bn,2025-07-01,dated,TM GB1 marktwerteverein stichtag=2025-07-01,0.634935,0.634935,63.9647371603992,-3.9647371603992028
2025/2026,Fulham,11,11,52,0.8378,7329,8,FINAL,2025-2026/club_table_2025-2026_on.csv,25583,38,931,332100000.0,€332.10m,2025-07-01,dated,TM GB1 marktwerteverein stichtag=2025-07-01,-0.598412,-0.598412,45.443127308891654,6.556872691108346
2025/2026,Everton,13,13,49,0.821,8122,9,FINAL,2025-2026/club_table_2025-2026_on.csv,25583,38,29,264200000.0,€264.20m,2025-07-01,dated,TM GB1 marktwerteverein stichtag=2025-07-01,-0.827142,-0.827142,42.00820767854,6.991792321459997
2025/2026,Arsenal,19,1,85,0.8177,8648,10,FINAL,2025-2026/club_table_2025-2026_on.csv,25583,38,11,1120000000.0,€1.12bn,2025-07-01,dated,TM GB1 marktwerteverein stichtag=2025-07-01,0.617236,0.617236,63.69894499261363,21.301055007386367
2025/2026,Aston Villa,15,4,65,0.8147,8314,11,FINAL,2025-2026/club_table_2025-2026_on.csv,25583,38,405,573800000.0,€573.80m,2025-07-01,dated,TM GB1 marktwerteverein stichtag=2025-07-01,-0.051567,-0.051567,53.65529285455532,11.34470714544468
2025/2026,Brighton & Hove Albion,78,8,53,0.8016,9358,12,FINAL,2025-2026/club_table_2025-2026_on.csv,25583,38,1237,737000000.0,€737.00m,2025-07-01,dated,TM GB1 marktwerteverein stichtag=2025-07-01,0.19874,0.19874,57.41424195574201,-4.414241955742007
2025/2026,Newcastle United,20,12,49,0.7964,9714,13,FINAL,2025-2026/club_table_2025-2026_on.csv,25583,38,762,651030000.0,€651.03m,2025-07-01,dated,TM GB1 marktwerteverein stichtag=2025-07-01,0.074708,0.074708,55.55160936888512,-6.551609368885117
2025/2026,Manchester City,9,2,78,0.7948,9643,14,FINAL,2025-2026/club_table_2025-2026_on.csv,25583,38,281,1330000000.0,€1.33bn,2025-07-01,dated,TM GB1 marktwerteverein stichtag=2025-07-01,0.789086,0.789086,66.2796774652929,11.720322534707094
2025/2026,Manchester United,14,3,71,0.7923,9776,15,FINAL,2025-2026/club_table_2025-2026_on.csv,25583,38,985,818000000.0,€818.00m,2025-07-01,dated,TM GB1 marktwerteverein stichtag=2025-07-01,0.303014,0.303014,58.98016164067747,12.019838359322527
2025/2026,Nottingham Forest,63,16,44,0.7821,10473,16,FINAL,2025-2026/club_table_2025-2026_on.csv,25583,38,703,470350000.0,€470.35m,2025-07-01,dated,TM GB1 marktwerteverein stichtag=2025-07-01,-0.250371,-0.250371,50.6697825927076,-6.669782592707598
2025/2026,Chelsea,18,10,52,0.7767,10603,17,FINAL,2025-2026/club_table_2025-2026_on.csv,25583,38,631,1220000000.0,€1.22bn,2025-07-01,dated,TM GB1 marktwerteverein stichtag=2025-07-01,0.702758,0.702758,64.98325923485092,-12.98325923485092
2025/2026,Sunderland,3,7,54,0.776,11070,18,FINAL,2025-2026/club_table_2025-2026_on.csv,25583,38,289,151750000.0,€151.75m,2025-07-01,dated,TM GB1 marktwerteverein stichtag=2025-07-01,-1.381614,-1.381614,33.68150476558437,20.31849523441563
2025/2026,Burnley,27,19,22,0.7601,11678,19,FINAL,2025-2026/club_table_2025-2026_on.csv,25583,38,1132,229700000.0,€229.70m,2025-07-01,dated,TM GB2 marktwerteverein stichtag=2025-07-01,-0.967074,-0.967074,39.9067991457093,-17.9067991457093
2025/2026,Tottenham Hotspur,6,17,41,0.6915,16664,20,FINAL,2025-2026/club_table_2025-2026_on.csv,25583,38,148,804900000.0,€804.90m,2025-07-01,dated,TM GB1 marktwerteverein stichtag=2025-07-01,0.28687,0.28687,58.73772146006104,-17.73772146006104
