season,club,team_id,label,winter_close,fixtures,g_H1,g_H2,pts_H1,pts_H2,pts_rebuilt,pts_official,deduction,split_pre_fixtures,split_post_fixtures,NETabs_H1,NETabs_H2,NETabs_pm_H1,NETabs_pm_H2,NETabs_pm_H1_file,NETabs_pm_H2_file,split_file,fixtures_file,finish,NETavailability,NETabsence,log_value_rel,squad_value_eur,value_date,value_flag
2018/2019,Wolverhampton Wanderers,29,PAPER,2019-01-31,38,24,14,35,22,57,57,0,24,14,2118,475,88.25,33.92857142857143,88.3,33.9,<run>/run_on/2018-2019/club_split_january_2018-2019_on.csv,<run>/inputs/late/fixtures.csv,7,0.9358,2593,-1.072268,127800000.0,2018-07-01,dated
2018/2019,Chelsea,18,PAPER,2019-01-31,38,24,14,47,25,72,72,0,24,14,4380,1842,182.5,131.57142857142858,182.5,131.6,<run>/run_on/2018-2019/club_split_january_2018-2019_on.csv,<run>/inputs/late/fixtures.csv,3,0.8574,6222,0.860307,882750000.0,2018-07-01,dated
2018/2019,Crystal Palace,51,PAPER,2019-01-31,38,24,14,23,26,49,49,0,24,14,3872,2876,161.33333333333334,205.42857142857142,161.3,205.5,<run>/run_on/2018-2019/club_split_january_2018-2019_on.csv,<run>/inputs/late/fixtures.csv,12,0.8486,6748,-0.750377,176330000.0,2018-07-01,dated
2018/2019,Liverpool,8,PAPER,2019-01-31,38,24,14,61,36,97,97,0,24,14,5308,2873,221.16666666666666,205.21428571428572,221.1,205.2,<run>/run_on/2018-2019/club_split_january_2018-2019_on.csv,<run>/inputs/late/fixtures.csv,2,0.82,8181,0.804697,835000000.0,2018-07-01,dated
2018/2019,Everton,13,PAPER,2019-01-31,38,24,14,33,21,54,54,0,24,14,6300,2559,262.5,182.78571428571428,262.5,182.8,<run>/run_on/2018-2019/club_split_january_2018-2019_on.csv,<run>/inputs/late/fixtures.csv,8,0.8099,8859,-0.0464,356500000.0,2018-07-01,dated
2018/2019,Fulham,11,PAPER,2019-01-31,38,24,14,17,9,26,26,0,24,14,5816,3532,242.33333333333334,252.28571428571428,242.3,252.3,<run>/run_on/2018-2019/club_split_january_2018-2019_on.csv,<run>/inputs/late/fixtures.csv,19,0.8,9349,-1.537588,80250000.0,2018-07-01,dated
2018/2019,Southampton,65,PAPER,2019-01-31,38,24,14,23,16,39,39,0,24,14,6192,2979,258.0,212.78571428571428,258.0,212.8,<run>/run_on/2018-2019/club_split_january_2018-2019_on.csv,<run>/inputs/late/fixtures.csv,16,0.7958,9171,-0.415373,246500000.0,2018-07-01,dated
2018/2019,Huddersfield Town,251,PAPER,2019-01-31,38,24,14,11,5,16,16,0,24,14,5738,4255,239.08333333333334,303.92857142857144,239.1,303.9,<run>/run_on/2018-2019/club_split_january_2018-2019_on.csv,<run>/inputs/late/fixtures.csv,20,0.7872,9993,-1.204682,111950000.0,2018-07-01,dated
2018/2019,Cardiff City,69,PAPER,2019-01-31,38,24,14,19,15,34,34,0,24,14,5644,4890,235.16666666666666,349.2857142857143,235.2,349.3,<run>/run_on/2018-2019/club_split_january_2018-2019_on.csv,<run>/inputs/late/fixtures.csv,18,0.7832,10534,-1.878807,57050000.0,2018-07-01,dated
2018/2019,Manchester City,9,PAPER,2019-01-31,38,24,14,56,42,98,98,0,24,14,6778,3875,282.4166666666667,276.7857142857143,282.4,276.8,<run>/run_on/2018-2019/club_split_january_2018-2019_on.csv,<run>/inputs/late/fixtures.csv,1,0.7814,10653,1.004823,1020000000.0,2018-07-01,dated
2018/2019,Brighton & Hove Albion,78,PAPER,2019-01-31,38,24,14,26,10,36,36,0,24,14,7527,3053,313.625,218.07142857142858,313.6,218.1,<run>/run_on/2018-2019/club_split_january_2018-2019_on.csv,<run>/inputs/late/fixtures.csv,17,0.7803,10580,-0.994757,138100000.0,2018-07-01,dated
2018/2019,AFC Bournemouth,52,PAPER,2019-01-31,38,24,14,33,12,45,45,0,24,14,4933,6143,205.54166666666666,438.7857142857143,205.5,438.8,<run>/run_on/2018-2019/club_split_january_2018-2019_on.csv,<run>/inputs/late/fixtures.csv,14,0.7701,11076,-1.028633,133500000.0,2018-07-01,dated
2018/2019,Burnley,27,PAPER,2019-01-31,38,24,14,23,17,40,40,0,24,14,7856,4315,327.3333333333333,308.2142857142857,327.3,308.2,<run>/run_on/2018-2019/club_split_january_2018-2019_on.csv,<run>/inputs/late/fixtures.csv,15,0.7577,12171,-0.868082,156750000.0,2018-07-01,dated
2018/2019,Newcastle United,20,PAPER,2019-01-31,38,24,14,24,21,45,45,0,24,14,7714,4466,321.4166666666667,319.0,321.4,319.0,<run>/run_on/2018-2019/club_split_january_2018-2019_on.csv,<run>/inputs/late/fixtures.csv,13,0.7567,12180,-0.709431,183700000.0,2018-07-01,dated
2018/2019,Tottenham Hotspur,6,PAPER,2019-01-31,38,24,14,54,17,71,71,0,24,14,7039,4755,293.2916666666667,339.64285714285717,293.3,339.6,<run>/run_on/2018-2019/club_split_january_2018-2019_on.csv,<run>/inputs/late/fixtures.csv,4,0.7535,11794,0.78596,819500000.0,2018-07-01,dated
2018/2019,Watford,25,PAPER,2019-01-31,38,24,14,33,17,50,50,0,24,14,9086,3652,378.5833333333333,260.85714285714283,378.6,260.8,<run>/run_on/2018-2019/club_split_january_2018-2019_on.csv,<run>/inputs/late/fixtures.csv,11,0.7476,12738,-0.696988,186000000.0,2018-07-01,dated
2018/2019,Arsenal,19,PAPER,2019-01-31,38,24,14,47,23,70,70,0,24,14,7329,5394,305.375,385.2857142857143,305.4,385.3,<run>/run_on/2018-2019/club_split_january_2018-2019_on.csv,<run>/inputs/late/fixtures.csv,5,0.7455,12723,0.360373,535450000.00000006,2018-07-01,dated
2018/2019,Manchester United,14,PAPER,2019-01-31,38,24,14,45,21,66,66,0,24,14,7778,4846,324.0833333333333,346.14285714285717,324.1,346.1,<run>/run_on/2018-2019/club_split_january_2018-2019_on.csv,<run>/inputs/late/fixtures.csv,6,0.7444,12624,0.825439,852500000.0,2018-07-01,dated
2018/2019,Leicester City,42,PAPER,2019-01-31,38,24,14,32,20,52,52,0,24,14,9482,4059,395.0833333333333,289.92857142857144,395.1,289.9,<run>/run_on/2018-2019/club_split_january_2018-2019_on.csv,<run>/inputs/late/fixtures.csv,9,0.7358,13542,-0.09821,338500000.0,2018-07-01,dated
2018/2019,West Ham United,1,PAPER,2019-01-31,38,24,14,31,21,52,52,0,24,14,9329,5293,388.7083333333333,378.07142857142856,388.7,378.1,<run>/run_on/2018-2019/club_split_january_2018-2019_on.csv,<run>/inputs/late/fixtures.csv,10,0.715,14622,-0.482484,230500000.0,2018-07-01,dated
2019/2020,Wolverhampton Wanderers,29,PAPER,2020-01-31,38,24,14,34,25,59,59,0,24,14,3112,390,129.66666666666666,27.857142857142858,129.7,27.9,<run>/run_on/2019-2020/club_split_january_2019-2020_on.csv,<run>/inputs/late/fixtures.csv,7,0.9163,3502,-0.380592,301250000.0,2019-07-01,dated
2019/2020,Sheffield United,21,PAPER,2020-01-31,38,24,14,33,21,54,54,0,24,14,3036,2298,126.5,164.14285714285714,126.5,164.1,<run>/run_on/2019-2020/club_split_january_2019-2020_on.csv,<run>/inputs/late/fixtures.csv,9,0.8789,5334,-2.436576,38550000.0,2019-07-01,dated
2019/2020,Southampton,65,PAPER,2020-01-31,38,24,14,31,21,52,52,0,24,14,3375,2182,140.625,155.85714285714286,140.6,155.9,<run>/run_on/2019-2020/club_split_january_2019-2020_on.csv,<run>/inputs/late/fixtures.csv,11,0.8725,5558,-0.374469,303100000.0,2019-07-01,dated
2019/2020,Burnley,27,PAPER,2020-01-31,38,24,14,30,24,54,54,0,24,14,3003,4261,125.125,304.35714285714283,125.1,304.4,<run>/run_on/2019-2020/club_split_january_2019-2020_on.csv,<run>/inputs/late/fixtures.csv,10,0.8329,7264,-0.845463,189250000.0,2019-07-01,dated
2019/2020,Leicester City,42,PAPER,2020-01-31,38,24,14,48,14,62,62,0,24,14,3694,3809,153.91666666666666,272.07142857142856,153.9,272.0,<run>/run_on/2019-2020/club_split_january_2019-2020_on.csv,<run>/inputs/late/fixtures.csv,5,0.8303,7503,-0.149599,379530000.0,2019-07-01,dated
2019/2020,Liverpool,8,PAPER,2020-01-31,38,24,14,70,29,99,99,0,24,14,5333,2561,222.20833333333334,182.92857142857142,222.2,182.9,<run>/run_on/2019-2020/club_split_january_2019-2020_on.csv,<run>/inputs/late/fixtures.csv,1,0.8263,7894,0.923583,1110000000.0,2019-07-01,dated
2019/2020,Brighton & Hove Albion,78,PAPER,2020-01-31,38,24,14,25,16,41,41,0,24,14,5723,2756,238.45833333333334,196.85714285714286,238.4,196.9,<run>/run_on/2019-2020/club_split_january_2019-2020_on.csv,<run>/inputs/late/fixtures.csv,15,0.8167,8479,-0.770657,203950000.0,2019-07-01,dated
2019/2020,Manchester City,9,PAPER,2020-01-31,38,24,14,51,30,81,81,0,24,14,6582,2229,274.25,159.21428571428572,274.2,159.2,<run>/run_on/2019-2020/club_split_january_2019-2020_on.csv,<run>/inputs/late/fixtures.csv,2,0.8112,8811,0.976227,1170000000.0,2019-07-01,dated
2019/2020,Norwich City,33,PAPER,2020-01-31,38,24,14,17,4,21,21,0,24,14,5261,3723,219.20833333333334,265.92857142857144,219.2,266.0,<run>/run_on/2019-2020/club_split_january_2019-2020_on.csv,<run>/inputs/late/fixtures.csv,20,0.8067,8984,-1.689157,81400000.0,2019-07-01,dated
2019/2020,Everton,13,PAPER,2020-01-31,38,24,14,30,19,49,49,0,24,14,5594,3235,233.08333333333334,231.07142857142858,233.1,231.1,<run>/run_on/2019-2020/club_split_january_2019-2020_on.csv,<run>/inputs/late/fixtures.csv,12,0.8049,8829,0.084733,479750000.0,2019-07-01,dated
2019/2020,Chelsea,18,PAPER,2020-01-31,38,24,14,40,26,66,66,0,24,14,6305,3155,262.7083333333333,225.35714285714286,262.7,225.3,<run>/run_on/2019-2020/club_split_january_2019-2020_on.csv,<run>/inputs/late/fixtures.csv,4,0.7935,9460,0.657468,850650000.0,2019-07-01,dated
2019/2020,Crystal Palace,51,PAPER,2020-01-31,38,24,14,30,13,43,43,0,24,14,6330,3543,263.75,253.07142857142858,263.7,253.1,<run>/run_on/2019-2020/club_split_january_2019-2020_on.csv,<run>/inputs/late/fixtures.csv,14,0.7885,9873,-0.716036,215400000.0,2019-07-01,dated
2019/2020,West Ham United,1,PAPER,2020-01-31,38,24,14,23,16,39,39,0,24,14,6370,3773,265.4166666666667,269.5,265.4,269.5,<run>/run_on/2019-2020/club_split_january_2019-2020_on.csv,<run>/inputs/late/fixtures.csv,16,0.7864,10144,-0.2129,356250000.0,2019-07-01,dated
2019/2020,Manchester United,14,PAPER,2020-01-31,38,24,14,34,32,66,66,0,24,14,7727,2984,321.9583333333333,213.14285714285714,322.0,213.1,<run>/run_on/2019-2020/club_split_january_2019-2020_on.csv,<run>/inputs/late/fixtures.csv,3,0.7824,10711,0.597454,801100000.0,2019-07-01,dated
2019/2020,Watford,25,PAPER,2020-01-31,38,24,14,23,11,34,34,0,24,14,7522,3075,313.4166666666667,219.64285714285714,313.4,219.6,<run>/run_on/2019-2020/club_split_january_2019-2020_on.csv,<run>/inputs/late/fixtures.csv,19,0.7821,10597,-0.636207,233300000.0,2019-07-01,dated
2019/2020,Tottenham Hotspur,6,PAPER,2020-01-31,38,24,14,34,25,59,59,0,24,14,8080,3051,336.6666666666667,217.92857142857142,336.7,218.0,<run>/run_on/2019-2020/club_split_january_2019-2020_on.csv,<run>/inputs/late/fixtures.csv,6,0.7765,11132,0.69366,882000000.0,2019-07-01,dated
2019/2020,Arsenal,19,PAPER,2020-01-31,38,24,14,30,26,56,56,0,24,14,7554,5596,314.75,399.7142857142857,314.8,399.7,<run>/run_on/2019-2020/club_split_january_2019-2020_on.csv,<run>/inputs/late/fixtures.csv,8,0.7365,13150,0.279226,582750000.0,2019-07-01,dated
2019/2020,Newcastle United,20,PAPER,2020-01-31,38,24,14,30,14,44,44,0,24,14,9293,5199,387.2083333333333,371.35714285714283,387.2,371.4,<run>/run_on/2019-2020/club_split_january_2019-2020_on.csv,<run>/inputs/late/fixtures.csv,13,0.718,14492,-0.753401,207500000.0,2019-07-01,dated
2019/2020,Aston Villa,15,PAPER,2020-01-31,38,24,14,25,10,35,35,0,24,14,9730,5587,405.4166666666667,399.07142857142856,405.4,399.1,<run>/run_on/2019-2020/club_split_january_2019-2020_on.csv,<run>/inputs/late/fixtures.csv,17,0.709,15316,-1.24829,126500000.0,2019-07-01,dated
2019/2020,AFC Bournemouth,52,PAPER,2020-01-31,38,24,14,23,11,34,34,0,24,14,11217,5419,467.375,387.07142857142856,467.4,387.1,<run>/run_on/2019-2020/club_split_january_2019-2020_on.csv,<run>/inputs/late/fixtures.csv,18,0.696,16636,-0.373975,303250000.0,2019-07-01,dated
2020/2021,Manchester City,9,ROBUSTNESS,2021-02-01,38,20,18,44,42,86,86,0,20,18,4567,1965,228.35,109.16666666666667,228.4,109.2,<run>/run_on/2020-2021/club_split_january_2020-2021_on.csv,<run>/inputs/late/fixtures.csv,1,0.8532,6532,1.007097,1060000000.0,2020-07-01,dated
2020/2021,Fulham,11,ROBUSTNESS,2021-02-01,38,20,18,14,14,28,28,0,20,18,4993,2161,249.65,120.05555555555556,249.6,120.0,<run>/run_on/2020-2021/club_split_january_2020-2021_on.csv,<run>/inputs/late/fixtures.csv,18,0.8427,7154,-1.299269,105600000.0,2020-07-01,dated
2020/2021,Manchester United,14,ROBUSTNESS,2021-02-01,38,21,17,41,33,74,74,0,21,17,3885,3194,185.0,187.88235294117646,185.0,187.9,<run>/run_on/2020-2021/club_split_january_2020-2021_on.csv,<run>/inputs/late/fixtures.csv,2,0.8398,7079,0.527203,655980000.0,2020-07-01,dated
2020/2021,Chelsea,18,ROBUSTNESS,2021-02-01,38,21,17,33,34,67,67,0,21,17,5251,2710,250.04761904761904,159.41176470588235,250.0,159.4,<run>/run_on/2020-2021/club_split_january_2020-2021_on.csv,<run>/inputs/late/fixtures.csv,4,0.8249,7960,0.631099,727800000.0,2020-07-01,dated
2020/2021,West Ham United,1,ROBUSTNESS,2021-02-01,38,21,17,35,30,65,65,0,21,17,4071,4093,193.85714285714286,240.76470588235293,193.8,240.8,<run>/run_on/2020-2021/club_split_january_2020-2021_on.csv,<run>/inputs/late/fixtures.csv,6,0.8221,8164,-0.274837,294150000.0,2020-07-01,dated
2020/2021,West Bromwich Albion,10,ROBUSTNESS,2021-02-01,38,21,17,12,14,26,26,0,21,17,5542,2761,263.9047619047619,162.41176470588235,263.9,162.4,<run>/run_on/2020-2021/club_split_january_2020-2021_on.csv,<run>/inputs/late/fixtures.csv,19,0.8206,8303,-1.84429,61230000.0,2020-07-01,dated
2020/2021,Burnley,27,ROBUSTNESS,2021-02-01,38,20,18,22,17,39,39,0,20,18,4760,3751,238.0,208.38888888888889,238.0,208.4,<run>/run_on/2020-2021/club_split_january_2020-2021_on.csv,<run>/inputs/late/fixtures.csv,17,0.8199,8512,-0.891597,158750000.0,2020-07-01,dated
2020/2021,Southampton,65,ROBUSTNESS,2021-02-01,38,20,18,29,14,43,43,0,20,18,3834,4838,191.7,268.77777777777777,191.7,268.8,<run>/run_on/2020-2021/club_split_january_2020-2021_on.csv,<run>/inputs/late/fixtures.csv,15,0.8098,8672,-0.619948,208300000.0,2020-07-01,dated
2020/2021,Everton,13,ROBUSTNESS,2021-02-01,38,19,19,33,26,59,59,0,19,19,5230,4165,275.2631578947368,219.21052631578948,275.3,219.2,<run>/run_on/2020-2021/club_split_january_2020-2021_on.csv,<run>/inputs/late/fixtures.csv,10,0.804,9395,0.104044,429650000.0,2020-07-01,dated
2020/2021,Leeds United,71,ROBUSTNESS,2021-02-01,38,20,18,29,30,59,59,0,20,18,5217,4520,260.85,251.11111111111111,260.9,251.1,<run>/run_on/2020-2021/club_split_january_2020-2021_on.csv,<run>/inputs/late/fixtures.csv,9,0.7955,9737,-1.686436,71700000.0,2020-07-01,dated
2020/2021,Tottenham Hotspur,6,ROBUSTNESS,2021-02-01,38,20,18,33,29,62,62,0,20,18,5506,4482,275.3,249.0,275.3,249.0,<run>/run_on/2020-2021/club_split_january_2020-2021_on.csv,<run>/inputs/late/fixtures.csv,7,0.7941,9988,0.593581,701000000.0,2020-07-01,dated
2020/2021,Wolverhampton Wanderers,29,ROBUSTNESS,2021-02-01,38,21,17,23,22,45,45,0,21,17,4537,5011,216.04761904761904,294.7647058823529,216.1,294.8,<run>/run_on/2020-2021/club_split_january_2020-2021_on.csv,<run>/inputs/late/fixtures.csv,13,0.7905,9549,-0.261834,298000000.0,2020-07-01,dated
2020/2021,Brighton & Hove Albion,78,ROBUSTNESS,2021-02-01,38,21,17,21,20,41,41,0,21,17,4892,5005,232.95238095238096,294.4117647058824,232.9,294.4,<run>/run_on/2020-2021/club_split_january_2020-2021_on.csv,<run>/inputs/late/fixtures.csv,16,0.7811,9896,-0.686441,194900000.0,2020-07-01,dated
2020/2021,Aston Villa,15,ROBUSTNESS,2021-02-01,38,19,19,32,23,55,55,0,19,19,6684,4344,351.7894736842105,228.6315789473684,351.8,228.6,<run>/run_on/2020-2021/club_split_january_2020-2021_on.csv,<run>/inputs/late/fixtures.csv,11,0.7786,11028,-0.576498,217550000.0,2020-07-01,dated
2020/2021,Arsenal,19,ROBUSTNESS,2021-02-01,38,21,17,31,30,61,61,0,21,17,7394,3458,352.0952380952381,203.41176470588235,352.1,203.4,<run>/run_on/2020-2021/club_split_january_2020-2021_on.csv,<run>/inputs/late/fixtures.csv,8,0.777,10852,0.424157,591750000.0,2020-07-01,dated
2020/2021,Leicester City,42,ROBUSTNESS,2021-02-01,38,21,17,39,27,66,66,0,21,17,6197,5083,295.0952380952381,299.0,295.1,299.0,<run>/run_on/2020-2021/club_split_january_2020-2021_on.csv,<run>/inputs/late/fixtures.csv,5,0.7686,11280,0.10148,428550000.0,2020-07-01,dated
2020/2021,Crystal Palace,51,ROBUSTNESS,2021-02-01,38,21,17,26,18,44,44,0,21,17,6470,5607,308.0952380952381,329.8235294117647,308.1,329.8,<run>/run_on/2020-2021/club_split_january_2020-2021_on.csv,<run>/inputs/late/fixtures.csv,14,0.7609,12077,-0.804192,173250000.0,2020-07-01,dated
2020/2021,Sheffield United,21,ROBUSTNESS,2021-02-01,38,21,17,8,15,23,23,0,21,17,6075,6662,289.2857142857143,391.88235294117646,289.3,391.9,<run>/run_on/2020-2021/club_split_january_2020-2021_on.csv,<run>/inputs/late/fixtures.csv,20,0.7389,12738,-1.113166,127200000.0,2020-07-01,dated
2020/2021,Newcastle United,20,ROBUSTNESS,2021-02-01,38,21,17,22,23,45,45,0,21,17,8798,6172,418.95238095238096,363.05882352941177,418.9,363.1,<run>/run_on/2020-2021/club_split_january_2020-2021_on.csv,<run>/inputs/late/fixtures.csv,12,0.7174,14970,-0.459385,244580000.0,2020-07-01,dated
2020/2021,Liverpool,8,ROBUSTNESS,2021-02-01,38,21,17,40,29,69,69,0,21,17,7239,7963,344.7142857142857,468.4117647058824,344.7,468.4,<run>/run_on/2020-2021/club_split_january_2020-2021_on.csv,<run>/inputs/late/fixtures.csv,3,0.7051,15202,0.94276,993950000.0,2020-07-01,dated
2021/2022,Tottenham Hotspur,6,PAPER,2022-01-31,38,20,18,36,35,71,71,0,20,18,2450,3265,122.5,181.38888888888889,122.5,181.4,<run>/run_on/2021-2022/club_split_january_2021-2022_on.csv,<run>/inputs/late/fixtures.csv,4,0.8654,5715,0.419196,665000000.0,2021-07-01,dated
2021/2022,Crystal Palace,51,PAPER,2022-01-31,38,22,16,24,24,48,48,0,22,16,4620,1955,210.0,122.1875,210.0,122.2,<run>/run_on/2021-2022/club_split_january_2021-2022_on.csv,<run>/inputs/late/fixtures.csv,12,0.8554,6575,-0.878509,181650000.0,2021-07-01,dated
2021/2022,Aston Villa,15,PAPER,2022-01-31,38,21,17,26,19,45,45,0,21,17,4723,1979,224.9047619047619,116.41176470588235,224.9,116.4,<run>/run_on/2021-2022/club_split_january_2021-2022_on.csv,<run>/inputs/late/fixtures.csv,14,0.8544,6702,-0.094642,397800000.0,2021-07-01,dated
2021/2022,Manchester City,9,PAPER,2022-01-31,38,23,15,57,36,93,93,0,23,15,4270,2220,185.65217391304347,148.0,185.7,148.0,<run>/run_on/2021-2022/club_split_january_2021-2022_on.csv,<run>/inputs/late/fixtures.csv,1,0.8501,6490,0.931524,1110000000.0,2021-07-01,dated
2021/2022,Brighton & Hove Albion,78,PAPER,2022-01-31,38,22,16,30,21,51,51,0,22,16,5034,1926,228.8181818181818,120.375,228.8,120.4,<run>/run_on/2021-2022/club_split_january_2021-2022_on.csv,<run>/inputs/late/fixtures.csv,9,0.8442,6960,-0.386522,297100000.0,2021-07-01,dated
2021/2022,Wolverhampton Wanderers,29,PAPER,2022-01-31,38,21,17,34,17,51,51,0,21,17,4558,2932,217.04761904761904,172.47058823529412,217.1,172.5,<run>/run_on/2021-2022/club_split_january_2021-2022_on.csv,<run>/inputs/late/fixtures.csv,10,0.8335,7490,-0.147418,377350000.0,2021-07-01,dated
2021/2022,West Ham United,1,PAPER,2022-01-31,38,23,15,37,19,56,56,0,23,15,4418,3203,192.08695652173913,213.53333333333333,192.1,213.5,<run>/run_on/2021-2022/club_split_january_2021-2022_on.csv,<run>/inputs/late/fixtures.csv,7,0.8326,7620,-0.465457,274550000.0,2021-07-01,dated
2021/2022,Arsenal,19,PAPER,2022-01-31,38,21,17,36,33,69,69,0,21,17,4952,3188,235.8095238095238,187.52941176470588,235.8,187.5,<run>/run_on/2021-2022/club_split_january_2021-2022_on.csv,<run>/inputs/late/fixtures.csv,5,0.819,8141,0.226232,548300000.0,2021-07-01,dated
2021/2022,Burnley,27,PAPER,2022-01-31,38,18,20,12,23,35,35,0,18,20,2380,5735,132.22222222222223,286.75,132.2,286.8,<run>/run_on/2021-2022/club_split_january_2021-2022_on.csv,<run>/inputs/late/fixtures.csv,18,0.8178,8116,-1.205394,131000000.0,2021-07-01,dated
2021/2022,Southampton,65,PAPER,2022-01-31,38,22,16,25,15,40,40,0,22,16,4771,3657,216.86363636363637,228.5625,216.9,228.6,<run>/run_on/2021-2022/club_split_january_2021-2022_on.csv,<run>/inputs/late/fixtures.csv,15,0.813,8428,-0.489231,268100000.00000003,2021-07-01,dated
2021/2022,Liverpool,8,PAPER,2022-01-31,38,22,16,48,44,92,92,0,22,16,6205,3020,282.04545454545456,188.75,282.0,188.8,<run>/run_on/2021-2022/club_split_january_2021-2022_on.csv,<run>/inputs/late/fixtures.csv,2,0.8063,9225,0.748121,924000000.0,2021-07-01,dated
2021/2022,Brentford,236,PAPER,2022-01-31,38,23,15,23,23,46,46,0,23,15,6199,3065,269.5217391304348,204.33333333333334,269.5,204.3,<run>/run_on/2021-2022/club_split_january_2021-2022_on.csv,<run>/inputs/late/fixtures.csv,13,0.8021,9264,-1.102823,145150000.0,2021-07-01,dated
2021/2022,Chelsea,18,PAPER,2022-01-31,38,24,14,47,27,74,74,0,24,14,5543,4098,230.95833333333334,292.7142857142857,231.0,292.7,<run>/run_on/2021-2022/club_split_january_2021-2022_on.csv,<run>/inputs/late/fixtures.csv,3,0.7935,9642,0.781644,955500000.0,2021-07-01,dated
2021/2022,Norwich City,33,PAPER,2022-01-31,38,22,16,16,6,22,22,0,22,16,5891,4805,267.77272727272725,300.3125,267.8,300.3,<run>/run_on/2021-2022/club_split_january_2021-2022_on.csv,<run>/inputs/late/fixtures.csv,20,0.7791,10697,-1.188364,133250000.0,2021-07-01,dated
2021/2022,Manchester United,14,PAPER,2022-01-31,38,22,16,38,20,58,58,0,22,16,6456,4849,293.45454545454544,303.0625,293.4,303.1,<run>/run_on/2021-2022/club_split_january_2021-2022_on.csv,<run>/inputs/late/fixtures.csv,6,0.7654,11305,0.558697,764550000.0,2021-07-01,dated
2021/2022,Leeds United,71,PAPER,2022-01-31,38,21,17,22,16,38,38,0,21,17,6314,4940,300.6666666666667,290.5882352941176,300.7,290.6,<run>/run_on/2021-2022/club_split_january_2021-2022_on.csv,<run>/inputs/late/fixtures.csv,17,0.7625,11254,-0.681072,221300000.0,2021-07-01,dated
2021/2022,Watford,25,PAPER,2022-01-31,38,20,18,14,9,23,23,0,20,18,6053,6017,302.65,334.27777777777777,302.7,334.3,<run>/run_on/2021-2022/club_split_january_2021-2022_on.csv,<run>/inputs/late/fixtures.csv,19,0.7552,12070,-1.359862,112250000.0,2021-07-01,dated
2021/2022,Newcastle United,20,PAPER,2022-01-31,38,21,17,15,34,49,49,0,21,17,6480,6697,308.57142857142856,393.94117647058823,308.6,393.9,<run>/run_on/2021-2022/club_split_january_2021-2022_on.csv,<run>/inputs/late/fixtures.csv,11,0.7483,13177,-0.601203,239700000.0,2021-07-01,dated
2021/2022,Leicester City,42,PAPER,2022-01-31,38,20,18,26,26,52,52,0,20,18,7972,6093,398.6,338.5,398.6,338.5,<run>/run_on/2021-2022/club_split_january_2021-2022_on.csv,<run>/inputs/late/fixtures.csv,8,0.7372,14065,0.120527,493300000.0,2021-07-01,dated
2021/2022,Everton,13,PAPER,2022-01-31,38,20,18,19,20,39,39,0,20,18,6624,6513,331.2,361.8333333333333,331.2,361.8,<run>/run_on/2021-2022/club_split_january_2021-2022_on.csv,<run>/inputs/late/fixtures.csv,16,0.7345,13137,0.145748,505900000.0,2021-07-01,dated
2022/2023,Manchester City,9,FINAL,2023-01-31,38,20,18,45,44,89,89,0,20,18,2714,1934,135.7,107.44444444444444,135.7,107.5,<run>/run_on/2022-2023/club_split_january_2022-2023_on.csv,<run>/inputs/late/fixtures.csv,1,0.8888,4648,0.908419,1110000000.0,2022-07-01,dated
2022/2023,Aston Villa,15,FINAL,2023-01-31,38,20,18,28,33,61,61,0,20,18,2967,2131,148.35,118.38888888888889,148.3,118.4,<run>/run_on/2022-2023/club_split_january_2022-2023_on.csv,<run>/inputs/late/fixtures.csv,7,0.8834,5098,0.14454,517100000.0,2022-07-01,dated
2022/2023,West Ham United,1,FINAL,2023-01-31,38,20,18,18,22,40,40,0,20,18,2863,2783,143.15,154.61111111111111,143.1,154.6,<run>/run_on/2022-2023/club_split_january_2022-2023_on.csv,<run>/inputs/late/fixtures.csv,14,0.8722,5646,-0.240065,352000000.0,2022-07-01,dated
2022/2023,Crystal Palace,51,FINAL,2023-01-31,38,20,18,24,21,45,45,0,20,18,2845,3134,142.25,174.11111111111111,142.3,174.1,<run>/run_on/2022-2023/club_split_january_2022-2023_on.csv,<run>/inputs/late/fixtures.csv,11,0.8614,5980,-0.604072,244600000.0,2022-07-01,dated
2022/2023,Arsenal,19,FINAL,2023-01-31,38,19,19,50,34,84,84,0,19,19,2810,3624,147.89473684210526,190.73684210526315,147.9,190.7,<run>/run_on/2022-2023/club_split_january_2022-2023_on.csv,<run>/inputs/late/fixtures.csv,2,0.8592,6434,0.370503,648200000.0,2022-07-01,dated
2022/2023,Wolverhampton Wanderers,29,FINAL,2023-01-31,38,20,18,17,24,41,41,0,20,18,3884,3372,194.2,187.33333333333334,194.2,187.4,<run>/run_on/2022-2023/club_split_january_2022-2023_on.csv,<run>/inputs/late/fixtures.csv,13,0.8403,7257,-0.270349,341500000.0,2022-07-01,dated
2022/2023,Fulham,11,FINAL,2023-01-31,38,21,17,31,21,52,52,0,21,17,3837,3304,182.71428571428572,194.35294117647058,182.7,194.3,<run>/run_on/2022-2023/club_split_january_2022-2023_on.csv,<run>/inputs/late/fixtures.csv,10,0.8402,7141,-1.312047,120500000.0,2022-07-01,dated
2022/2023,Brighton & Hove Albion,78,FINAL,2023-01-31,38,19,19,31,31,62,62,0,19,19,2687,4283,141.42105263157896,225.42105263157896,141.4,225.4,<run>/run_on/2022-2023/club_split_january_2022-2023_on.csv,<run>/inputs/late/fixtures.csv,6,0.8378,6969,-0.396254,301100000.0,2022-07-01,dated
2022/2023,Tottenham Hotspur,6,FINAL,2023-01-31,38,21,17,36,24,60,60,0,21,17,3568,4541,169.9047619047619,267.11764705882354,169.9,267.1,<run>/run_on/2022-2023/club_split_january_2022-2023_on.csv,<run>/inputs/late/fixtures.csv,8,0.8258,8109,0.462737,710830000.0,2022-07-01,dated
2022/2023,Newcastle United,20,FINAL,2023-01-31,38,20,18,39,32,71,71,0,20,18,4606,3601,230.3,200.05555555555554,230.3,200.1,<run>/run_on/2022-2023/club_split_january_2022-2023_on.csv,<run>/inputs/late/fixtures.csv,4,0.8219,8207,-0.269763,341700000.0,2022-07-01,dated
2022/2023,Brentford,236,FINAL,2023-01-31,38,20,18,30,29,59,59,0,20,18,6043,2655,302.15,147.5,302.1,147.5,<run>/run_on/2022-2023/club_split_january_2022-2023_on.csv,<run>/inputs/late/fixtures.csv,9,0.816,8698,-0.602234,245050000.0,2022-07-01,dated
2022/2023,Everton,13,FINAL,2023-01-31,38,20,18,15,21,36,36,0,20,18,5554,3752,277.7,208.44444444444446,277.7,208.4,<run>/run_on/2022-2023/club_split_january_2022-2023_on.csv,<run>/inputs/late/fixtures.csv,17,0.8032,9305,-0.143465,387700000.0,2022-07-01,dated
2022/2023,AFC Bournemouth,52,FINAL,2023-01-31,38,20,18,17,22,39,39,0,20,18,4632,5074,231.6,281.8888888888889,231.6,281.9,<run>/run_on/2022-2023/club_split_january_2022-2023_on.csv,<run>/inputs/late/fixtures.csv,15,0.7968,9705,-1.171744,138650000.0,2022-07-01,dated
2022/2023,Southampton,65,FINAL,2023-01-31,38,20,18,15,10,25,25,0,20,18,3439,6808,171.95,378.22222222222223,171.9,378.2,<run>/run_on/2022-2023/club_split_january_2022-2023_on.csv,<run>/inputs/late/fixtures.csv,20,0.7814,10247,-0.534398,262250000.0,2022-07-01,dated
2022/2023,Leicester City,42,FINAL,2023-01-31,38,20,18,18,16,34,34,0,20,18,4819,5464,240.95,303.55555555555554,241.0,303.5,<run>/run_on/2022-2023/club_split_january_2022-2023_on.csv,<run>/inputs/late/fixtures.csv,18,0.7809,10283,0.138137,513800000.0,2022-07-01,dated
2022/2023,Leeds United,71,FINAL,2023-01-31,38,19,19,18,13,31,31,0,19,19,5108,5591,268.8421052631579,294.2631578947368,268.8,294.3,<run>/run_on/2022-2023/club_split_january_2022-2023_on.csv,<run>/inputs/late/fixtures.csv,19,0.7799,10699,-0.253508,347300000.0,2022-07-01,dated
2022/2023,Manchester United,14,FINAL,2023-01-31,38,20,18,39,36,75,75,0,20,18,5361,5827,268.05,323.72222222222223,268.1,323.7,<run>/run_on/2022-2023/club_split_january_2022-2023_on.csv,<run>/inputs/late/fixtures.csv,3,0.7729,11188,0.420306,681300000.0,2022-07-01,dated
2022/2023,Liverpool,8,FINAL,2023-01-31,38,19,19,29,38,67,67,0,19,19,5858,5681,308.3157894736842,299.0,308.3,299.0,<run>/run_on/2022-2023/club_split_january_2022-2023_on.csv,<run>/inputs/late/fixtures.csv,5,0.7625,11539,0.681326,884500000.0,2022-07-01,dated
2022/2023,Nottingham Forest,63,FINAL,2023-01-31,38,20,18,21,17,38,38,0,20,18,4220,8841,211.0,491.1666666666667,211.0,491.2,<run>/run_on/2022-2023/club_split_january_2022-2023_on.csv,<run>/inputs/late/fixtures.csv,16,0.7402,13061,-1.82149,72400000.0,2022-07-01,dated
2022/2023,Chelsea,18,FINAL,2023-01-31,38,20,18,29,15,44,44,0,20,18,6161,8617,308.05,478.72222222222223,308.0,478.7,<run>/run_on/2022-2023/club_split_january_2022-2023_on.csv,<run>/inputs/late/fixtures.csv,12,0.7163,14778,0.488937,729700000.0,2022-07-01,dated
2023/2024,Manchester City,9,FINAL,2024-02-01,38,21,17,46,45,91,91,0,21,17,3348,1316,159.42857142857142,77.41176470588235,159.4,77.4,<run>/run_on/2023-2024/club_split_january_2023-2024_on.csv,<run>/inputs/late/fixtures.csv,1,0.8903,4664,0.84469,1150000000.0,2023-07-01,dated
2023/2024,Arsenal,19,FINAL,2024-02-01,38,22,16,46,43,89,89,0,22,16,3618,1749,164.45454545454547,109.3125,164.5,109.3,<run>/run_on/2023-2024/club_split_january_2023-2024_on.csv,<run>/inputs/late/fixtures.csv,2,0.8778,5368,0.753718,1050000000.0,2023-07-01,dated
2023/2024,West Ham United,1,FINAL,2024-02-01,38,21,17,35,17,52,52,0,21,17,3343,2496,159.1904761904762,146.8235294117647,159.2,146.8,<run>/run_on/2023-2024/club_split_january_2023-2024_on.csv,<run>/inputs/late/fixtures.csv,9,0.8645,5839,-0.06122,464800000.0,2023-07-01,dated
2023/2024,Everton,13,FINAL,2024-02-01,38,22,16,28,20,48,40,8,22,16,4310,1899,195.9090909090909,118.6875,195.9,118.7,<run>/run_on/2023-2024/club_split_january_2023-2024_on.csv,<run>/inputs/late/fixtures.csv,15,0.8589,6209,-0.260421,380850000.0,2023-07-01,dated
2023/2024,Fulham,11,FINAL,2024-02-01,38,22,16,25,22,47,47,0,22,16,4538,2547,206.27272727272728,159.1875,206.3,159.2,<run>/run_on/2023-2024/club_split_january_2023-2024_on.csv,<run>/inputs/late/fixtures.csv,13,0.8481,7085,-0.669437,253000000.0,2023-07-01,dated
2023/2024,Wolverhampton Wanderers,29,FINAL,2024-02-01,38,21,17,29,17,46,46,0,21,17,2970,3522,141.42857142857142,207.1764705882353,141.4,207.2,<run>/run_on/2023-2024/club_split_january_2023-2024_on.csv,<run>/inputs/late/fixtures.csv,14,0.8462,6491,-0.150738,425000000.0,2023-07-01,dated
2023/2024,AFC Bournemouth,52,FINAL,2024-02-01,38,20,18,25,23,48,48,0,20,18,6128,4703,306.4,261.27777777777777,306.4,261.3,<run>/run_on/2023-2024/club_split_january_2023-2024_on.csv,<run>/inputs/late/fixtures.csv,12,0.7761,10832,-0.66845,253250000.0,2023-07-01,dated
2023/2024,Crystal Palace,51,FINAL,2024-02-01,38,22,16,24,25,49,49,0,22,16,5280,5586,240.0,349.125,240.0,349.1,<run>/run_on/2023-2024/club_split_january_2023-2024_on.csv,<run>/inputs/late/fixtures.csv,10,0.7732,10866,-0.479078,306050000.0,2023-07-01,dated
2023/2024,Nottingham Forest,63,FINAL,2024-02-01,38,22,16,20,16,36,32,4,22,16,8221,4081,373.6818181818182,255.0625,373.7,255.1,<run>/run_on/2023-2024/club_split_january_2023-2024_on.csv,<run>/inputs/late/fixtures.csv,17,0.7533,12302,-0.446515,316180000.0,2023-07-01,dated
2023/2024,Tottenham Hotspur,6,FINAL,2024-02-01,38,22,16,43,23,66,66,0,22,16,9245,3162,420.22727272727275,197.625,420.2,197.6,<run>/run_on/2023-2024/club_split_january_2023-2024_on.csv,<run>/inputs/late/fixtures.csv,5,0.753,12407,0.202897,605300000.0,2023-07-01,dated
2023/2024,Burnley,27,FINAL,2024-02-01,38,22,16,12,12,24,24,0,22,16,7692,5767,349.6363636363636,360.4375,349.6,360.5,<run>/run_on/2023-2024/club_split_january_2023-2024_on.csv,<run>/inputs/late/fixtures.csv,19,0.7364,13460,-1.32306,131600000.0,2023-07-01,dated
2023/2024,Liverpool,8,FINAL,2024-02-01,38,22,16,51,31,82,82,0,22,16,6720,6746,305.45454545454544,421.625,305.4,421.6,<run>/run_on/2023-2024/club_split_january_2023-2024_on.csv,<run>/inputs/late/fixtures.csv,3,0.7338,13466,0.475892,795300000.0,2023-07-01,dated
2023/2024,Aston Villa,15,FINAL,2024-02-01,38,22,16,43,25,68,68,0,22,16,6818,6854,309.90909090909093,428.375,309.9,428.4,<run>/run_on/2023-2024/club_split_january_2023-2024_on.csv,<run>/inputs/late/fixtures.csv,4,0.7286,13673,-0.022603,483100000.0,2023-07-01,dated
2023/2024,Brighton & Hove Albion,78,FINAL,2024-02-01,38,22,16,32,16,48,48,0,22,16,7065,7191,321.1363636363636,449.4375,321.1,449.5,<run>/run_on/2023-2024/club_split_january_2023-2024_on.csv,<run>/inputs/late/fixtures.csv,11,0.712,14256,-0.017854,485400000.0,2023-07-01,dated
2023/2024,Newcastle United,20,FINAL,2024-02-01,38,22,16,32,28,60,60,0,22,16,7635,7736,347.04545454545456,483.5,347.0,483.5,<run>/run_on/2023-2024/club_split_january_2023-2024_on.csv,<run>/inputs/late/fixtures.csv,7,0.7034,15370,0.082612,536700000.00000006,2023-07-01,dated
2023/2024,Sheffield United,21,FINAL,2024-02-01,38,22,16,10,6,16,16,0,22,16,9031,6957,410.5,434.8125,410.5,434.8,<run>/run_on/2023-2024/club_split_january_2023-2024_on.csv,<run>/inputs/late/fixtures.csv,20,0.6972,15987,-1.623488,97450000.0,2023-07-01,dated
2023/2024,Manchester United,14,FINAL,2024-02-01,38,21,17,32,28,60,60,0,21,17,8868,6765,422.2857142857143,397.94117647058823,422.3,398.0,<run>/run_on/2023-2024/club_split_january_2023-2024_on.csv,<run>/inputs/late/fixtures.csv,8,0.6942,15634,0.474005,793800000.0,2023-07-01,dated
2023/2024,Luton Town,115,FINAL,2024-02-01,38,21,17,19,7,26,26,0,21,17,7015,8914,334.04761904761904,524.3529411764706,334.1,524.3,<run>/run_on/2023-2024/club_split_january_2023-2024_on.csv,<run>/inputs/late/fixtures.csv,18,0.6911,15929,-2.661868,34500000.0,2023-07-01,dated
2023/2024,Brentford,236,FINAL,2024-02-01,38,21,17,22,17,39,39,0,21,17,9313,7528,443.4761904761905,442.8235294117647,443.5,442.8,<run>/run_on/2023-2024/club_split_january_2023-2024_on.csv,<run>/inputs/late/fixtures.csv,16,0.6816,16841,-0.349476,348400000.0,2023-07-01,dated
2023/2024,Chelsea,18,FINAL,2024-02-01,38,22,16,31,32,63,63,0,22,16,9441,7760,429.1363636363636,485.0,429.1,485.0,<run>/run_on/2023-2024/club_split_january_2023-2024_on.csv,<run>/inputs/late/fixtures.csv,6,0.6712,17200,0.676735,972200000.0,2023-07-01,dated
2024/2025,Nottingham Forest,63,FINAL,2025-02-03,38,24,14,47,18,65,65,0,24,14,4009,1085,167.04166666666666,77.5,167.0,77.5,<run>/run_on/2024-2025/club_split_january_2024-2025_on.csv,<run>/inputs/late/fixtures.csv,7,0.885,5094,-0.402758,390350000.0,2024-07-01,dated
2024/2025,Liverpool,8,FINAL,2025-02-03,38,23,15,56,28,84,84,0,23,15,3252,1697,141.3913043478261,113.13333333333334,141.4,113.2,<run>/run_on/2024-2025/club_split_january_2024-2025_on.csv,<run>/inputs/late/fixtures.csv,1,0.8838,4950,0.490757,953900000.0,2024-07-01,dated
2024/2025,Crystal Palace,51,FINAL,2025-02-03,38,24,14,30,23,53,53,0,24,14,4206,1606,175.25,114.71428571428571,175.3,114.7,<run>/run_on/2024-2025/club_split_january_2024-2025_on.csv,<run>/inputs/late/fixtures.csv,12,0.8685,5812,-0.275781,443200000.0,2024-07-01,dated
2024/2025,Aston Villa,15,FINAL,2025-02-03,38,24,14,37,29,66,66,0,24,14,4098,2645,170.75,188.92857142857142,170.8,189.0,<run>/run_on/2024-2025/club_split_january_2024-2025_on.csv,<run>/inputs/late/fixtures.csv,6,0.852,6744,0.116512,656100000.0,2024-07-01,dated
2024/2025,Fulham,11,FINAL,2025-02-03,38,24,14,36,18,54,54,0,24,14,3527,3018,146.95833333333334,215.57142857142858,147.0,215.5,<run>/run_on/2024-2025/club_split_january_2024-2025_on.csv,<run>/inputs/late/fixtures.csv,11,0.8506,6545,-0.569195,330500000.0,2024-07-01,dated
2024/2025,West Ham United,1,FINAL,2025-02-03,38,23,15,27,16,43,43,0,23,15,3493,3344,151.8695652173913,222.93333333333334,151.9,223.0,<run>/run_on/2024-2025/club_split_january_2024-2025_on.csv,<run>/inputs/late/fixtures.csv,14,0.8473,6838,-0.265902,447600000.0,2024-07-01,dated
2024/2025,Brentford,236,FINAL,2025-02-03,38,24,14,31,25,56,56,0,24,14,5563,2183,231.79166666666666,155.92857142857142,231.8,156.0,<run>/run_on/2024-2025/club_split_january_2024-2025_on.csv,<run>/inputs/late/fixtures.csv,10,0.8293,7747,-0.287857,437880000.0,2024-07-01,dated
2024/2025,AFC Bournemouth,52,FINAL,2025-02-03,38,24,14,40,16,56,56,0,24,14,5043,3036,210.125,216.85714285714286,210.1,216.9,<run>/run_on/2024-2025/club_split_january_2024-2025_on.csv,<run>/inputs/late/fixtures.csv,9,0.8195,8079,-0.47416,363450000.0,2024-07-01,dated
2024/2025,Wolverhampton Wanderers,29,FINAL,2025-02-03,38,24,14,19,23,42,42,0,24,14,5644,3063,235.16666666666666,218.78571428571428,235.2,218.8,<run>/run_on/2024-2025/club_split_january_2024-2025_on.csv,<run>/inputs/late/fixtures.csv,16,0.8133,8706,-0.367694,404280000.0,2024-07-01,dated
2024/2025,Newcastle United,20,FINAL,2025-02-03,38,24,14,41,25,66,66,0,24,14,6491,3182,270.4583333333333,227.28571428571428,270.4,227.3,<run>/run_on/2024-2025/club_split_january_2024-2025_on.csv,<run>/inputs/late/fixtures.csv,5,0.8018,9673,0.065627,623550000.0,2024-07-01,dated
2024/2025,Chelsea,18,FINAL,2025-02-03,38,23,15,40,29,69,69,0,23,15,6058,3710,263.39130434782606,247.33333333333334,263.4,247.3,<run>/run_on/2024-2025/club_split_january_2024-2025_on.csv,<run>/inputs/late/fixtures.csv,4,0.7966,9769,0.624131,1090000000.0,2024-07-01,dated
2024/2025,Manchester City,9,FINAL,2025-02-03,38,24,14,41,30,71,71,0,24,14,5481,4078,228.375,291.2857142857143,228.4,291.3,<run>/run_on/2024-2025/club_split_january_2024-2025_on.csv,<run>/inputs/late/fixtures.csv,3,0.7954,9559,0.881543,1410000000.0,2024-07-01,dated
2024/2025,Leicester City,42,FINAL,2025-02-03,38,24,14,17,8,25,25,0,24,14,5226,4076,217.75,291.14285714285717,217.8,291.2,<run>/run_on/2024-2025/club_split_january_2024-2025_on.csv,<run>/inputs/late/fixtures.csv,18,0.7953,9303,-1.002425,214300000.0,2024-07-01,dated
2024/2025,Everton,13,FINAL,2025-02-03,38,23,15,26,22,48,48,0,23,15,4896,4743,212.8695652173913,316.2,212.9,316.2,<run>/run_on/2024-2025/club_split_january_2024-2025_on.csv,<run>/inputs/late/fixtures.csv,13,0.7941,9639,-0.51645,348400000.0,2024-07-01,dated
2024/2025,Arsenal,19,FINAL,2025-02-03,38,24,14,50,24,74,74,0,24,14,5826,4592,242.75,328.0,242.7,328.0,<run>/run_on/2024-2025/club_split_january_2024-2025_on.csv,<run>/inputs/late/fixtures.csv,2,0.7748,10418,0.677716,1150000000.0,2024-07-01,dated
2024/2025,Manchester United,14,FINAL,2025-02-03,38,24,14,29,13,42,42,0,24,14,5533,5948,230.54166666666666,424.85714285714283,230.5,424.8,<run>/run_on/2024-2025/club_split_january_2024-2025_on.csv,<run>/inputs/late/fixtures.csv,15,0.7615,11481,0.297982,786650000.0,2024-07-01,dated
2024/2025,Ipswich Town,116,FINAL,2025-02-03,38,24,14,16,6,22,22,0,24,14,7056,5283,294.0,377.35714285714283,294.0,377.4,<run>/run_on/2024-2025/club_split_january_2024-2025_on.csv,<run>/inputs/late/fixtures.csv,19,0.7515,12339,-2.50006,47930000.0,2024-07-01,dated
2024/2025,Southampton,65,FINAL,2025-02-03,38,24,14,9,3,12,12,0,24,14,9195,4063,383.125,290.2142857142857,383.1,290.2,<run>/run_on/2024-2025/club_split_january_2024-2025_on.csv,<run>/inputs/late/fixtures.csv,20,0.7338,13258,-1.070485,200200000.0,2024-07-01,dated
2024/2025,Brighton & Hove Albion,78,FINAL,2025-02-03,38,24,14,34,27,61,61,0,24,14,8863,5197,369.2916666666667,371.2142857142857,369.3,371.2,<run>/run_on/2024-2025/club_split_january_2024-2025_on.csv,<run>/inputs/late/fixtures.csv,8,0.7269,14060,-0.06307,548250000.0,2024-07-01,dated
2024/2025,Tottenham Hotspur,6,FINAL,2025-02-03,38,24,14,27,11,38,38,0,24,14,9001,5630,375.0416666666667,402.14285714285717,375.1,402.1,<run>/run_on/2024-2025/club_split_january_2024-2025_on.csv,<run>/inputs/late/fixtures.csv,17,0.7198,14631,0.354391,832300000.0,2024-07-01,dated
2025/2026,Brentford,236,FINAL,2026-02-02,38,24,14,36,17,53,53,0,24,14,2133,2338,88.875,167.0,88.9,167.0,<run>/run_on/2025-2026/club_split_january_2025-2026_on.csv,<run>/inputs/late/fixtures.csv,9,0.8895,4471,-0.321447,438080000.0,2025-07-01,dated
2025/2026,Leeds United,71,FINAL,2026-02-02,38,24,14,26,21,47,47,0,24,14,3621,2316,150.875,165.42857142857142,150.9,165.4,<run>/run_on/2025-2026/club_split_january_2025-2026_on.csv,<run>/inputs/late/fixtures.csv,14,0.8663,5936,-0.932628,237750000.0,2025-07-01,dated
2025/2026,Wolverhampton Wanderers,29,FINAL,2026-02-02,38,24,14,8,12,20,20,0,24,14,4145,1570,172.70833333333334,112.14285714285714,172.7,112.2,<run>/run_on/2025-2026/club_split_january_2025-2026_on.csv,<run>/inputs/late/fixtures.csv,20,0.8642,5716,-0.656687,313300000.0,2025-07-01,dated
2025/2026,West Ham United,1,FINAL,2026-02-02,38,24,14,20,19,39,39,0,24,14,5031,1141,209.625,81.5,209.6,81.5,<run>/run_on/2025-2026/club_split_january_2025-2026_on.csv,<run>/inputs/late/fixtures.csv,18,0.8577,6171,-0.486299,371500000.0,2025-07-01,dated
2025/2026,AFC Bournemouth,52,FINAL,2026-02-02,38,24,14,33,24,57,57,0,24,14,3933,2375,163.875,169.64285714285714,163.9,169.6,<run>/run_on/2025-2026/club_split_january_2025-2026_on.csv,<run>/inputs/late/fixtures.csv,6,0.8519,6308,-0.360859,421150000.0,2025-07-01,dated
2025/2026,Crystal Palace,51,FINAL,2026-02-02,38,24,14,29,16,45,45,0,24,14,4640,2468,193.33333333333334,176.28571428571428,193.3,176.3,<run>/run_on/2025-2026/club_split_january_2025-2026_on.csv,<run>/inputs/late/fixtures.csv,15,0.8421,7108,-0.275452,458700000.0,2025-07-01,dated
2025/2026,Liverpool,8,FINAL,2026-02-02,38,24,14,39,21,60,60,0,24,14,3485,3378,145.20833333333334,241.28571428571428,145.2,241.3,<run>/run_on/2025-2026/club_split_january_2025-2026_on.csv,<run>/inputs/late/fixtures.csv,5,0.8418,6864,0.634935,1140000000.0,2025-07-01,dated
2025/2026,Fulham,11,FINAL,2026-02-02,38,24,14,34,18,52,52,0,24,14,4840,2490,201.66666666666666,177.85714285714286,201.6,177.9,<run>/run_on/2025-2026/club_split_january_2025-2026_on.csv,<run>/inputs/late/fixtures.csv,11,0.8378,7329,-0.598412,332100000.0,2025-07-01,dated
2025/2026,Everton,13,FINAL,2026-02-02,38,24,14,34,15,49,49,0,24,14,5589,2533,232.875,180.92857142857142,232.9,180.9,<run>/run_on/2025-2026/club_split_january_2025-2026_on.csv,<run>/inputs/late/fixtures.csv,13,0.821,8122,-0.827142,264200000.0,2025-07-01,dated
2025/2026,Arsenal,19,FINAL,2026-02-02,38,24,14,53,32,85,85,0,24,14,5768,2880,240.33333333333334,205.71428571428572,240.3,205.7,<run>/run_on/2025-2026/club_split_january_2025-2026_on.csv,<run>/inputs/late/fixtures.csv,1,0.8177,8648,0.617236,1120000000.0,2025-07-01,dated
2025/2026,Aston Villa,15,FINAL,2026-02-02,38,24,14,46,19,65,65,0,24,14,4539,3775,189.125,269.64285714285717,189.1,269.6,<run>/run_on/2025-2026/club_split_january_2025-2026_on.csv,<run>/inputs/late/fixtures.csv,4,0.8147,8314,-0.051567,573800000.0,2025-07-01,dated
2025/2026,Brighton & Hove Albion,78,FINAL,2026-02-02,38,24,14,31,22,53,53,0,24,14,6238,3120,259.9166666666667,222.85714285714286,259.9,222.9,<run>/run_on/2025-2026/club_split_january_2025-2026_on.csv,<run>/inputs/late/fixtures.csv,8,0.8016,9358,0.19874,737000000.0,2025-07-01,dated
2025/2026,Newcastle United,20,FINAL,2026-02-02,38,24,14,33,16,49,49,0,24,14,5796,3918,241.5,279.85714285714283,241.5,279.9,<run>/run_on/2025-2026/club_split_january_2025-2026_on.csv,<run>/inputs/late/fixtures.csv,12,0.7964,9714,0.074708,651030000.0,2025-07-01,dated
2025/2026,Manchester City,9,FINAL,2026-02-02,38,24,14,47,31,78,78,0,24,14,6397,3246,266.5416666666667,231.85714285714286,266.5,231.9,<run>/run_on/2025-2026/club_split_january_2025-2026_on.csv,<run>/inputs/late/fixtures.csv,2,0.7948,9643,0.789086,1330000000.0,2025-07-01,dated
2025/2026,Manchester United,14,FINAL,2026-02-02,38,24,14,41,30,71,71,0,24,14,5985,3791,249.375,270.7857142857143,249.4,270.8,<run>/run_on/2025-2026/club_split_january_2025-2026_on.csv,<run>/inputs/late/fixtures.csv,3,0.7923,9776,0.303014,818000000.0,2025-07-01,dated
2025/2026,Nottingham Forest,63,FINAL,2026-02-02,38,24,14,26,18,44,44,0,24,14,6181,4292,257.5416666666667,306.57142857142856,257.5,306.6,<run>/run_on/2025-2026/club_split_january_2025-2026_on.csv,<run>/inputs/late/fixtures.csv,16,0.7821,10473,-0.250371,470350000.0,2025-07-01,dated
2025/2026,Chelsea,18,FINAL,2026-02-02,38,24,14,40,12,52,52,0,24,14,6533,4070,272.2083333333333,290.7142857142857,272.2,290.7,<run>/run_on/2025-2026/club_split_january_2025-2026_on.csv,<run>/inputs/late/fixtures.csv,10,0.7767,10603,0.702758,1220000000.0,2025-07-01,dated
2025/2026,Sunderland,3,FINAL,2026-02-02,38,23,15,33,21,54,54,0,23,15,7577,3493,329.4347826086956,232.86666666666667,329.4,232.9,<run>/run_on/2025-2026/club_split_january_2025-2026_on.csv,<run>/inputs/late/fixtures.csv,7,0.776,11070,-1.381614,151750000.0,2025-07-01,dated
2025/2026,Burnley,27,FINAL,2026-02-02,38,23,15,15,7,22,22,0,23,15,6379,5299,277.3478260869565,353.26666666666665,277.3,353.3,<run>/run_on/2025-2026/club_split_january_2025-2026_on.csv,<run>/inputs/late/fixtures.csv,19,0.7601,11678,-0.967074,229700000.0,2025-07-01,dated
2025/2026,Tottenham Hotspur,6,FINAL,2026-02-02,38,24,14,29,12,41,41,0,24,14,9389,7276,391.2083333333333,519.7142857142857,391.2,519.7,<run>/run_on/2025-2026/club_split_january_2025-2026_on.csv,<run>/inputs/late/fixtures.csv,17,0.6915,16664,0.28687,804900000.0,2025-07-01,dated
