season,club,team_id,c,log_value_rel,resid
2018/2019,Wolverhampton Wanderers,29,0.149505,-1.072268,0.15196965790517897
2018/2019,Chelsea,18,0.07110500000000008,0.860307,0.06690926980974556
2018/2019,Crystal Palace,51,0.062305000000000055,-0.750377,0.06366029915613838
2018/2019,Liverpool,8,0.033704999999999985,0.804697,0.029700923009226485
2018/2019,Everton,13,0.023604999999999987,-0.0464,0.02253412680564275
2018/2019,Fulham,11,0.013705000000000078,-1.537588,0.017773327511050537
2018/2019,Southampton,65,0.009504999999999986,-0.415373,0.009705748024346489
2018/2019,Huddersfield Town,251,0.0009050000000000447,-1.204682,0.0038260068847884533
2018/2019,Cardiff City,69,-0.003094999999999959,-1.878807,0.002149297895400769
2018/2019,Manchester City,9,-0.004894999999999983,1.004823,-0.009588787262295534
2018/2019,Brighton & Hove Albion,78,-0.005994999999999973,-0.994757,-0.0037974744657070826
2018/2019,AFC Bournemouth,52,-0.01619499999999996,-1.028633,-0.013880724892148007
2018/2019,Burnley,27,-0.028594999999999926,-0.868082,-0.026834044669703794
2018/2019,Newcastle United,20,-0.029594999999999927,-0.709431,-0.028380816324997185
2018/2019,Tottenham Hotspur,6,-0.03279500000000002,0.78596,-0.036734502166125504
2018/2019,Watford,25,-0.038694999999999924,-0.696988,-0.03752369963305585
2018/2019,Arsenal,19,-0.040794999999999915,0.360373,-0.04326776758228195
2018/2019,Manchester United,14,-0.041895000000000016,0.825439,-0.04597056180759847
2018/2019,Leicester City,42,-0.05049499999999996,-0.09821,-0.05138731623940103
2018/2019,West Ham United,1,-0.071295,-0.482484,-0.07086296195820391
2019/2020,Wolverhampton Wanderers,29,0.11802000000000001,-0.380592,0.11823313603775303
2019/2020,Sheffield United,21,0.08062000000000002,-2.436576,0.08791883845965219
2019/2020,Southampton,65,0.07422000000000006,-0.374469,0.07441203385216735
2019/2020,Burnley,27,0.034619999999999984,-0.845463,0.03643525821894249
2019/2020,Leicester City,42,0.03202000000000005,-0.149599,0.03143704635050757
2019/2020,Liverpool,8,0.028020000000000045,0.923583,0.023738453221116205
2019/2020,Brighton & Hove Albion,78,0.018419999999999992,-0.770657,0.019977448306330046
2019/2020,Manchester City,9,0.012920000000000043,0.976227,0.008457021985124843
2019/2020,Norwich City,33,0.008419999999999983,-1.689157,0.01314294846319622
2019/2020,Everton,13,0.006619999999999959,0.084733,0.005229449199980788
2019/2020,Chelsea,18,-0.0047800000000000065,0.657468,-0.008144413328427184
2019/2020,Crystal Palace,51,-0.009780000000000011,-0.716036,-0.008410796423194384
2019/2020,West Ham United,1,-0.011880000000000002,-0.2129,-0.012244794340369142
2019/2020,Manchester United,14,-0.015880000000000005,0.597454,-0.019037582270817855
2019/2020,Watford,25,-0.016179999999999972,-0.636207,-0.015085917503240585
2019/2020,Tottenham Hotspur,6,-0.02178000000000002,0.69366,-0.025269144718386156
2019/2020,Arsenal,19,-0.061779999999999946,0.279226,-0.06384084761222311
2019/2020,Newcastle United,20,-0.08028000000000002,-0.753401,-0.07878202242933342
2019/2020,Aston Villa,15,-0.08928000000000003,-1.24829,-0.08607644680915776
2019/2020,AFC Bournemouth,52,-0.10228000000000004,-0.373975,-0.10208966865962098
2021/2022,Tottenham Hotspur,6,0.0619249999999999,0.419196,0.05967576687362371
2021/2022,Crystal Palace,51,0.051925,-0.878509,0.05414815161076702
2021/2022,Aston Villa,15,0.050925,-0.094642,0.05044664795103678
2021/2022,Manchester City,9,0.046624999999999917,0.931524,0.04261008983021934
2021/2022,Brighton & Hove Albion,78,0.0407249999999999,-0.386522,0.04125257738575209
2021/2022,Wolverhampton Wanderers,29,0.03002499999999997,-0.147418,0.02972853410920634
2021/2022,West Ham United,1,0.029124999999999956,-0.465457,0.0299246174019549
2021/2022,Arsenal,19,0.0155249999999999,0.226232,0.01394079417059653
2021/2022,Burnley,27,0.014324999999999921,-1.205394,0.01767472158221735
2021/2022,Southampton,65,0.009524999999999895,-0.489231,0.010406551643358582
2021/2022,Liverpool,8,0.0028249999999999664,0.748121,-0.0005578337133083974
2021/2022,Brentford,236,-0.001375000000000015,-1.102823,0.0016212229250699784
2021/2022,Chelsea,18,-0.009975000000000067,0.781644,-0.013473366714678735
2021/2022,Norwich City,33,-0.024375000000000036,-1.188364,-0.021083970271534844
2021/2022,Manchester United,14,-0.03807500000000008,0.558697,-0.04080500660202459
2021/2022,Leeds United,71,-0.040975000000000095,-0.681072,-0.03943229134456371
2021/2022,Watford,25,-0.04827500000000007,-1.359862,-0.04439292297060702
2021/2022,Newcastle United,20,-0.055175000000000085,-0.601203,-0.05390755027981546
2021/2022,Leicester City,42,-0.06627500000000008,0.120527,-0.06749490621690314
2021/2022,Everton,13,-0.06897500000000001,0.145748,-0.07028182737036667
2022/2023,Manchester City,9,0.07474500000000006,0.908419,0.07092419409525468
2022/2023,Aston Villa,15,0.06934499999999999,0.14454,0.06815681150878403
2022/2023,West Ham United,1,0.058145,-0.240065,0.058282306541806925
2022/2023,Crystal Palace,51,0.04734500000000008,-0.604072,0.048736813036744826
2022/2023,Arsenal,19,0.04514499999999999,0.370503,0.04317805711363329
2022/2023,Wolverhampton Wanderers,29,0.026245000000000074,-0.270349,0.02648667671790992
2022/2023,Fulham,11,0.026144999999999974,-1.312047,0.029976764015032506
2022/2023,Brighton & Hove Albion,78,0.023745000000000016,-0.396254,0.024420593209200266
2022/2023,Tottenham Hotspur,6,0.011745000000000005,0.462737,0.009460183687973647
2022/2023,Newcastle United,20,0.007844999999999991,-0.269763,0.008084657139148896
2022/2023,Brentford,236,0.0019449999999999745,-0.602234,0.0033304785900508476
2022/2023,Everton,13,-0.010854999999999948,-0.143465,-0.01105061377953573
2022/2023,AFC Bournemouth,52,-0.01725500000000002,-1.171744,-0.01390677345748659
2022/2023,Southampton,65,-0.03265499999999999,-0.534398,-0.03150331005299884
2022/2023,Leicester City,42,-0.033154999999999935,0.138137,-0.034321121319191496
2022/2023,Leeds United,71,-0.034154999999999935,-0.253508,-0.033971363769996224
2022/2023,Manchester United,14,-0.04115499999999994,0.420306,-0.04329358295638559
2022/2023,Liverpool,8,-0.05155500000000002,0.681326,-0.05459315710003859
2022/2023,Nottingham Forest,63,-0.073855,-1.82149,-0.06826750174826156
2022/2023,Chelsea,18,-0.09775499999999993,0.488937,-0.1001301114716451
2023/2024,Manchester City,9,0.12575499999999995,0.84469,0.12194374142983223
2023/2024,Arsenal,19,0.113255,0.753718,0.10975726552375761
2023/2024,West Ham United,1,0.09995500000000002,-0.06122,0.0992658516607595
2023/2024,Everton,13,0.09435499999999997,-0.260421,0.09435237403065375
2023/2024,Fulham,11,0.08355499999999993,-0.669437,0.08496199864922832
2023/2024,Wolverhampton Wanderers,29,0.08165499999999992,-0.150738,0.08127436471796393
2023/2024,AFC Bournemouth,52,0.011554999999999982,-0.66845,0.012958597072032039
2023/2024,Crystal Palace,51,0.008654999999999968,-0.479078,0.009405949172515353
2023/2024,Nottingham Forest,63,-0.01124500000000006,-0.446515,-0.010606275303922382
2023/2024,Tottenham Hotspur,6,-0.011545000000000027,0.202897,-0.013144395922181229
2023/2024,Burnley,27,-0.028144999999999976,-1.32306,-0.024485368025751075
2023/2024,Liverpool,8,-0.030745000000000022,0.475892,-0.03328524046798818
2023/2024,Aston Villa,15,-0.035945000000000005,-0.022603,-0.03676723720103442
2023/2024,Brighton & Hove Albion,78,-0.052545000000000064,-0.017854,-0.053383604060310424
2023/2024,Newcastle United,20,-0.061145000000000005,0.082612,-0.062329848087267055
2023/2024,Sheffield United,21,-0.06734499999999999,-1.623488,-0.062649978933615
2023/2024,Manchester United,14,-0.07034499999999999,0.474005,-0.07287873714866751
2023/2024,Luton Town,115,-0.07344499999999998,-2.661868,-0.0651713267257906
2023/2024,Brentford,236,-0.08294500000000005,-0.349476,-0.08264070858614571
2023/2024,Chelsea,18,-0.09334500000000001,0.676735,-0.09657742179406925
2024/2025,Nottingham Forest,63,0.07996000000000003,-0.402758,0.0806092949162803
2024/2025,Liverpool,8,0.07876000000000005,0.490757,0.07632990256716514
2024/2025,Crystal Palace,51,0.06346000000000007,-0.275781,0.06367168390548186
2024/2025,Aston Villa,15,0.04696,0.116512,0.04581969310195702
2024/2025,Fulham,11,0.045560000000000045,-0.569195,0.046782900087329125
2024/2025,West Ham United,1,0.042260000000000075,-0.265902,0.04243763711609735
2024/2025,Brentford,236,0.02426000000000006,-0.287857,0.024513302392029826
2024/2025,AFC Bournemouth,52,0.014460000000000028,-0.47416,0.015355373350902566
2024/2025,Wolverhampton Wanderers,29,0.008260000000000045,-0.367694,0.008788451043117157
2024/2025,Newcastle United,20,-0.0032400000000000206,0.065627,-0.004204937844714604
2024/2025,Chelsea,18,-0.008440000000000003,0.624131,-0.011329754937376962
2024/2025,Manchester City,9,-0.009639999999999982,0.881543,-0.013416894541491515
2024/2025,Leicester City,42,-0.009739999999999971,-1.002425,-0.007024024645431767
2024/2025,Everton,13,-0.01093999999999995,-0.51645,-0.009898879233056181
2024/2025,Arsenal,19,-0.030239999999999934,0.677716,-0.03331442921707822
2024/2025,Manchester United,14,-0.04354000000000002,0.297982,-0.04530572150170823
2024/2025,Ipswich Town,116,-0.05354000000000003,-2.50006,-0.04566260512727365
2024/2025,Southampton,65,-0.07123999999999997,-1.070485,-0.0682894640132311
2024/2025,Brighton & Hove Albion,78,-0.07813999999999999,-0.06307,-0.07866139906007853
2024/2025,Tottenham Hotspur,6,-0.08523999999999998,0.354391,-0.08720012835891958
2025/2026,Brentford,236,0.07569000000000004,-0.321447,0.07619433206867748
2025/2026,Leeds United,71,0.05249000000000004,-0.932628,0.05510069412787577
2025/2026,Wolverhampton Wanderers,29,0.050390000000000046,-0.656687,0.052049696546181926
2025/2026,West Ham United,1,0.043890000000000096,-0.486299,0.044962474727207435
2025/2026,AFC Bournemouth,52,0.03809000000000007,-0.360859,0.03873016080268123
2025/2026,Crystal Palace,51,0.028290000000000037,-0.275452,0.028635815814224506
2025/2026,Liverpool,8,0.02799000000000007,0.634935,0.02519827613941895
2025/2026,Fulham,11,0.023990000000000067,-0.598412,0.025448858743632813
2025/2026,Everton,13,0.00719000000000003,-0.827142,0.009437149272625702
2025/2026,Arsenal,19,0.00389000000000006,0.617236,0.0011592736214835822
2025/2026,Aston Villa,15,0.0008900000000000574,-0.051567,0.0004642229970008077
2025/2026,Brighton & Hove Albion,78,-0.012209999999999943,0.19874,-0.013498430076232403
2025/2026,Newcastle United,20,-0.017409999999999926,0.074708,-0.018270968654940687
2025/2026,Manchester City,9,-0.01900999999999997,0.789086,-0.022332986805252926
2025/2026,Manchester United,14,-0.021509999999999918,0.303014,-0.023157797918755038
2025/2026,Nottingham Forest,63,-0.031709999999999905,-0.250371,-0.0314506228460197
2025/2026,Chelsea,18,-0.037109999999999976,0.702758,-0.04013546770068903
2025/2026,Sunderland,3,-0.0378099999999999,-1.381614,-0.03365192943942877
2025/2026,Burnley,27,-0.053709999999999924,-0.967074,-0.050980591861886394
2025/2026,Tottenham Hotspur,6,-0.12230999999999992,0.28687,-0.12390215955780517
