season,club,team_id,finish,points,NETavailability,NETabsence,NETavailability_rank,label,club_table_file,standings_season_id,games,tm_id,squad_value_eur,squad_value_text,value_date,value_flag,value_source,log_value_rel,c,availability_part,expected_c0,other,equiv_dlog_value,equiv_value_multiple,equiv_value_eur,pool
2022/2023,Manchester City,9,1,89,0.8888,4648,1,FINAL,2022-2023/club_table_2022-2023_on.csv,19734,38,281,1110000000.0,€1.11bn,2022-07-01,dated,TM GB1 marktwerteverein stichtag=2022-07-01,0.908419,0.07474500000000006,6.133495936267555,70.94763764523395,11.918866418498496,0.371624943821195,1.4500890144457865,499598806.03482306,with2021:FINAL4
2022/2023,Aston Villa,15,7,61,0.8834,5098,2,FINAL,2022-2023/club_table_2022-2023_on.csv,19734,38,405,517100000.0,€517.10m,2022-07-01,dated,TM GB1 marktwerteverein stichtag=2022-07-01,0.14454,0.06934499999999999,5.690377626603428,58.340171918836425,-3.030549545439854,0.34477666371370314,1.4116746062944814,212876938.9148763,with2021:FINAL4
2022/2023,West Ham United,1,14,40,0.8722,5646,3,FINAL,2022-2023/club_table_2022-2023_on.csv,19734,38,379,352000000.0,€352.00m,2022-07-01,dated,TM GB2 marktwerteverein stichtag=2022-07-01,-0.240065,0.058145,4.771317428781547,51.99244622445141,-16.763763653232964,0.28909134200927644,1.3352136840593074,117995216.7888762,with2021:FINAL4
2022/2023,Crystal Palace,51,11,45,0.8614,5980,4,FINAL,2022-2023/club_table_2022-2023_on.csv,19734,38,873,244600000.0,€244.60m,2022-07-01,dated,TM GB1 marktwerteverein stichtag=2022-07-01,-0.604072,0.04734500000000008,3.88508080945331,45.984680889013745,-4.869761698467059,0.23539478179429382,1.265408230268904,64918853.123773925,with2021:FINAL4
2022/2023,Arsenal,19,2,84,0.8592,6434,5,FINAL,2022-2023/club_table_2022-2023_on.csv,19734,38,11,648200000.0,€648.20m,2022-07-01,dated,TM GB1 marktwerteverein stichtag=2022-07-01,0.370503,0.04514499999999999,3.70455112773829,62.069585579814095,18.225863292447613,0.2244565936023524,1.2516423808819876,163114591.2877044,with2021:FINAL4
2022/2023,Wolverhampton Wanderers,29,13,41,0.8403,7257,6,FINAL,2022-2023/club_table_2022-2023_on.csv,19734,38,543,341500000.0,€341.50m,2022-07-01,dated,TM GB2 marktwerteverein stichtag=2022-07-01,-0.270349,0.026245000000000074,2.153637043913871,51.49262296440863,-12.6462600083225,0.1304876132261326,1.1393838265163438,47599576.75533142,with2021:FINAL4
2022/2023,Fulham,11,10,52,0.8402,7141,7,FINAL,2022-2023/club_table_2022-2023_on.csv,19734,38,931,120500000.0,€120.50m,2022-07-01,dated,TM GB1 marktwerteverein stichtag=2022-07-01,-1.312047,0.026144999999999974,2.145431149290453,34.299884543458646,15.554684307250902,0.12999042285377116,1.1388174766508927,16727505.936432574,with2021:FINAL4
2022/2023,Brighton & Hove Albion,78,6,62,0.8378,6969,8,FINAL,2022-2023/club_table_2022-2023_on.csv,19734,38,1237,301100000.0,€301.10m,2022-07-01,dated,TM GB1 marktwerteverein stichtag=2022-07-01,-0.396254,0.023745000000000016,1.948489678328625,49.41461980908942,10.63689051258195,0.11805785391710848,1.125309213030063,37730604.04335198,with2021:FINAL4
2022/2023,Tottenham Hotspur,6,8,60,0.8258,8109,9,FINAL,2022-2023/club_table_2022-2023_on.csv,19734,38,148,710830000.0,€710.83m,2022-07-01,dated,TM GB1 marktwerteverein stichtag=2022-07-01,0.462737,0.011745000000000005,0.9637823235194649,63.591864623757644,-4.555646947277111,0.05839500923379401,1.0601336756045512,42744820.62998312,with2021:FINAL4
2022/2023,Newcastle United,20,4,71,0.8219,8207,10,FINAL,2022-2023/club_table_2022-2023_on.csv,19734,38,762,341700000.0,€341.70m,2022-07-01,dated,TM GB1 marktwerteverein stichtag=2022-07-01,-0.269763,0.007844999999999991,0.643752433206487,51.502294620411305,18.853952946382208,0.03900458471171675,1.0397752507090048,13591203.167266935,with2021:FINAL4
2022/2023,Brentford,236,9,59,0.816,8698,11,FINAL,2022-2023/club_table_2022-2023_on.csv,19734,38,1148,245050000.0,€245.05m,2022-07-01,dated,TM GB1 marktwerteverein stichtag=2022-07-01,-0.602234,0.0019449999999999745,0.1596046504253158,46.01501621961601,12.825379129958677,0.009670352742420419,1.0097172616902608,2381214.9771984015,with2021:FINAL4
2022/2023,Everton,13,17,36,0.8032,9305,12,FINAL,2022-2023/club_table_2022-2023_on.csv,19734,38,29,387700000.0,€387.70m,2022-07-01,dated,TM GB1 marktwerteverein stichtag=2022-07-01,-0.143465,-0.010854999999999948,-0.8907498613711142,53.58678405697463,-16.696034195603517,-0.05397001491978124,0.9474605157554383,-20369558.041616563,with2021:FINAL4
2022/2023,AFC Bournemouth,52,15,39,0.7968,9705,13,FINAL,2022-2023/club_table_2022-2023_on.csv,19734,38,989,138650000.0,€138.65m,2022-07-01,dated,TM GB1 marktwerteverein stichtag=2022-07-01,-1.171744,-0.01725500000000002,-1.4159271172693384,36.615519956672976,3.8004071605963645,-0.08579019875088262,0.9177867638321289,-11398865.194675332,with2021:FINAL4
2022/2023,Southampton,65,20,25,0.7814,10247,14,FINAL,2022-2023/club_table_2022-2023_on.csv,19734,38,180,262250000.0,€262.25m,2022-07-01,dated,TM GB2 marktwerteverein stichtag=2022-07-01,-0.534398,-0.03265499999999999,-2.6796348892744235,47.13461768138666,-19.454982792112233,-0.1623575160944693,0.8501372124664774,-39301516.03066629,with2021:FINAL4
2022/2023,Leicester City,42,18,34,0.7809,10283,15,FINAL,2022-2023/club_table_2022-2023_on.csv,19734,38,1003,513800000.0,€513.80m,2022-07-01,dated,TM GB3 marktwerteverein stichtag=2022-07-01,0.138137,-0.033154999999999935,-2.7206643623914673,58.234493397701364,-21.513829035309897,-0.1648434679562738,0.8480264370104861,-78084016.66401225,with2021:FINAL4
2022/2023,Leeds United,71,19,31,0.7799,10699,16,FINAL,2022-2023/club_table_2022-2023_on.csv,19734,38,399,347300000.0,€347.30m,2022-07-01,dated,TM GB1 marktwerteverein stichtag=2022-07-01,-0.253508,-0.034154999999999935,-2.802723308625564,51.77057579502482,-17.967852486399252,-0.16981537167988334,0.8438205953943598,-54241107.21953883,with2021:FINAL4
2022/2023,Manchester United,14,3,75,0.7729,11188,17,FINAL,2022-2023/club_table_2022-2023_on.csv,19734,38,985,681300000.0,€681.30m,2022-07-01,dated,TM GB1 marktwerteverein stichtag=2022-07-01,0.420306,-0.04115499999999994,-3.3771359322642405,62.89156080831465,15.485575123949587,-0.2046186977451501,0.8149580024989582,-126069112.89745976,with2021:FINAL4
2022/2023,Liverpool,8,5,67,0.7625,11539,18,FINAL,2022-2023/club_table_2022-2023_on.csv,19734,38,31,884500000.0,€884.50m,2022-07-01,dated,TM GB1 marktwerteverein stichtag=2022-07-01,0.681326,-0.05155500000000002,-4.230548973098851,67.1995738626129,4.0309751104859615,-0.2563264964706896,0.7738892554288805,-199994953.57315516,with2021:FINAL4
2022/2023,Nottingham Forest,63,16,38,0.7402,13061,19,FINAL,2022-2023/club_table_2022-2023_on.csv,19734,38,703,72400000.0,€72.40m,2022-07-01,dated,TM GB1 marktwerteverein stichtag=2022-07-01,-1.82149,-0.073855,-6.060463474119205,25.89176602985487,18.168697444264335,-0.3671999495071822,0.6926711319455684,-22250610.047140848,with2021:FINAL4
2022/2023,Chelsea,18,12,44,0.7163,14778,20,FINAL,2022-2023/club_table_2022-2023_on.csv,19734,38,631,729700000.0,€729.70m,2022-07-01,dated,TM GB1 marktwerteverein stichtag=2022-07-01,0.488937,-0.09775499999999993,-8.021672289114106,64.02428337336538,-12.002611084251278,-0.48602844850144966,0.6150643094067374,-280887573.42590374,with2021:FINAL4
2023/2024,Manchester City,9,1,91,0.8903,4664,1,FINAL,2023-2024/club_table_2023-2024_on.csv,21646,38,281,1150000000.0,€1.15bn,2023-07-01,dated,TM GB1 marktwerteverein stichtag=2023-07-01,0.84469,0.12575499999999995,10.319322783668813,70.55191596427593,10.128761252055256,0.6252417527625168,1.8686976656521475,999002315.4999696,with2021:FINAL4
2023/2024,Arsenal,19,2,89,0.8778,5368,2,FINAL,2023-2024/club_table_2023-2024_on.csv,21646,38,11,1050000000.0,€1.05bn,2023-07-01,dated,TM GB1 marktwerteverein stichtag=2023-07-01,0.753718,0.113255,9.293585955742609,69.05046564025622,10.655948404001165,0.5630929562173979,1.7560956361280506,793900417.9344531,with2021:FINAL4
2023/2024,West Ham United,1,9,52,0.8645,5839,3,FINAL,2023-2024/club_table_2023-2024_on.csv,21646,38,379,464800000.0,€464.80m,2023-07-01,dated,TM GB2 marktwerteverein stichtag=2023-07-01,-0.06122,0.09995500000000002,8.202201970829126,55.60029499262886,-11.802496963457983,0.4969666366933911,1.6437276776147363,299204624.55532944,with2021:FINAL4
2023/2024,Everton,13,15,40,0.8589,6209,4,FINAL,2023-2024/club_table_2023-2024_on.csv,21646,38,29,380850000.0,€380.85m,2023-07-01,dated,TM GB1 marktwerteverein stichtag=2023-07-01,-0.260421,0.09435499999999997,7.742671871918182,52.31257562848334,-20.05524750040152,0.4691239758411775,1.5985931734033254,227974210.0906565,with2021:FINAL4
2023/2024,Fulham,11,13,47,0.8481,7085,5,FINAL,2023-2024/club_table_2023-2024_on.csv,21646,38,931,253000000.0,€253.00m,2023-07-01,dated,TM GB1 marktwerteverein stichtag=2023-07-01,-0.669437,0.08355499999999993,6.856435252589936,45.561957793003884,-5.418393045593817,0.4154274156261944,1.5150181447559223,130299590.62324835,with2021:FINAL4
2023/2024,Wolverhampton Wanderers,29,14,46,0.8462,6491,6,FINAL,2023-2024/club_table_2023-2024_on.csv,21646,38,543,425000000.0,€425.00m,2023-07-01,dated,TM GB2 marktwerteverein stichtag=2023-07-01,-0.150738,0.08165499999999992,6.700523254745151,54.12284225875916,-14.823365513504307,0.4059807985513362,1.5007737351515222,212828837.43939695,with2021:FINAL4
2023/2024,AFC Bournemouth,52,12,48,0.7761,10832,7,FINAL,2023-2024/club_table_2023-2024_on.csv,21646,38,989,253250000.0,€253.25m,2023-07-01,dated,TM GB1 marktwerteverein stichtag=2023-07-01,-0.66845,0.011554999999999982,0.9481911237349847,45.578247766510096,1.4735611097549182,0.057450347526308086,1.0591326807915653,14975351.410463914,with2021:FINAL4
2023/2024,Crystal Palace,51,10,49,0.7732,10866,8,FINAL,2023-2024/club_table_2023-2024_on.csv,21646,38,873,306050000.0,€306.05m,2023-07-01,dated,TM GB1 marktwerteverein stichtag=2023-07-01,-0.479078,0.008654999999999968,0.7102201796561034,48.703744081423,-0.41396426107910145,0.04303182672784037,1.0439711205066033,13457361.431045953,with2021:FINAL4
2023/2024,Nottingham Forest,63,17,32,0.7533,12302,9,FINAL,2023-2024/club_table_2023-2024_on.csv,21646,38,703,316180000.0,€316.18m,2023-07-01,dated,TM GB1 marktwerteverein stichtag=2023-07-01,-0.446515,-0.01124500000000006,-0.9227528504024212,49.241181170868686,-16.318428320466268,-0.05590905737198952,0.9456251296144893,-17192246.518490773,with2021:FINAL4
2023/2024,Tottenham Hotspur,6,5,66,0.753,12407,10,FINAL,2023-2024/club_table_2023-2024_on.csv,21646,38,148,605300000.0,€605.30m,2023-07-01,dated,TM GB1 marktwerteverein stichtag=2023-07-01,0.202897,-0.011545000000000027,-0.9473705342726474,59.95942258385592,6.987947950416732,-0.057400628489072215,0.9442157138667832,-33766228.396436155,with2021:FINAL4
2023/2024,Burnley,27,19,24,0.7364,13460,11,FINAL,2023-2024/club_table_2023-2024_on.csv,21646,38,1132,131600000.0,€131.60m,2023-07-01,dated,TM GB2 marktwerteverein stichtag=2023-07-01,-1.32306,-0.028144999999999976,-2.309549041758647,34.77421579396328,-8.464666752204636,-0.13993423030099025,0.8694154147085921,-17184931.424349282,with2021:FINAL4
2023/2024,Liverpool,8,3,82,0.7338,13466,12,FINAL,2023-2024/club_table_2023-2024_on.csv,21646,38,31,795300000.0,€795.30m,2023-07-01,dated,TM GB1 marktwerteverein stichtag=2023-07-01,0.475892,-0.030745000000000022,-2.5229023019673016,64.46507741397679,20.05782488799052,-0.15286117998237525,0.8582488556633904,-112734685.09090564,with2021:FINAL4
2023/2024,Aston Villa,15,4,68,0.7286,13673,13,FINAL,2023-2024/club_table_2023-2024_on.csv,21646,38,405,483100000.0,€483.10m,2023-07-01,dated,TM GB1 marktwerteverein stichtag=2023-07-01,-0.022603,-0.035945000000000005,-2.9496088223846026,56.237650521392304,14.7119583009923,-0.17871507934514477,0.8363441571780897,-79062137.66726485,with2021:FINAL4
2023/2024,Brighton & Hove Albion,78,11,48,0.712,14256,14,FINAL,2023-2024/club_table_2023-2024_on.csv,21646,38,1237,485400000.0,€485.40m,2023-07-01,dated,TM GB1 marktwerteverein stichtag=2023-07-01,-0.017854,-0.052545000000000064,-4.311787329870611,56.31603054589181,-4.004243216021202,-0.2612486811570633,0.77008938908073,-111598610.54021366,with2021:FINAL4
2023/2024,Newcastle United,20,7,60,0.7034,15370,15,FINAL,2023-2024/club_table_2023-2024_on.csv,21646,38,762,536700000.00000006,€536.70m,2023-07-01,dated,TM GB1 marktwerteverein stichtag=2023-07-01,0.082612,-0.061145000000000005,-5.017494267483837,57.974174900780824,7.043319366703017,-0.30400705318010507,0.7378556622033609,-140692866.09545624,with2021:FINAL4
2023/2024,Sheffield United,21,20,16,0.6972,15987,16,FINAL,2023-2024/club_table_2023-2024_on.csv,21646,38,350,97450000.0,€97.45m,2023-07-01,dated,TM GB2 marktwerteverein stichtag=2023-07-01,-1.623488,-0.06734499999999999,-5.526259734135234,29.815792125751226,-8.289532391615992,-0.33483285626648407,0.7154576606238057,-27728650.97221014,with2021:FINAL4
2023/2024,Manchester United,14,8,60,0.6942,15634,17,FINAL,2023-2024/club_table_2023-2024_on.csv,21646,38,985,793800000.0,€793.80m,2023-07-01,dated,TM GB1 marktwerteverein stichtag=2023-07-01,0.474005,-0.07034499999999999,-5.772436572837524,64.43393336128557,1.3385032115519593,-0.34974856743731264,0.704865293527477,-234277929.9978888,with2021:FINAL4
2023/2024,Luton Town,115,18,26,0.6911,15929,18,FINAL,2023-2024/club_table_2023-2024_on.csv,21646,38,1031,34500000.0,€34.50m,2023-07-01,dated,TM GB3 marktwerteverein stichtag=2023-07-01,-2.661868,-0.07344499999999998,-6.026819306163223,12.677815743396597,19.349003562766626,-0.3651614689805022,0.6940845687016344,-10554082.379793614,with2021:FINAL4
2023/2024,Brentford,236,16,39,0.6816,16841,19,FINAL,2023-2024/club_table_2023-2024_on.csv,21646,38,1148,348400000.0,€348.40m,2023-07-01,dated,TM GB1 marktwerteverein stichtag=2023-07-01,-0.349476,-0.08294500000000005,-6.806379295387146,50.842764493127696,-5.03638519774055,-0.41239455435479305,0.6620630046709908,-117737249.17262681,with2021:FINAL4
2023/2024,Chelsea,18,6,63,0.6712,17200,20,FINAL,2023-2024/club_table_2023-2024_on.csv,21646,38,631,972200000.0,€972.20m,2023-07-01,dated,TM GB1 marktwerteverein stichtag=2023-07-01,0.676735,-0.09334500000000001,-7.659792336221748,67.7798972203687,2.8798951158530457,-0.4641023530803321,0.6286992018738974,-360978635.93819696,with2021:FINAL4
2024/2025,Nottingham Forest,63,7,65,0.885,5094,1,FINAL,2024-2025/club_table_2024-2025_on.csv,23614,38,703,390350000.0,€390.35m,2024-07-01,dated,TM GB1 marktwerteverein stichtag=2024-07-01,-0.402758,0.07996000000000003,6.5614333408783665,49.24056094468607,9.198005714435567,0.39755342173981856,1.4881792929703,190560787.0109566,with2021:FINAL4
2024/2025,Liverpool,8,1,84,0.8838,4950,2,FINAL,2024-2025/club_table_2024-2025_on.csv,23614,38,31,953900000.0,€953.90m,2024-07-01,dated,TM GB1 marktwerteverein stichtag=2024-07-01,0.490757,0.07876000000000005,6.462962605397452,63.98760823689085,13.5494291577117,0.39158713727148725,1.4793268263952328,457229859.6984126,with2021:FINAL4
2024/2025,Crystal Palace,51,12,53,0.8685,5812,3,FINAL,2024-2025/club_table_2024-2025_on.csv,23614,38,873,443200000.0,€443.20m,2024-07-01,dated,TM GB1 marktwerteverein stichtag=2024-07-01,-0.275781,0.06346000000000007,5.207460728015776,51.336256958767855,-3.54371768678363,0.3155170103002614,1.370967932301273,164412987.59592414,with2021:FINAL4
2024/2025,Aston Villa,15,6,66,0.852,6744,4,FINAL,2024-2025/club_table_2024-2025_on.csv,23614,38,405,656100000.0,€656.10m,2024-07-01,dated,TM GB1 marktwerteverein stichtag=2024-07-01,0.116512,0.04696,3.8534881151531764,57.810869498457606,4.3356423863892175,0.23348059886070377,1.2629883242408062,172546639.53439295,with2021:FINAL4
2024/2025,Fulham,11,11,54,0.8506,6545,5,FINAL,2024-2025/club_table_2024-2025_on.csv,23614,38,931,330500000.0,€330.50m,2024-07-01,dated,TM GB1 marktwerteverein stichtag=2024-07-01,-0.569195,0.045560000000000045,3.7386055904254447,46.49359608100422,3.7677983285703363,0.22651993364765063,1.254227610915991,84022225.40773506,with2021:FINAL4
2024/2025,West Ham United,1,14,43,0.8473,6838,6,FINAL,2024-2025/club_table_2024-2025_on.csv,23614,38,379,447600000.0,€447.60m,2024-07-01,dated,TM GB2 marktwerteverein stichtag=2024-07-01,-0.265902,0.042260000000000075,3.4678110678529284,51.49930523462186,-11.967116302474786,0.21011265135973933,1.233817043295862,104656508.5792278,with2021:FINAL4
2024/2025,Brentford,236,10,56,0.8293,7747,7,FINAL,2024-2025/club_table_2024-2025_on.csv,23614,38,1148,437880000.0,€437.88m,2024-07-01,dated,TM GB1 marktwerteverein stichtag=2024-07-01,-0.287857,0.02426000000000006,1.9907500356391883,51.13694822517002,2.872301739190789,0.12061838433476761,1.1281942935912743,56133717.2777472,with2021:FINAL4
2024/2025,AFC Bournemouth,52,9,56,0.8195,8079,8,FINAL,2024-2025/club_table_2024-2025_on.csv,23614,38,989,363450000.0,€363.45m,2024-07-01,dated,TM GB1 marktwerteverein stichtag=2024-07-01,-0.47416,0.014460000000000028,1.186572362545039,48.06210432027797,6.751323317176997,0.07189372784339401,1.0745411441910326,27091978.856230814,with2021:FINAL4
2024/2025,Wolverhampton Wanderers,29,16,42,0.8133,8706,9,FINAL,2024-2025/club_table_2024-2025_on.csv,23614,38,543,404280000.0,€404.28m,2024-07-01,dated,TM GB2 marktwerteverein stichtag=2024-07-01,-0.367694,0.008260000000000045,0.6778068958936416,49.81927586973362,-8.497082765627262,0.041067924757014984,1.0419228755000831,16948580.1071736,with2021:FINAL4
2024/2025,Newcastle United,20,5,66,0.8018,9673,10,FINAL,2024-2025/club_table_2024-2025_on.csv,23614,38,762,623550000.0,€623.55m,2024-07-01,dated,TM GB1 marktwerteverein stichtag=2024-07-01,0.065627,-0.0032400000000000206,-0.2658709857984747,56.97103636587019,9.294834619928281,-0.016108968064494997,0.9840200874485729,-9964274.47144234,with2021:FINAL4
2024/2025,Chelsea,18,4,69,0.7966,9769,11,FINAL,2024-2025/club_table_2024-2025_on.csv,23614,38,631,1090000000.0,€1.09bn,2024-07-01,dated,TM GB1 marktwerteverein stichtag=2024-07-01,0.624131,-0.008440000000000003,-0.6925775062157755,66.18888374491311,3.5036937613026566,-0.04196286742726449,0.958905386535422,-44793128.67639001,with2021:FINAL4
2024/2025,Manchester City,9,3,71,0.7954,9559,12,FINAL,2024-2025/club_table_2024-2025_on.csv,23614,38,281,1410000000.0,€1.41bn,2024-07-01,dated,TM GB1 marktwerteverein stichtag=2024-07-01,0.881543,-0.009639999999999982,-0.7910482416966897,70.43734844621193,1.3536997954847578,-0.04792915189559583,0.9532013171917249,-65986142.75966796,with2021:FINAL4
2024/2025,Leicester City,42,18,25,0.7953,9303,13,FINAL,2024-2025/club_table_2024-2025_on.csv,23614,38,1003,214300000.0,€214.30m,2024-07-01,dated,TM GB3 marktwerteverein stichtag=2024-07-01,-1.002425,-0.009739999999999971,-0.7992541363200985,39.343337497318586,-13.544083360998485,-0.048426342267956723,0.9527275124692288,-10130494.077844264,with2021:FINAL4
2024/2025,Everton,13,13,48,0.7941,9639,14,FINAL,2024-2025/club_table_2024-2025_on.csv,23614,38,29,348400000.0,€348.40m,2024-07-01,dated,TM GB1 marktwerteverein stichtag=2024-07-01,-0.51645,-0.01093999999999995,-0.8977248718010127,47.364127643907295,1.5335972278937149,-0.054392626736288065,0.947060192342467,-18444228.98788451,with2021:FINAL4
2024/2025,Arsenal,19,2,74,0.7748,10418,15,FINAL,2024-2025/club_table_2024-2025_on.csv,23614,38,11,1150000000.0,€1.15bn,2024-07-01,dated,TM GB1 marktwerteverein stichtag=2024-07-01,0.677716,-0.030239999999999934,-2.4814625341190757,67.07327911505551,9.408183419063562,-0.150350368601952,0.860406464197962,-160532566.17234373,with2021:FINAL4
2024/2025,Manchester United,14,15,42,0.7615,11481,16,FINAL,2024-2025/club_table_2024-2025_on.csv,23614,38,985,786650000.0,€786.65m,2024-07-01,dated,TM GB1 marktwerteverein stichtag=2024-07-01,0.297982,-0.04354000000000002,-3.572846519032568,60.80594699812622,-15.23310047909365,-0.21647668812595927,0.8053513089521147,-153120392.81281897,with2021:FINAL4
2024/2025,Ipswich Town,116,19,22,0.7515,12339,17,FINAL,2024-2025/club_table_2024-2025_on.csv,23614,38,677,47930000.0,€47.93m,2024-07-01,dated,TM GB1 marktwerteverein stichtag=2024-07-01,-2.50006,-0.05354000000000003,-4.393435981373535,14.625572074845437,11.767863906528099,-0.26619572536205466,0.7662891306048734,-11201761.97010842,with2021:FINAL4
2024/2025,Southampton,65,20,12,0.7338,13258,18,FINAL,2024-2025/club_table_2024-2025_on.csv,23614,38,180,200200000.0,€200.20m,2024-07-01,dated,TM GB2 marktwerteverein stichtag=2024-07-01,-1.070485,-0.07123999999999997,-5.845879329717039,38.22003902028411,-20.374159690567076,-0.3541984212699431,0.7017357142488762,-59712510.007374994,with2021:FINAL4
2024/2025,Brighton & Hove Albion,78,8,61,0.7269,14060,19,FINAL,2024-2025/club_table_2024-2025_on.csv,23614,38,1237,548250000.0,€548.25m,2024-07-01,dated,TM GB1 marktwerteverein stichtag=2024-07-01,-0.06307,-0.07813999999999999,-6.4120860587323065,54.84695255601263,12.565133502719675,-0.38850455696284897,0.6780701319324425,-176498050.1680384,with2021:FINAL4
2024/2025,Tottenham Hotspur,6,17,38,0.7198,14631,20,FINAL,2024-2025/club_table_2024-2025_on.csv,23614,38,148,832300000.0,€832.30m,2024-07-01,dated,TM GB1 marktwerteverein stichtag=2024-07-01,0.354391,-0.08523999999999998,-6.994704576994392,61.736951167844666,-16.74224659085027,-0.4238050734004767,0.6545514589644827,-287516820.703861,with2021:FINAL4
2025/2026,Brentford,236,9,53,0.8895,4471,1,FINAL,2025-2026/club_table_2025-2026_on.csv,25583,38,1148,438080000.0,€438.08m,2025-07-01,dated,TM GB1 marktwerteverein stichtag=2025-07-01,-0.321447,0.07569000000000004,6.211041640458774,49.38478036424955,-2.5958220047083245,0.3763233928400058,1.4569182145139588,200166731.41427505,with2021:FINAL4
2025/2026,Leeds United,71,14,47,0.8663,5936,2,FINAL,2025-2026/club_table_2025-2026_on.csv,25583,38,399,237750000.0,€237.75m,2025-07-01,dated,TM GB1 marktwerteverein stichtag=2025-07-01,-0.932628,0.05249000000000004,4.307274087827733,39.297523730508644,3.3952021816636204,0.2609752264522647,1.2981955041270254,70895981.1062003,with2021:FINAL4
2025/2026,Wolverhampton Wanderers,29,20,20,0.8642,5716,3,FINAL,2025-2026/club_table_2025-2026_on.csv,25583,38,543,313300000.0,€313.30m,2025-07-01,dated,TM GB2 marktwerteverein stichtag=2025-07-01,-0.656687,0.050390000000000046,4.134950300736131,43.85180091316174,-27.98675121389787,0.25053422863268465,1.28471156309364,89200132.71723744,with2021:FINAL4
2025/2026,West Ham United,1,18,39,0.8577,6171,4,FINAL,2025-2026/club_table_2025-2026_on.csv,25583,38,379,371500000.0,€371.50m,2025-07-01,dated,TM GB2 marktwerteverein stichtag=2025-07-01,-0.486299,0.043890000000000096,3.6015671502145072,46.66397518446573,-11.265542334680234,0.21821685442922295,1.2438567742252786,90592791.62469101,with2021:FINAL4
2025/2026,AFC Bournemouth,52,6,57,0.8519,6308,5,FINAL,2025-2026/club_table_2025-2026_on.csv,25583,38,989,421150000.0,€421.15m,2025-07-01,dated,TM GB1 marktwerteverein stichtag=2025-07-01,-0.360859,0.03809000000000007,3.125625262056745,48.73430373220602,5.140071005737234,0.18937981283228753,1.2084998690842739,87809719.86484194,with2021:FINAL4
2025/2026,Crystal Palace,51,15,45,0.8421,7108,6,FINAL,2025-2026/club_table_2025-2026_on.csv,25583,38,873,458700000.0,€458.70m,2025-07-01,dated,TM GB1 marktwerteverein stichtag=2025-07-01,-0.275452,0.028290000000000037,2.3214475889625956,50.143906333265136,-7.4653539222277345,0.1406551563409139,1.1510276549501706,69276385.32564324,with2021:FINAL4
2025/2026,Liverpool,8,5,60,0.8418,6864,7,FINAL,2025-2026/club_table_2025-2026_on.csv,25583,38,31,1140000000.0,€1.14bn,2025-07-01,dated,TM GB1 marktwerteverein stichtag=2025-07-01,0.634935,0.02799000000000007,2.2968299050923693,65.16941809659136,-7.466248001683724,0.1391635852238312,1.149312095102905,170215788.4173117,with2021:FINAL4
2025/2026,Fulham,11,11,52,0.8378,7329,8,FINAL,2025-2026/club_table_2025-2026_on.csv,25583,38,931,332100000.0,€332.10m,2025-07-01,dated,TM GB1 marktwerteverein stichtag=2025-07-01,-0.598412,0.023990000000000067,1.968594120155983,44.81360254039042,5.217803339453596,0.11927597032939308,1.1266808058616213,42070695.62664445,with2021:FINAL4
2025/2026,Everton,13,13,49,0.821,8122,9,FINAL,2025-2026/club_table_2025-2026_on.csv,25583,38,29,264200000.0,€264.20m,2025-07-01,dated,TM GB1 marktwerteverein stichtag=2025-07-01,-0.827142,0.00719000000000003,0.5900038234231569,41.038520838185086,7.371475338391754,0.035747987772752704,1.0363946294584863,9615461.10293207,with2021:FINAL4
2025/2026,Arsenal,19,1,85,0.8177,8648,10,FINAL,2025-2026/club_table_2025-2026_on.csv,25583,38,11,1120000000.0,€1.12bn,2025-07-01,dated,TM GB1 marktwerteverein stichtag=2025-07-01,0.617236,0.00389000000000006,0.3192093008506407,64.87730437715213,19.803486321997227,0.01934070548484139,1.019528948555279,21872422.38191246,with2021:FINAL4
2025/2026,Aston Villa,15,4,65,0.8147,8314,11,FINAL,2025-2026/club_table_2025-2026_on.csv,25583,38,405,573800000.0,€573.80m,2025-07-01,dated,TM GB1 marktwerteverein stichtag=2025-07-01,-0.051567,0.0008900000000000574,0.07303246214835069,53.839023575857894,11.087943961993759,0.004424994314012771,1.0044347990579967,2544687.699478511,with2021:FINAL4
2025/2026,Brighton & Hove Albion,78,8,53,0.8016,9358,12,FINAL,2025-2026/club_table_2025-2026_on.csv,25583,38,1237,737000000.0,€737.00m,2025-07-01,dated,TM GB1 marktwerteverein stichtag=2025-07-01,0.19874,-0.012209999999999943,-1.0019397335183147,57.97022357425736,-3.9682838407390477,-0.06070694446527213,0.9410989936372508,-43410041.68934616,with2021:FINAL4
2025/2026,Newcastle United,20,12,49,0.7964,9714,13,FINAL,2025-2026/club_table_2025-2026_on.csv,25583,38,762,651030000.0,€651.03m,2025-07-01,dated,TM GB1 marktwerteverein stichtag=2025-07-01,0.074708,-0.017409999999999926,-1.4286462539356155,55.923133408175374,-5.494487154239756,-0.08656084382804162,0.9170797484446549,-53983571.37007632,with2021:FINAL4
2025/2026,Manchester City,9,2,78,0.7948,9643,14,FINAL,2025-2026/club_table_2025-2026_on.csv,25583,38,281,1330000000.0,€1.33bn,2025-07-01,dated,TM GB1 marktwerteverein stichtag=2025-07-01,0.789086,-0.01900999999999997,-1.5599405679101739,67.71360827486554,11.84633229304464,-0.09451588978581711,0.9098132777730548,-119948340.56183717,with2021:FINAL4
2025/2026,Manchester United,14,3,71,0.7923,9776,15,FINAL,2025-2026/club_table_2025-2026_on.csv,25583,38,985,818000000.0,€818.00m,2025-07-01,dated,TM GB1 marktwerteverein stichtag=2025-07-01,0.303014,-0.021509999999999918,-1.765087933495411,59.691217188631335,13.073870744864074,-0.10694564909484068,0.8985745100010973,-82966050.81910238,with2021:FINAL4
2025/2026,Nottingham Forest,63,16,44,0.7821,10473,16,FINAL,2025-2026/club_table_2025-2026_on.csv,25583,38,703,470350000.0,€470.35m,2025-07-01,dated,TM GB1 marktwerteverein stichtag=2025-07-01,-0.250371,-0.031709999999999905,-2.6020891850831953,50.5578565110862,-3.9557673260030057,-0.15765906707565788,0.8541409371009623,-68604810.2345624,with2021:FINAL4
2025/2026,Chelsea,18,10,52,0.7767,10603,17,FINAL,2025-2026/club_table_2025-2026_on.csv,25583,38,631,1220000000.0,€1.22bn,2025-07-01,dated,TM GB1 marktwerteverein stichtag=2025-07-01,0.702758,-0.037109999999999976,-3.0452074947473227,66.28880499944044,-11.24359750469312,-0.1845073471831497,0.8315138305925561,-205553126.67708153,with2021:FINAL4
2025/2026,Sunderland,3,7,54,0.776,11070,18,FINAL,2025-2026/club_table_2025-2026_on.csv,25583,38,289,151750000.0,€151.75m,2025-07-01,dated,TM GB1 marktwerteverein stichtag=2025-07-01,-1.381614,-0.0378099999999999,-3.102648757111184,31.887219733890962,25.21542902322022,-0.187987679789676,0.8286249160030382,-26006168.99653895,with2021:FINAL4
2025/2026,Burnley,27,19,22,0.7601,11678,19,FINAL,2025-2026/club_table_2025-2026_on.csv,25583,38,1132,229700000.0,€229.70m,2025-07-01,dated,TM GB2 marktwerteverein stichtag=2025-07-01,-0.967074,-0.053709999999999924,-4.407386002233322,38.72900860650145,-12.321622604268128,-0.26704094899506775,0.7656417185644863,-53832097.24573751,with2021:FINAL4
2025/2026,Tottenham Hotspur,6,17,41,0.6915,16664,20,FINAL,2025-2026/club_table_2025-2026_on.csv,25583,38,148,804900000.0,€804.90m,2025-07-01,dated,TM GB1 marktwerteverein stichtag=2025-07-01,0.28687,-0.12230999999999992,-10.036629713892347,59.42476801711731,-8.388138303224963,-0.6081135444346818,0.5443768437689595,-366731078.45036453,with2021:FINAL4
