Paper rank (worst first),NETavailability rank,Club,Games,NETabsence,NETabsence per match,NETavailability,NET,RET,Top-3 share,Sent-off mins,absence_order_flag,team_id
1,20,Everton,38,13137,345.7,0.7345,36333,49470,0.417,33,1,13
2,19,Leicester City,38,14065,370.1,0.7372,39449,53514,0.396,9,1,42
3,18,Newcastle United,38,13177,346.8,0.7483,39167,52344,0.365,123,1,20
4,17,Watford,38,12070,317.6,0.7552,37234,49304,0.311,17,0,25
5,16,Leeds United,38,11254,296.2,0.7625,36131,47385,0.393,155,1,71
6,15,Manchester United,38,11305,297.5,0.7654,36882,48186,0.319,73,1,14
7,14,Norwich City,38,10697,281.5,0.7791,37720,48417,0.318,8,0,33
8,13,Chelsea,38,9642,253.7,0.7935,37053,46695,0.296,18,0,18
9,12,Brentford,38,9264,243.8,0.8021,37549,46812,0.372,79,0,236
10,11,Liverpool,38,9225,242.8,0.8063,38389,47614,0.334,0,0,8
11,10,Southampton,38,8428,221.8,0.813,36648,45076,0.414,61,0,65
12,9,Burnley,38,8116,213.6,0.8178,36420,44535,0.436,16,1,27
13,8,Arsenal,38,8141,214.2,0.819,36838,44978,0.4,74,1,19
14,7,West Ham United,38,7620,200.5,0.8326,37887,45507,0.497,0,0,1
15,6,Wolverhampton Wanderers,38,7490,197.1,0.8335,37496,44987,0.476,43,0,29
16,5,Brighton & Hove Albion,38,6960,183.2,0.8442,37711,44671,0.349,26,0,78
17,4,Manchester City,38,6490,170.8,0.8501,36792,43282,0.461,11,1,9
18,3,Aston Villa,38,6702,176.4,0.8544,39337,46039,0.34,37,1,15
19,2,Crystal Palace,38,6575,173.0,0.8554,38893,45468,0.408,46,1,51
20,1,Tottenham Hotspur,38,5715,150.4,0.8654,36747,42463,0.475,0,0,6
