NETavailability rank,Club,Games,NETabsence,NETabsence per match,NETavailability,NET,RET,Top-3 share,Sent-off mins,absence_order_flag,team_id
1,Manchester City,38,4664,122.7,0.8903,37868,42532,0.406,16,0,9
2,Arsenal,38,5368,141.3,0.8778,38550,43918,0.451,0,0,19
3,West Ham United,38,5839,153.7,0.8645,37257,43096,0.42,10,0,1
4,Everton,38,6209,163.4,0.8589,37786,43995,0.403,34,0,13
5,Fulham,38,7085,186.5,0.8481,39559,46645,0.426,52,1,11
6,Wolverhampton Wanderers,38,6491,170.8,0.8462,35721,42213,0.446,68,1,29
7,AFC Bournemouth,38,10832,285.0,0.7761,37556,48388,0.454,13,0,52
8,Crystal Palace,38,10866,285.9,0.7732,37053,47919,0.424,1,0,51
9,Nottingham Forest,38,12302,323.8,0.7533,37568,49870,0.297,37,0,63
10,Tottenham Hotspur,38,12407,326.5,0.753,37828,50235,0.322,76,0,6
11,Burnley,38,13460,354.2,0.7364,37609,51068,0.37,166,0,27
12,Liverpool,38,13466,354.4,0.7338,37120,50586,0.38,125,0,8
13,Aston Villa,38,13673,359.8,0.7286,36701,50374,0.542,20,0,15
14,Brighton & Hove Albion,38,14256,375.2,0.712,35239,49495,0.329,4,0,78
15,Newcastle United,38,15370,404.5,0.7034,36453,51823,0.354,0,0,20
16,Sheffield United,38,15987,420.7,0.6972,36803,52791,0.398,66,1,21
17,Manchester United,38,15634,411.4,0.6942,35486,51120,0.35,0,1,14
18,Luton Town,38,15929,419.2,0.6911,35645,51574,0.353,0,1,115
19,Brentford,38,16841,443.2,0.6816,36046,52888,0.394,52,0,236
20,Chelsea,38,17200,452.6,0.6712,35110,52311,0.359,69,0,18
