s,sigma_u,sigma_u_pp,share_icc_all_le_obs,share_perm_le_obs,share_split_half_le_obs,share_icc_ge6_le_obs
0.0,0.0,0.0,0.308,0.758,0.803,0.6515
0.01,0.005191362527514939,0.519136252751494,0.286,0.748,0.798,0.6395
0.02,0.007341695293607096,0.7341695293607096,0.2685,0.738,0.794,0.615
0.03,0.008991703658165057,0.8991703658165058,0.2505,0.727,0.7915,0.5985
0.04,0.010382725055029879,1.038272505502988,0.2345,0.7105,0.7855,0.582
0.05,0.011608239507368525,1.1608239507368525,0.2235,0.695,0.7775,0.5635
0.06,0.012716189262216796,1.2716189262216797,0.21,0.676,0.7715,0.5415
0.07,0.013735054213384237,1.3735054213384237,0.194,0.664,0.7655,0.5185
0.08,0.014683390587214191,1.4683390587214191,0.178,0.652,0.758,0.4975
0.09,0.015574087582544815,1.5574087582544816,0.1595,0.639,0.753,0.477
0.1,0.016416529746595746,1.6416529746595747,0.139,0.6265,0.746,0.4535
0.11,0.017217801654478112,1.721780165447811,0.1275,0.615,0.7415,0.4345
0.12,0.017983407316330115,1.7983407316330116,0.1195,0.6035,0.7335,0.4145
0.13,0.01871772378247745,1.871772378247745,0.107,0.5855,0.726,0.398
0.14,0.01942429994849771,1.942429994849771,0.099,0.5695,0.719,0.383
0.15,0.0201060606131906,2.01060606131906,0.086,0.555,0.7115,0.3625
0.16,0.020765450110059758,2.076545011005976,0.0785,0.539,0.7025,0.344
0.17,0.02140453604181756,2.140453604181756,0.071,0.5255,0.6955,0.3255
0.18,0.022025085880821287,2.2025085880821287,0.066,0.5155,0.69,0.308
0.19,0.022628624636721505,2.2628624636721506,0.0555,0.5015,0.678,0.2885
0.2,0.02321647901473705,2.321647901473705,0.0475,0.487,0.671,0.27
0.21,0.023789811742294477,2.3789811742294478,0.0375,0.471,0.6635,0.2575
0.22,0.024349648614012863,2.434964861401286,0.0345,0.457,0.6575,0.2405
0.23,0.02489690005840054,2.489690005840054,0.031,0.44,0.651,0.2285
0.24,0.025432378524433592,2.5432378524433594,0.0265,0.427,0.6425,0.2105
0.25,0.025956812637574694,2.5956812637574695,0.0245,0.4145,0.6355,0.196
0.26,0.026470858829933035,2.6470858829933035,0.0215,0.3985,0.627,0.185
0.27,0.026975110974495176,2.6975110974495173,0.018,0.387,0.619,0.175
0.28,0.027470108426768475,2.7470108426768474,0.0145,0.374,0.613,0.1595
0.29,0.027956342784250274,2.7956342784250277,0.013,0.364,0.6055,0.143
0.3,0.028434263605069652,2.843426360506965,0.0125,0.3505,0.6005,0.133
