y,season,label,n,a_R2,a_adjR2,a_lv_coef,a_lv_se,a_lv_p,a_lv_beta,b_R2,b_adjR2,b_netav_coef,b_netav_se,b_netav_p,b_netav_beta,c_R2,c_adjR2,c_lv_coef,c_lv_se,c_lv_p,c_lv_beta,c_netav_coef,c_netav_se,c_netav_p,c_netav_beta,dR2,pearson_lv_netav,pearson_lv_netav_p,spearman_lv_netav,spearman_lv_netav_p,resid_netav_r,resid_netav_p,spearman_netavrank_finish,spearman_netavrank_finish_p
points,2018/2019,PAPER,20,0.7491483240381014,0.735212119817996,20.784296830295986,2.8348082037801854,8.293300237785604e-07,0.865533548765212,0.00749722399129682,-0.04764181912029786,35.85274713886925,97.23034069892246,0.7166226581156044,0.08658651160138367,0.7798530462504047,0.7539534046328054,21.213045902560367,2.746794687988204,5.879184159544382e-07,0.8833882161170497,72.93192399304868,47.36384638052407,0.14200991410742989,0.17613492373333628,0.03070472221230336,-0.10136926268449058,0.6706578278509401,-0.17593984962406017,0.4580986587024855,0.3480576579259404,0.13262848976534578,,
points,2019/2020,PAPER,20,0.46184280694704805,0.43194518511077296,13.703032888986833,3.486486037167855,0.0009808406459257536,0.6795901757287611,0.04637286374450156,-0.006606421603026158,61.74874036403568,66.00079887599726,0.3618747880778376,0.21534359462148323,0.6289879050986117,0.5853394233455071,15.95444717446253,3.0878805165472447,7.741282524342843e-05,0.7912471382639941,121.5246202825253,43.91238481553395,0.013177175755000672,0.4238070025780109,0.16714509815156364,-0.26346181600593094,0.26171608280265934,-0.2526315789473684,0.28255005726391963,0.5376144604027131,0.014494169696284346,,
points,2021/2022,PAPER,20,0.7260599431795581,0.710841051133978,23.085978029570896,3.3423625577080127,1.8570185616627904e-06,0.8520915110359674,0.1093605001803103,0.05988052796810528,142.68792769868082,95.97800317747613,0.15440791172300622,0.3306969914896569,0.8054967065543144,0.7826139661489396,22.643209823377795,2.9028854520988845,5.141136613373234e-07,0.8357491655061173,121.81382979404432,46.23010142238379,0.017375421743816684,0.2823186774412443,0.07943676337475625,0.05788616494653102,0.8084634496774606,0.08424220227189026,0.7240037488977429,0.5375936856800886,0.014498698160474843,,
points,2022/2023,FINAL,20,0.27606997584441917,0.23585164116910906,13.760588860935346,5.252178438153526,0.017354173680666062,0.5254236156135537,0.16493699202324408,0.11854460269120204,154.72841875984506,82.06054982379914,0.07560303908337761,0.40612435536820995,0.39261774398172455,0.3211610079795745,12.601192076238123,4.991775697919459,0.02182891318161482,0.4811541111103175,131.1547655020151,72.61706370955064,0.08863681298745968,0.34424926603591666,0.11654776813730539,0.1285972371502959,0.5889723520874296,0.003007518796992481,0.989959729518499,0.397907975348912,0.08229891468527029,,
points,2023/2024,FINAL,20,0.7043346486402287,0.687908795786908,20.218761570907976,3.0876565630538764,3.7399665845450654e-06,0.8392464766921747,0.11919692748347444,0.07026342345477854,97.20492027862825,62.28147307697407,0.13599540476277558,0.34524908035138085,0.7163480350932784,0.6829772156924876,19.42990411046193,3.247857555384568,1.4846690474795602e-05,0.8065023423904828,32.20712463864304,37.95663184342221,0.40793565495897377,0.11439215350808304,0.012013386453049724,0.28624458319492885,0.22114035680398655,0.12481203007518797,0.6000744184144979,0.19313856281981454,0.4145856819381798,,
points,2024/2025,FINAL,20,0.5407791997985405,0.5152669331206816,18.012878335458723,3.912439629005581,0.0002203022296563571,0.7353769100254238,0.2409586992710191,0.19878973811940903,181.2902787193558,75.84023371000417,0.027970943062841813,0.4908754417069763,0.7005032722752038,0.6652683631311102,16.743861255722408,3.2784108319787375,8.759541535329778e-05,0.6835692065875486,148.83568430966062,49.43032447571835,0.007867608123335331,0.4029988965396431,0.15972407247666331,0.12855544737894525,0.589094447638282,0.009022556390977442,0.9698849998123449,0.5848651476507704,0.006756164217486813,,
points,2025/2026,FINAL,20,0.3461666419507534,0.309842566503573,15.017355092692927,4.8646111057261,0.0063566350274155735,0.5883592796504133,0.0002976790282666064,-0.055241338803496465,5.984261347156917,81.74016874672486,0.9424458044062655,0.017253377300299834,0.37077627747632635,0.29674995717942354,15.964309971835466,5.045993332754935,0.005672818751402597,0.6254596669765974,55.91222433044088,68.56970202852375,0.4261166180523889,0.16120196731220718,0.024609635525572937,-0.23014847737143276,0.3289799152202518,-0.26616541353383455,0.2566708454025406,0.18879970310887553,0.42534649942840974,,
finish,2018/2019,PAPER,20,0.791685287409771,0.7801122478214249,-6.017114850870572,0.7275045827525471,1.5202801511280458e-07,-0.8897669848953554,0.014524960342989224,-0.04022365297128916,-14.053686349611342,27.284709921587112,0.6127677803318883,-0.12051954340682347,0.836546901718568,0.8173171254501643,-6.163063016096842,0.6665412341275015,4.820851746507638e-08,-0.9113487333151311,-24.826363907892766,11.493380541893448,0.04534071157712793,-0.2129022925514226,0.04486161430879709,-0.10136926268449058,0.6706578278509401,-0.17593984962406017,0.4580986587024855,-0.4616731178781097,0.04044832087899055,-0.02706766917293233,0.9098116651774512
finish,2019/2020,PAPER,20,0.42867342303733746,0.3969330576505229,-4.394067997188273,1.1956648298102208,0.0017324753737570154,-0.6547315656338387,0.05750315793230287,0.005142222261875218,-22.88631536342664,21.839049339968508,0.3085282502805371,-0.23979816081926658,0.6113397922644834,0.5656150619426579,-5.17744673359001,1.0519264573635756,0.00012907949695755398,-0.7714577489557095,-42.284444978774985,14.959322145353468,0.011634146465637785,-0.4430478203309852,0.18266636922714596,-0.26346181600593094,0.26171608280265934,-0.2526315789473684,0.28255005726391963,-0.5454636054375968,0.01286282252129236,0.1894736842105263,0.4236652559268629
finish,2021/2022,PAPER,20,0.7176928013036276,0.702009068042718,-7.01912416901913,1.037620047154564,2.4468597324447917e-06,-0.8471675166716602,0.09325048600267638,0.042875513002824994,-40.293419877699584,29.615290062502293,0.19044721713057078,-0.3053694254549335,0.7836188510274087,0.7581622452659273,-6.895772288353428,0.9363273758080496,1.1049438477690573e-06,-0.832279661163764,-33.93641364943259,14.911545860985655,0.036082606938302585,-0.25719194770716514,0.06592604972378113,0.05788616494653102,0.8084634496774606,0.08424220227189026,0.7240037488977429,-0.48243489145207596,0.031214071905166754,0.31729323308270674,0.17283688640714231
finish,2022/2023,FINAL,20,0.24634985334255088,0.20448040075047036,-4.2277395060116945,1.742933059770787,0.026018150684770255,-0.4963364316091967,0.16887401375800648,0.12270034785567352,-50.92102074411645,26.626425384316217,0.07187010369353083,-0.4109428351462119,0.36886497668946283,0.29461379747645844,-3.841123707043223,1.6549687145715506,0.032975630629600065,-0.45094775385577995,-43.73524674413004,24.075394379888756,0.08695348747808207,-0.3529521999012267,0.12251512334691195,0.1285972371502959,0.5889723520874296,0.003007518796992481,0.989959729518499,-0.39984246342117585,0.080684316031677,0.37744360902255636,0.10087319118710483
finish,2023/2024,FINAL,20,0.6757934875855691,0.6577820146736563,-5.688659492940075,0.9287045053177827,8.726800088714818e-06,-0.8220665955903872,0.06055804582018576,0.008366826143529349,-19.90121344687487,18.475336393358617,0.2956264720297492,-0.24608544414529265,0.675919910932353,0.6377928416302769,-5.665415144967236,0.9971676112017269,2.7038474788418417e-05,-0.8187075613524499,-0.9490099920991275,11.65356646932354,0.936046985965325,-0.01173483948742364,0.00012642334678392153,0.28624458319492885,0.22114035680398655,0.12481203007518797,0.6000744184144979,-0.018920789862498733,0.9368937589967703,0.24511278195488717,0.2976005003886619
finish,2024/2025,FINAL,20,0.4919362273708917,0.46371046222483014,-5.471427681199818,1.3105968566309778,0.0005692646800909207,-0.7013816559982814,0.17229059050459983,0.12630673442152207,-48.821051084693664,25.221971994027534,0.06877722630330212,-0.41507901718178897,0.5992784058499596,0.5521346888911314,-5.140113049186364,1.207707719480831,0.0005330782476341865,-0.6589104731922804,-38.85797974269286,18.209244510620408,0.047707904252900155,-0.33037248651788276,0.1073421784790679,0.12855544737894525,0.589094447638282,0.009022556390977442,0.9698849998123449,-0.45583473794137297,0.043391986012463114,0.42105263157894735,0.06448807512897045
finish,2025/2026,FINAL,20,0.2710058329375711,0.23050615698965837,-4.966883874430669,1.9200850282953403,0.018608154766013876,-0.5205822057442715,0.0029907698548113926,-0.05239863181992144,-7.09041694634422,30.513611600944625,0.8188729484182936,-0.05468793152800125,0.30315887311272816,0.2211775640671667,-5.371489168931719,1.984974172850819,0.014983762955919222,-0.5629891397480002,-23.889609198604155,26.97369548294375,0.3881555124004904,-0.18425902481765627,0.03215304017515708,-0.23014847737143276,0.3289799152202518,-0.26616541353383455,0.2566708454025406,-0.20437663677673545,0.38740967475809834,-0.06616541353383458,0.7816639121085741
