club,seasons,mean,se,ci_lo,ci_hi,shrink_B,shrunk,mean_rank,sd_rank,best_rank,worst_rank,flag
Wolverhampton Wanderers,8,0.058229947229560555,0.019253589328093415,0.012702442974142851,0.10375745148497825,0.47922886163667394,0.027905471323985902,5.5,3.8172540616821107,1,12,ABOVE
Fulham,6,0.04266016432196491,0.010061747364293518,0.016795619312550424,0.06852470933137939,0.40834423153626176,0.017420032017263415,5.5,2.073644135332772,2,8,ABOVE
Manchester City,8,0.03263100896259993,0.017733942366131687,-0.009303101232703774,0.07456511915790365,0.47922886163667394,0.01563772127920287,6.375,5.31675249968034,1,14,
Crystal Palace,8,0.02856020879683454,0.012432643140289027,-0.0008383206840915612,0.057958738277760644,0.47922886163667394,0.013686876349812738,6.875,5.249149590988185,2,17,
West Ham United,8,0.02765534141612927,0.01788371926047626,-0.014632934855869868,0.0699436176881284,0.47922886163667394,0.013253237785025193,7.625,5.950690236074659,3,20,
Everton,8,0.0063815768210633015,0.01606129104752392,-0.03159734150180183,0.04436049514392843,0.47922886163667394,0.0030582357954051513,10.375,5.097268175909804,4,20,
Aston Villa,7,0.004188082245506763,0.02084196793616737,-0.04681037609868482,0.055186540589698345,0.4460449559945986,0.0018680729608988246,9.428571428571429,6.502746672423452,2,19,
Southampton,6,0.0020283314396340527,0.01982424868357955,-0.04893152213151266,0.052988185010780765,0.40834423153626176,0.0008282574430182077,10.0,5.329165037789691,3,18,
Arsenal,8,0.0016934274982237426,0.01959357446169834,-0.04463801384929717,0.04802486884574466,0.47922886163667394,0.0008115393322380058,11.125,5.743008171432708,2,17,
Liverpool,8,-0.002493198675562432,0.019015410855024215,-0.04745750033735337,0.0424711029862285,0.47922886163667394,-0.0011948127631238464,10.0,6.48074069840786,2,20,
Burnley,6,-0.0035605394218014026,0.014603874128054644,-0.04110099298529779,0.03397991414169499,0.40834423153626176,-0.0014539257340500584,10.5,5.205766033928148,4,19,
AFC Bournemouth,6,-0.010744255764969747,0.02002958542165456,-0.0622319442252009,0.0407434326952614,0.40834423153626176,-0.00438735486377562,10.833333333333334,5.419102016632153,5,20,
Brighton & Hove Albion,8,-0.009274474409922582,0.014195126758266155,-0.042840615396952386,0.024291666577107227,0.47922886163667394,-0.004444595813745661,11.125,4.454131308603925,5,19,
Chelsea,8,-0.021082826413655494,0.020257486006307154,-0.06898416910047084,0.026818516273159853,0.47922886163667394,-0.010103498902299723,12.25,6.7559497587576205,2,20,
Leicester City,6,-0.025560926500302134,0.014210173370716358,-0.06208934004830846,0.010967487047704196,0.40834423153626176,-0.010437656889120744,14.5,5.205766033928148,5,19,
Tottenham Hotspur,8,-0.02682569106015048,0.020195030976692684,-0.07457935106930551,0.020927968949004547,0.47922886163667394,-0.012855645389373014,12.75,6.363961030678928,1,20,
Manchester United,8,-0.030235039078074406,0.012224318191529828,-0.05914095833295268,-0.001329119823196133,0.47922886163667394,-0.014489503358925947,14.375,4.779046527738113,3,18,BELOW
Newcastle United,8,-0.03905371798336134,0.011651683321216062,-0.06660557093658799,-0.011501865030134683,0.47922886163667394,-0.018715668811845956,14.625,3.543101950067402,10,19,BELOW
