club,team_id,tm_id,tm_slug,tm_name,search_url,candidates
AFC Bournemouth,52,989,afc-bournemouth,AFC Bournemouth,https://www.transfermarkt.co.uk/schnellsuche/ergebnis/schnellsuche?query=AFC%20Bournemouth,AFC Bournemouth=989; AFC Bournemouth U21=38967; AFC Bournemouth U18=14648; AFC Bournemouth Jugend=83582
Arsenal,19,11,arsenal-fc,Arsenal FC,https://www.transfermarkt.co.uk/schnellsuche/ergebnis/schnellsuche?query=Arsenal,Atlético Mancha Real=29270; Arsenal FC=11; Arsenal FC UEFA U19=41571; Arsenal FC U21=9249; Arsenal Tula=3729; FK Arsenal Ceska Lipa=19077
Aston Villa,15,405,aston-villa,Aston Villa,https://www.transfermarkt.co.uk/schnellsuche/ergebnis/schnellsuche?query=Aston%20Villa,Without Club=515; Club Sportivo Villa Cubas=60806; Aston Villa=405; Aston Villa U21=12124; Aston Villa UEFA U19=120034; Aston Villa U18=6933
Brentford,236,1148,fc-brentford,Brentford FC,https://www.transfermarkt.co.uk/schnellsuche/ergebnis/schnellsuche?query=Brentford,Brentford FC=1148; FC Brentford U21=46959; FC Brentford U18=14997; Brentford FC B=54704; FC Brentford Youth=54705
Brighton & Hove Albion,78,1237,brighton-amp-hove-albion,Brighton & Hove Albion,https://www.transfermarkt.co.uk/schnellsuche/ergebnis/schnellsuche?query=Brighton%20and%20Hove%20Albion,Brighton & Hove Albion=1237; Brighton & Hove Albion U21=39336; Brighton & Hove Albion U18=9606
Burnley,27,1132,burnley-fc,Burnley FC,https://www.transfermarkt.co.uk/schnellsuche/ergebnis/schnellsuche?query=Burnley,---=4023; Burnley FC=1132; Burnley FC U21=24214; Burnley FC U18=14466; Burnley FC Youth=78412; Burnley United FC=131481
Crystal Palace,51,873,crystal-palace,Crystal Palace,https://www.transfermarkt.co.uk/schnellsuche/ergebnis/schnellsuche?query=Crystal%20Palace,Unknown=75; Crystal Palace=873; Crystal Palace U21=6945; Crystal Palace U18=6950; Crystal Palace FC=77201; Crystal Palace Youth=53100
Fulham,11,931,fc-fulham,Fulham FC,https://www.transfermarkt.co.uk/schnellsuche/ergebnis/schnellsuche?query=Fulham,Fulham FC=931; Fulham FC U21=9262; Fulham FC U18=6942; Fulham FC Youth=32580; Fulham United FC=104555
Ipswich Town,116,677,ipswich-town,Ipswich Town,https://www.transfermarkt.co.uk/schnellsuche/ergebnis/schnellsuche?query=Ipswich%20Town,Ipswich Town=677; Ipswich Town U21=26117; Ipswich Town U18=10006; Ipswich Town Youth=53885
Leeds United,71,399,leeds-united,Leeds United,https://www.transfermarkt.co.uk/schnellsuche/ergebnis/schnellsuche?query=Leeds%20United,Leeds United=399; Leeds United U21=20116; Leeds United U18=10161; Leeds United Youth=84125
Leicester City,42,1003,leicester-city,Leicester City,https://www.transfermarkt.co.uk/schnellsuche/ergebnis/schnellsuche?query=Leicester%20City,---=4023; Leicester City=1003; Leicester City U21=39341; Leicester City U18=14389; Leicester City Youth=55415; Leicester City UEFA U19=55833
Liverpool,8,31,fc-liverpool,Liverpool FC,https://www.transfermarkt.co.uk/schnellsuche/ergebnis/schnellsuche?query=Liverpool,Liverpool FC=31; Everton FC=29; Liverpool FC Montevideo=10663; Liverpool FC UEFA U19=45333; Liverpool FC U21=9252; Liverpool FC Montevideo B=101175
Luton Town,115,1031,luton-town,Luton Town,https://www.transfermarkt.co.uk/schnellsuche/ergebnis/schnellsuche?query=Luton%20Town,Luton Town=1031; Luton Town U21=92433; Luton Town U18=14619; Luton Town Academy=52906
Manchester City,9,281,manchester-city,Manchester City,https://www.transfermarkt.co.uk/schnellsuche/ergebnis/schnellsuche?query=Manchester%20City,Manchester City=281; Manchester City U21=9265; Manchester City UEFA U19=41593; Manchester City U18=6930; Manchester City Youth=50678; Manchester City Academy Dubai=131592
Manchester United,14,985,manchester-united,Manchester United,https://www.transfermarkt.co.uk/schnellsuche/ergebnis/schnellsuche?query=Manchester%20United,Manchester United=985; Manchester United U21=9251; Manchester United UEFA U19=41575; Manchester United U18=5242; Manchester United Youth=50672; Maestro United Zambia FC=85245
Newcastle United,20,762,newcastle-united,Newcastle United,https://www.transfermarkt.co.uk/schnellsuche/ergebnis/schnellsuche?query=Newcastle%20United,Newcastle United=762; Newcastle United Jets=5551; Newcastle United U21=9253; Newcastle United U18=6943; Newcastle United Jets U21=26208; Newcastle United Youth=55899
Nottingham Forest,63,703,nottingham-forest,Nottingham Forest,https://www.transfermarkt.co.uk/schnellsuche/ergebnis/schnellsuche?query=Nottingham%20Forest,Nottingham Forest=703; Nottingham Forest U21=38588; Nottingham Forest U18=12799; Nottingham Forest Youth=53108
Sheffield United,21,350,sheffield-united,Sheffield United,https://www.transfermarkt.co.uk/schnellsuche/ergebnis/schnellsuche?query=Sheffield%20United,Sheffield United=350; Sheffield United U21=8824; Sheffield United U18=12806; Sheffield United Jugend=109945; Sheffield United (HK) (diss.)=40041
Southampton,65,180,fc-southampton,Southampton FC,https://www.transfermarkt.co.uk/schnellsuche/ergebnis/schnellsuche?query=Southampton,Southampton FC=180; Southampton FC U21=36546; Southampton FC U18=6893; FC Southampton Academy=50780; Southampton Rangers=18841; Queen's Keep FC Youth=61760
Sunderland,3,289,sunderland-afc,Sunderland AFC,https://www.transfermarkt.co.uk/schnellsuche/ergebnis/schnellsuche?query=Sunderland,Without Club=515; St. Patrick's AFC (Carlow)=61447; FC Cincinnati Academy=69991; Sunderland AFC=289; Sunderland AFC U21=9264; Sunderland AFC U18=12797
Tottenham Hotspur,6,148,tottenham-hotspur,Tottenham Hotspur,https://www.transfermarkt.co.uk/schnellsuche/ergebnis/schnellsuche?query=Tottenham%20Hotspur,Tottenham Hotspur=148; Tottenham Hotspur U21=9254; Tottenham Hotspur UEFA U19=55834; Tottenham Hotspur U18=6928; Tottenham Hotspur Youth=51433
West Ham United,1,379,west-ham-united,West Ham United,https://www.transfermarkt.co.uk/schnellsuche/ergebnis/schnellsuche?query=West%20Ham%20United,West Ham United=379; West Ham United U21=9267; West Ham United U18=9955; West Ham United Youth=52975
Wolverhampton Wanderers,29,543,wolverhampton-wanderers,Wolverhampton Wanderers,https://www.transfermarkt.co.uk/schnellsuche/ergebnis/schnellsuche?query=Wolverhampton%20Wanderers,Wolverhampton Wanderers=543; Wolverhampton Wanderers U21=24226; Wolverhampton Wanderers U18=12801; Wolverhampton Wanderers Youth=54097
Chelsea,18,631,fc-chelsea,Chelsea FC,https://www.transfermarkt.co.uk/schnellsuche/ergebnis/schnellsuche?query=Chelsea,---=4023; Without Club=515; Amiens SC B=16671; PERSIS Solo U20=112685; R Charleroi SC U18=66537; Amazon Callao=124047; Boreham Wood FC=3867; Chelsea FC=631; Chelsea FC U21=9250; Berekum Chelsea FC=35137; Chelsea FC U18=6918; Berekum Chelsea II=72619; Camdonia Chelsea SC=50802; Chelsea FC Youth=50677; Chelsea FC UEFA U19=41573; Chelsea United SC=39362; Chelsea FC Soccer School (Hong Kong)=76705
Everton,13,29,fc-everton,Everton FC,https://www.transfermarkt.co.uk/schnellsuche/ergebnis/schnellsuche?query=Everton,Santos FC=221; Esporte Clube Bahia=10010; Torino FC=416; Grêmio Foot-Ball Porto Alegrense=210; Clube Laguna (RN)=108000; Levski Sofia=156; OGC Nice=417; Without ClubWithout Club=515; Centro Sportivo Alagoano (AL)=18545; CSKA 1948=61955; Leicester City U21=39341; Saudi Professional League Authority=110962; Everton FC=29; CD Everton=7020; Everton FC U21=9261; Everton FC U18=6920; Everton AFC Cork=95447; Everton FC Youth=50769; CD Everton U21=24422; Asociación Deportiva Everton (Olimpia)=118706; Club Everton (La Plata)=117803; Everton BC=38069
