season,club,team_id,finish,points,NETavailability,NETabsence,NETavailability_rank,label,club_table_file,standings_season_id,tm_id,squad_value_eur,squad_value_text,value_date,value_flag,value_source,log_value_rel
2014/2015,Burnley,27,19,33,0.8426,6250,1,INDICATIVE,club_table_2014-2015_2005-2017_2026-09-24-v3-L12.csv,12,1132,26400000.0,€26.40m,2014-07-10,dated,TM GB2 marktwerteverein stichtag=2014-07-10,-1.919523
2014/2015,Manchester City,9,2,79,0.8398,7245,2,INDICATIVE,club_table_2014-2015_2005-2017_2026-09-24-v3-L12.csv,12,281,493300000.0,€493.30m,2014-07-10,dated,TM GB1 marktwerteverein stichtag=2014-07-10,1.00823
2014/2015,Chelsea,18,1,87,0.8356,7394,3,INDICATIVE,club_table_2014-2015_2005-2017_2026-09-24-v3-L12.csv,12,631,540700000.0,€540.70m,2014-07-10,dated,TM GB1 marktwerteverein stichtag=2014-07-10,1.099977
2014/2015,Southampton,65,7,60,0.8298,7307,4,INDICATIVE,club_table_2014-2015_2005-2017_2026-09-24-v3-L12.csv,12,180,110050000.0,€110.05m,2014-07-10,dated,TM GB2 marktwerteverein stichtag=2014-07-10,-0.491953
2014/2015,Crystal Palace,51,10,48,0.8297,7950,5,INDICATIVE,club_table_2014-2015_2005-2017_2026-09-24-v3-L12.csv,12,873,51000000.0,€51.00m,2014-07-10,dated,TM GB1 marktwerteverein stichtag=2014-07-10,-1.261062
2014/2015,Sunderland,3,16,38,0.828,7463,6,INDICATIVE,club_table_2014-2015_2005-2017_2026-09-24-v3-L12.csv,12,289,83850000.0,€83.85m,2014-07-10,dated,TM GB1 marktwerteverein stichtag=2014-07-10,-0.763858
2014/2015,West Bromwich Albion,10,13,44,0.8152,8138,7,INDICATIVE,club_table_2014-2015_2005-2017_2026-09-24-v3-L12.csv,12,984,64450000.0,€64.45m,2014-07-10,dated,TM GB2 marktwerteverein stichtag=2014-07-10,-1.026998
2014/2015,Swansea City,30,8,56,0.7846,9772,8,INDICATIVE,club_table_2014-2015_2005-2017_2026-09-24-v3-L12.csv,12,2288,124200000.0,€124.20m,2014-07-10,dated,TM GB2 marktwerteverein stichtag=2014-07-10,-0.370994
2014/2015,Leicester City,42,14,41,0.7771,8968,9,INDICATIVE,club_table_2014-2015_2005-2017_2026-09-24-v3-L12.csv,12,1003,29950000.0,€29.95m,2014-07-10,dated,TM GB3 marktwerteverein stichtag=2014-07-10,-1.793358
2014/2015,West Ham United,1,12,47,0.7741,10689,10,INDICATIVE,club_table_2014-2015_2005-2017_2026-09-24-v3-L12.csv,12,379,94500000.0,€94.50m,2014-07-10,dated,TM GB2 marktwerteverein stichtag=2014-07-10,-0.644288
2014/2015,Queens Park Rangers,47,20,30,0.7702,9655,11,INDICATIVE,club_table_2014-2015_2005-2017_2026-09-24-v3-L12.csv,12,1039,66349999.99999999,€66.35m,2014-07-10,dated,TM GB2 marktwerteverein stichtag=2014-07-10,-0.997944
2014/2015,Liverpool,8,6,62,0.76,12090,12,INDICATIVE,club_table_2014-2015_2005-2017_2026-09-24-v3-L12.csv,12,31,316000000.0,€316.00m,2014-07-10,dated,TM GB1 marktwerteverein stichtag=2014-07-10,0.562855
2014/2015,Stoke City,26,9,54,0.7595,12253,13,INDICATIVE,club_table_2014-2015_2005-2017_2026-09-24-v3-L12.csv,12,512,103850000.0,€103.85m,2014-07-10,dated,TM GB2 marktwerteverein stichtag=2014-07-10,-0.54994
2014/2015,Everton,13,11,47,0.752,12488,14,INDICATIVE,club_table_2014-2015_2005-2017_2026-09-24-v3-L12.csv,12,29,121000000.0,€121.00m,2014-07-10,dated,TM GB1 marktwerteverein stichtag=2014-07-10,-0.397097
2014/2015,Arsenal,19,3,75,0.7347,13664,15,INDICATIVE,club_table_2014-2015_2005-2017_2026-09-24-v3-L12.csv,12,11,354100000.0,€354.10m,2014-07-10,dated,TM GB1 marktwerteverein stichtag=2014-07-10,0.676692
2014/2015,Newcastle United,20,15,39,0.7309,13127,16,INDICATIVE,club_table_2014-2015_2005-2017_2026-09-24-v3-L12.csv,12,762,143500000.0,€143.50m,2014-07-10,dated,TM GB1 marktwerteverein stichtag=2014-07-10,-0.226552
2014/2015,Aston Villa,15,17,38,0.7202,14292,17,INDICATIVE,club_table_2014-2015_2005-2017_2026-09-24-v3-L12.csv,12,405,98500000.0,€98.50m,2014-07-10,dated,TM GB1 marktwerteverein stichtag=2014-07-10,-0.602831
2014/2015,Tottenham Hotspur,6,5,64,0.6996,16194,18,INDICATIVE,club_table_2014-2015_2005-2017_2026-09-24-v3-L12.csv,12,148,287850000.0,€287.85m,2014-07-10,dated,TM GB1 marktwerteverein stichtag=2014-07-10,0.469552
2014/2015,Manchester United,14,4,70,0.6898,16491,19,INDICATIVE,club_table_2014-2015_2005-2017_2026-09-24-v3-L12.csv,12,985,417300000.0,€417.30m,2014-07-10,dated,TM GB1 marktwerteverein stichtag=2014-07-10,0.840918
2014/2015,Hull City,22,18,35,0.6731,17703,20,INDICATIVE,club_table_2014-2015_2005-2017_2026-09-24-v3-L12.csv,12,3008,72900000.0,€72.90m,2014-07-10,dated,TM GB1 marktwerteverein stichtag=2014-07-10,-0.903799
2015/2016,Leicester City,42,1,81,0.8985,4363,1,INDICATIVE,club_table_2015-2016_2005-2017_2026-09-24-v3-L12.csv,10,1003,68750000.0,€68.75m,2015-07-01,dated,TM GB3 marktwerteverein stichtag=2015-07-01,-1.041961
2015/2016,Watford,25,13,45,0.8731,4878,2,INDICATIVE,club_table_2015-2016_2005-2017_2026-09-24-v3-L12.csv,10,1010,42830000.0,€42.83m,2015-07-01,dated,TM GB2 marktwerteverein stichtag=2015-07-01,-1.515199
2015/2016,Swansea City,30,12,47,0.8622,5934,3,INDICATIVE,club_table_2015-2016_2005-2017_2026-09-24-v3-L12.csv,10,2288,125000000.0,€125.00m,2015-07-01,dated,TM GB2 marktwerteverein stichtag=2015-07-01,-0.444124
2015/2016,Tottenham Hotspur,6,3,70,0.8322,7757,4,INDICATIVE,club_table_2015-2016_2005-2017_2026-09-24-v3-L12.csv,10,148,277600000.0,€277.60m,2015-07-01,dated,TM GB1 marktwerteverein stichtag=2015-07-01,0.353743
2015/2016,Norwich City,33,19,34,0.8136,7181,5,INDICATIVE,club_table_2015-2016_2005-2017_2026-09-24-v3-L12.csv,10,1123,69450000.0,€69.45m,2015-07-01,dated,TM GB2 marktwerteverein stichtag=2015-07-01,-1.031831
2015/2016,AFC Bournemouth,52,16,42,0.8108,7830,6,INDICATIVE,club_table_2015-2016_2005-2017_2026-09-24-v3-L12.csv,10,989,30530000.0,€30.53m,2015-07-01,dated,TM GB1 marktwerteverein stichtag=2015-07-01,-1.853728
2015/2016,Southampton,65,6,63,0.8028,9300,7,INDICATIVE,club_table_2015-2016_2005-2017_2026-09-24-v3-L12.csv,10,180,198750000.0,€198.75m,2015-07-01,dated,TM GB2 marktwerteverein stichtag=2015-07-01,0.01961
2015/2016,Sunderland,3,17,39,0.7996,9494,8,INDICATIVE,club_table_2015-2016_2005-2017_2026-09-24-v3-L12.csv,10,289,83750000.0,€83.75m,2015-07-01,dated,TM GB1 marktwerteverein stichtag=2015-07-01,-0.844602
2015/2016,West Bromwich Albion,10,14,43,0.7912,10221,9,INDICATIVE,club_table_2015-2016_2005-2017_2026-09-24-v3-L12.csv,10,984,77600000.0,€77.60m,2015-07-01,dated,TM GB2 marktwerteverein stichtag=2015-07-01,-0.92087
2015/2016,Stoke City,26,9,51,0.7871,9880,10,INDICATIVE,club_table_2015-2016_2005-2017_2026-09-24-v3-L12.csv,10,512,98000000.0,€98.00m,2015-07-01,dated,TM GB2 marktwerteverein stichtag=2015-07-01,-0.68747
2015/2016,Arsenal,19,2,71,0.7838,10358,11,INDICATIVE,club_table_2015-2016_2005-2017_2026-09-24-v3-L12.csv,10,11,428000000.0,€428.00m,2015-07-01,dated,TM GB1 marktwerteverein stichtag=2015-07-01,0.786685
2015/2016,Chelsea,18,10,50,0.7812,9914,12,INDICATIVE,club_table_2015-2016_2005-2017_2026-09-24-v3-L12.csv,10,631,537100000.0,€537.10m,2015-07-01,dated,TM GB1 marktwerteverein stichtag=2015-07-01,1.013746
2015/2016,Manchester City,9,4,66,0.7786,10703,13,INDICATIVE,club_table_2015-2016_2005-2017_2026-09-24-v3-L12.csv,10,281,434450000.0,€434.45m,2015-07-01,dated,TM GB1 marktwerteverein stichtag=2015-07-01,0.801643
2015/2016,Everton,13,11,47,0.7452,12769,14,INDICATIVE,club_table_2015-2016_2005-2017_2026-09-24-v3-L12.csv,10,29,184650000.0,€184.65m,2015-07-01,dated,TM GB1 marktwerteverein stichtag=2015-07-01,-0.053976
2015/2016,Aston Villa,15,20,17,0.7334,13141,15,INDICATIVE,club_table_2015-2016_2005-2017_2026-09-24-v3-L12.csv,10,405,96650000.0,€96.65m,2015-07-01,dated,TM GB1 marktwerteverein stichtag=2015-07-01,-0.701342
2015/2016,Manchester United,14,5,66,0.7252,13825,16,INDICATIVE,club_table_2015-2016_2005-2017_2026-09-24-v3-L12.csv,10,985,431500000.0,€431.50m,2015-07-01,dated,TM GB1 marktwerteverein stichtag=2015-07-01,0.79483
2015/2016,Crystal Palace,51,15,42,0.7231,14199,17,INDICATIVE,club_table_2015-2016_2005-2017_2026-09-24-v3-L12.csv,10,873,87750000.0,€87.75m,2015-07-01,dated,TM GB1 marktwerteverein stichtag=2015-07-01,-0.797946
2015/2016,West Ham United,1,7,62,0.7196,14740,18,INDICATIVE,club_table_2015-2016_2005-2017_2026-09-24-v3-L12.csv,10,379,122950000.0,€122.95m,2015-07-01,dated,TM GB2 marktwerteverein stichtag=2015-07-01,-0.46066
2015/2016,Liverpool,8,8,60,0.7112,14570,19,INDICATIVE,club_table_2015-2016_2005-2017_2026-09-24-v3-L12.csv,10,31,374500000.0,€374.50m,2015-07-01,dated,TM GB1 marktwerteverein stichtag=2015-07-01,0.653154
2015/2016,Newcastle United,20,18,37,0.6891,16605,20,INDICATIVE,club_table_2015-2016_2005-2017_2026-09-24-v3-L12.csv,10,762,128000000.0,€128.00m,2015-07-01,dated,TM GB1 marktwerteverein stichtag=2015-07-01,-0.420408
2016/2017,West Bromwich Albion,10,10,45,0.8991,4279,1,INDICATIVE,club_table_2016-2017_2005-2017_2026-09-24-v3-L12.csv,13,984,88100000.0,€88.10m,2016-07-01,dated,TM GB2 marktwerteverein stichtag=2016-07-01,-0.929923
2016/2017,Chelsea,18,1,93,0.8774,5501,2,INDICATIVE,club_table_2016-2017_2005-2017_2026-09-24-v3-L12.csv,13,631,528549999.99999994,€528.55m,2016-07-01,dated,TM GB1 marktwerteverein stichtag=2016-07-01,0.861742
2016/2017,Burnley,27,16,40,0.8388,7170,3,INDICATIVE,club_table_2016-2017_2005-2017_2026-09-24-v3-L12.csv,13,1132,47600000.0,€47.60m,2016-07-01,dated,TM GB2 marktwerteverein stichtag=2016-07-01,-1.545562
2016/2017,Leicester City,42,12,44,0.8385,7074,4,INDICATIVE,club_table_2016-2017_2005-2017_2026-09-24-v3-L12.csv,13,1003,157500000.0,€157.50m,2016-07-01,dated,TM GB3 marktwerteverein stichtag=2016-07-01,-0.34897
2016/2017,Liverpool,8,4,76,0.8086,8849,5,INDICATIVE,club_table_2016-2017_2005-2017_2026-09-24-v3-L12.csv,13,31,437450000.0,€437.45m,2016-07-01,dated,TM GB1 marktwerteverein stichtag=2016-07-01,0.672567
2016/2017,Swansea City,30,15,41,0.8038,8997,6,INDICATIVE,club_table_2016-2017_2005-2017_2026-09-24-v3-L12.csv,13,2288,114000000.0,€114.00m,2016-07-01,dated,TM GB2 marktwerteverein stichtag=2016-07-01,-0.672197
2016/2017,Hull City,22,18,34,0.7963,9281,7,INDICATIVE,club_table_2016-2017_2005-2017_2026-09-24-v3-L12.csv,13,3008,63030000.0,€63.03m,2016-07-01,dated,TM GB1 marktwerteverein stichtag=2016-07-01,-1.264784
2016/2017,AFC Bournemouth,52,9,46,0.7877,9979,8,INDICATIVE,club_table_2016-2017_2005-2017_2026-09-24-v3-L12.csv,13,989,81400000.0,€81.40m,2016-07-01,dated,TM GB1 marktwerteverein stichtag=2016-07-01,-1.00902
2016/2017,Tottenham Hotspur,6,2,86,0.786,10375,9,INDICATIVE,club_table_2016-2017_2005-2017_2026-09-24-v3-L12.csv,13,148,377850000.0,€377.85m,2016-07-01,dated,TM GB1 marktwerteverein stichtag=2016-07-01,0.526102
2016/2017,Southampton,65,8,46,0.7786,10197,10,INDICATIVE,club_table_2016-2017_2005-2017_2026-09-24-v3-L12.csv,13,180,177250000.0,€177.25m,2016-07-01,dated,TM GB2 marktwerteverein stichtag=2016-07-01,-0.230834
2016/2017,Middlesbrough,7,19,28,0.7768,10760,11,INDICATIVE,club_table_2016-2017_2005-2017_2026-09-24-v3-L12.csv,13,641,56600000.0,€56.60m,2016-07-01,dated,TM GB2 marktwerteverein stichtag=2016-07-01,-1.372386
2016/2017,Manchester City,9,3,78,0.7714,11087,12,INDICATIVE,club_table_2016-2017_2005-2017_2026-09-24-v3-L12.csv,13,281,526650000.0,€526.65m,2016-07-01,dated,TM GB1 marktwerteverein stichtag=2016-07-01,0.858141
2016/2017,Watford,25,17,40,0.7639,11068,13,INDICATIVE,club_table_2016-2017_2005-2017_2026-09-24-v3-L12.csv,13,1010,123100000.0,€123.10m,2016-07-01,dated,TM GB2 marktwerteverein stichtag=2016-07-01,-0.595398
2016/2017,Arsenal,19,5,75,0.7559,12141,14,INDICATIVE,club_table_2016-2017_2005-2017_2026-09-24-v3-L12.csv,13,11,495250000.0,€495.25m,2016-07-01,dated,TM GB1 marktwerteverein stichtag=2016-07-01,0.796667
2016/2017,Everton,13,7,61,0.7531,12171,15,INDICATIVE,club_table_2016-2017_2005-2017_2026-09-24-v3-L12.csv,13,29,243250000.0,€243.25m,2016-07-01,dated,TM GB1 marktwerteverein stichtag=2016-07-01,0.085694
2016/2017,Crystal Palace,51,14,41,0.7175,14714,16,INDICATIVE,club_table_2016-2017_2005-2017_2026-09-24-v3-L12.csv,13,873,118600000.0,€118.60m,2016-07-01,dated,TM GB1 marktwerteverein stichtag=2016-07-01,-0.632639
2016/2017,West Ham United,1,11,45,0.7138,14688,17,INDICATIVE,club_table_2016-2017_2005-2017_2026-09-24-v3-L12.csv,13,379,169780000.0,€169.78m,2016-07-01,dated,TM GB2 marktwerteverein stichtag=2016-07-01,-0.273892
2016/2017,Stoke City,26,13,44,0.7078,16013,18,INDICATIVE,club_table_2016-2017_2005-2017_2026-09-24-v3-L12.csv,13,512,137250000.0,€137.25m,2016-07-01,dated,TM GB2 marktwerteverein stichtag=2016-07-01,-0.486591
2016/2017,Manchester United,14,6,69,0.7017,15710,19,INDICATIVE,club_table_2016-2017_2005-2017_2026-09-24-v3-L12.csv,13,985,439750000.0,€439.75m,2016-07-01,dated,TM GB1 marktwerteverein stichtag=2016-07-01,0.677811
2016/2017,Sunderland,3,20,24,0.6376,20045,20,INDICATIVE,club_table_2016-2017_2005-2017_2026-09-24-v3-L12.csv,13,289,82500000.0,€82.50m,2016-07-01,dated,TM GB1 marktwerteverein stichtag=2016-07-01,-0.995597
2017/2018,Chelsea,18,5,70,0.8475,6798,1,INDICATIVE,club_table_2017-2018_2017-2018_2026-09-24-L12.csv,6397,631,658200000.0,€658.20m,2017-07-01,dated,TM GB1 marktwerteverein stichtag=2017-07-01,0.89959
2017/2018,Southampton,65,17,36,0.8442,7033,2,INDICATIVE,club_table_2017-2018_2017-2018_2026-09-24-L12.csv,6397,180,255750000.0,€255.75m,2017-07-01,dated,TM GB2 marktwerteverein stichtag=2017-07-01,-0.045719
2017/2018,AFC Bournemouth,52,12,44,0.8296,7897,3,INDICATIVE,club_table_2017-2018_2017-2018_2026-09-24-L12.csv,6397,989,104600000.0,€104.60m,2017-07-01,dated,TM GB1 marktwerteverein stichtag=2017-07-01,-0.939776
2017/2018,Manchester City,9,1,100,0.8274,7608,4,INDICATIVE,club_table_2017-2018_2017-2018_2026-09-24-L12.csv,6397,281,605450000.0,€605.45m,2017-07-01,dated,TM GB1 marktwerteverein stichtag=2017-07-01,0.816053
2017/2018,Swansea City,30,18,33,0.8264,7754,5,INDICATIVE,club_table_2017-2018_2017-2018_2026-09-24-L12.csv,6397,2288,150850000.0,€150.85m,2017-07-01,dated,TM GB2 marktwerteverein stichtag=2017-07-01,-0.573633
2017/2018,Tottenham Hotspur,6,3,77,0.822,8361,6,INDICATIVE,club_table_2017-2018_2017-2018_2026-09-24-L12.csv,6397,148,527000000.0,€527.00m,2017-07-01,dated,TM GB1 marktwerteverein stichtag=2017-07-01,0.677281
2017/2018,Newcastle United,20,10,44,0.8198,8317,7,INDICATIVE,club_table_2017-2018_2017-2018_2026-09-24-L12.csv,6397,762,160500000.0,€160.50m,2017-07-01,dated,TM GB1 marktwerteverein stichtag=2017-07-01,-0.511625
2017/2018,West Bromwich Albion,10,20,31,0.8188,8368,8,INDICATIVE,club_table_2017-2018_2017-2018_2026-09-24-L12.csv,6397,984,100100000.0,€100.10m,2017-07-01,dated,TM GB2 marktwerteverein stichtag=2017-07-01,-0.98375
2017/2018,Huddersfield Town,251,16,37,0.8075,9031,9,INDICATIVE,club_table_2017-2018_2017-2018_2026-09-24-L12.csv,6397,1110,21700000.0,€21.70m,2017-07-01,dated,TM GB3 marktwerteverein stichtag=2017-07-01,-2.512607
2017/2018,Brighton & Hove Albion,78,15,40,0.8005,9635,10,INDICATIVE,club_table_2017-2018_2017-2018_2026-09-24-L12.csv,6397,1237,52400000.0,€52.40m,2017-07-01,dated,TM GB1 marktwerteverein stichtag=2017-07-01,-1.631013
2017/2018,Leicester City,42,9,47,0.7976,9236,11,INDICATIVE,club_table_2017-2018_2017-2018_2026-09-24-L12.csv,6397,1003,206500000.0,€206.50m,2017-07-01,dated,TM GB3 marktwerteverein stichtag=2017-07-01,-0.259619
2017/2018,Stoke City,26,19,33,0.7908,9702,12,INDICATIVE,club_table_2017-2018_2017-2018_2026-09-24-L12.csv,6397,512,157000000.0,€157.00m,2017-07-01,dated,TM GB2 marktwerteverein stichtag=2017-07-01,-0.533673
2017/2018,Arsenal,19,6,63,0.7694,10830,13,INDICATIVE,club_table_2017-2018_2017-2018_2026-09-24-L12.csv,6397,11,540000000.0,€540.00m,2017-07-01,dated,TM GB1 marktwerteverein stichtag=2017-07-01,0.70165
2017/2018,Crystal Palace,51,11,44,0.7604,11941,14,INDICATIVE,club_table_2017-2018_2017-2018_2026-09-24-L12.csv,6397,873,179180000.0,€179.18m,2017-07-01,dated,TM GB1 marktwerteverein stichtag=2017-07-01,-0.401528
2017/2018,Liverpool,8,4,75,0.7584,12060,15,INDICATIVE,club_table_2017-2018_2017-2018_2026-09-24-L12.csv,6397,31,424950000.0,€424.95m,2017-07-01,dated,TM GB1 marktwerteverein stichtag=2017-07-01,0.462052
2017/2018,West Ham United,1,13,42,0.7522,12521,16,INDICATIVE,club_table_2017-2018_2017-2018_2026-09-24-L12.csv,6397,379,211700000.0,€211.70m,2017-07-01,dated,TM GB2 marktwerteverein stichtag=2017-07-01,-0.234749
2017/2018,Manchester United,14,2,81,0.747,13407,17,INDICATIVE,club_table_2017-2018_2017-2018_2026-09-24-L12.csv,6397,985,484750000.0,€484.75m,2017-07-01,dated,TM GB1 marktwerteverein stichtag=2017-07-01,0.593714
2017/2018,Burnley,27,7,54,0.7283,13816,18,INDICATIVE,club_table_2017-2018_2017-2018_2026-09-24-L12.csv,6397,1132,95000000.0,€95.00m,2017-07-01,dated,TM GB2 marktwerteverein stichtag=2017-07-01,-1.036042
2017/2018,Everton,13,8,49,0.6789,18072,19,INDICATIVE,club_table_2017-2018_2017-2018_2026-09-24-L12.csv,6397,29,297000000.0,€297.00m,2017-07-01,dated,TM GB1 marktwerteverein stichtag=2017-07-01,0.103813
2017/2018,Watford,25,14,41,0.6664,18426,20,INDICATIVE,club_table_2017-2018_2017-2018_2026-09-24-L12.csv,6397,1010,121650000.0,€121.65m,2017-07-01,dated,TM GB2 marktwerteverein stichtag=2017-07-01,-0.788771
2018/2019,Wolverhampton Wanderers,29,7,57,0.9337,2686,1,INDICATIVE,club_table_2018-2019_2026-09-22-v3d.csv,12962,543,127800000.0,€127.80m,2018-07-01,dated,TM GB2 marktwerteverein stichtag=2018-07-01,-1.072268
2018/2019,Chelsea,18,3,72,0.8565,6278,2,INDICATIVE,club_table_2018-2019_2026-09-22-v3d.csv,12962,631,882750000.0,€882.75m,2018-07-01,dated,TM GB1 marktwerteverein stichtag=2018-07-01,0.860307
2018/2019,Crystal Palace,51,12,49,0.8398,7241,3,INDICATIVE,club_table_2018-2019_2026-09-22-v3d.csv,12962,873,176330000.0,€176.33m,2018-07-01,dated,TM GB1 marktwerteverein stichtag=2018-07-01,-0.750377
2018/2019,Liverpool,8,2,97,0.8279,7779,4,INDICATIVE,club_table_2018-2019_2026-09-22-v3d.csv,12962,31,835000000.0,€835.00m,2018-07-01,dated,TM GB1 marktwerteverein stichtag=2018-07-01,0.804697
2018/2019,Everton,13,8,54,0.8139,8680,5,INDICATIVE,club_table_2018-2019_2026-09-22-v3d.csv,12962,29,356500000.0,€356.50m,2018-07-01,dated,TM GB1 marktwerteverein stichtag=2018-07-01,-0.0464
2018/2019,Burnley,27,15,40,0.8115,8852,6,INDICATIVE,club_table_2018-2019_2026-09-22-v3d.csv,12962,1132,156750000.0,€156.75m,2018-07-01,dated,TM GB2 marktwerteverein stichtag=2018-07-01,-0.868082
2018/2019,Manchester City,9,1,98,0.8094,8995,7,INDICATIVE,club_table_2018-2019_2026-09-22-v3d.csv,12962,281,1020000000.0,€1.02bn,2018-07-01,dated,TM GB1 marktwerteverein stichtag=2018-07-01,1.004823
2018/2019,Brighton & Hove Albion,78,17,36,0.8062,9033,8,INDICATIVE,club_table_2018-2019_2026-09-22-v3d.csv,12962,1237,138100000.0,€138.10m,2018-07-01,dated,TM GB1 marktwerteverein stichtag=2018-07-01,-0.994757
2018/2019,Fulham,11,19,26,0.8001,9329,9,INDICATIVE,club_table_2018-2019_2026-09-22-v3d.csv,12962,931,80250000.0,€80.25m,2018-07-01,dated,TM GB1 marktwerteverein stichtag=2018-07-01,-1.537588
2018/2019,Leicester City,42,9,52,0.7987,9536,10,INDICATIVE,club_table_2018-2019_2026-09-22-v3d.csv,12962,1003,338500000.0,€338.50m,2018-07-01,dated,TM GB3 marktwerteverein stichtag=2018-07-01,-0.09821
2018/2019,Southampton,65,16,39,0.7952,9224,11,INDICATIVE,club_table_2018-2019_2026-09-22-v3d.csv,12962,180,246500000.0,€246.50m,2018-07-01,dated,TM GB2 marktwerteverein stichtag=2018-07-01,-0.415373
2018/2019,Huddersfield Town,251,20,16,0.7876,9917,12,INDICATIVE,club_table_2018-2019_2026-09-22-v3d.csv,12962,1110,111950000.0,€111.95m,2018-07-01,dated,TM GB3 marktwerteverein stichtag=2018-07-01,-1.204682
2018/2019,Newcastle United,20,13,45,0.7841,10454,13,INDICATIVE,club_table_2018-2019_2026-09-22-v3d.csv,12962,762,183700000.0,€183.70m,2018-07-01,dated,TM GB1 marktwerteverein stichtag=2018-07-01,-0.709431
2018/2019,Cardiff City,69,18,34,0.783,10520,14,INDICATIVE,club_table_2018-2019_2026-09-22-v3d.csv,12962,603,57050000.0,€57.05m,2018-07-01,dated,TM GB2 marktwerteverein stichtag=2018-07-01,-1.878807
2018/2019,AFC Bournemouth,52,14,45,0.768,11138,15,INDICATIVE,club_table_2018-2019_2026-09-22-v3d.csv,12962,989,133500000.0,€133.50m,2018-07-01,dated,TM GB1 marktwerteverein stichtag=2018-07-01,-1.028633
2018/2019,Watford,25,11,50,0.7654,11582,16,INDICATIVE,club_table_2018-2019_2026-09-22-v3d.csv,12962,1010,186000000.0,€186.00m,2018-07-01,dated,TM GB2 marktwerteverein stichtag=2018-07-01,-0.696988
2018/2019,West Ham United,1,10,52,0.7522,12131,17,INDICATIVE,club_table_2018-2019_2026-09-22-v3d.csv,12962,379,230500000.0,€230.50m,2018-07-01,dated,TM GB2 marktwerteverein stichtag=2018-07-01,-0.482484
2018/2019,Tottenham Hotspur,6,4,71,0.7501,12019,18,INDICATIVE,club_table_2018-2019_2026-09-22-v3d.csv,12962,148,819500000.0,€819.50m,2018-07-01,dated,TM GB1 marktwerteverein stichtag=2018-07-01,0.78596
2018/2019,Arsenal,19,5,70,0.7452,12757,19,INDICATIVE,club_table_2018-2019_2026-09-22-v3d.csv,12962,11,535450000.00000006,€535.45m,2018-07-01,dated,TM GB1 marktwerteverein stichtag=2018-07-01,0.360373
2018/2019,Manchester United,14,6,66,0.7449,12626,20,INDICATIVE,club_table_2018-2019_2026-09-22-v3d.csv,12962,985,852500000.0,€852.50m,2018-07-01,dated,TM GB1 marktwerteverein stichtag=2018-07-01,0.825439
2019/2020,Wolverhampton Wanderers,29,7,59,0.9135,3640,1,INDICATIVE,club_table_2019-2020_2026-09-22-v3d.csv,16036,543,301250000.0,€301.25m,2019-07-01,dated,TM GB2 marktwerteverein stichtag=2019-07-01,-0.380592
2019/2020,Southampton,65,11,52,0.8787,5244,2,INDICATIVE,club_table_2019-2020_2026-09-22-v3d.csv,16036,180,303100000.0,€303.10m,2019-07-01,dated,TM GB2 marktwerteverein stichtag=2019-07-01,-0.374469
2019/2020,Sheffield United,21,9,54,0.8761,5490,3,INDICATIVE,club_table_2019-2020_2026-09-22-v3d.csv,16036,350,38550000.0,€38.55m,2019-07-01,dated,TM GB2 marktwerteverein stichtag=2019-07-01,-2.436576
2019/2020,Leicester City,42,5,62,0.8702,5493,4,INDICATIVE,club_table_2019-2020_2026-09-22-v3d.csv,16036,1003,379530000.0,€379.53m,2019-07-01,dated,TM GB3 marktwerteverein stichtag=2019-07-01,-0.149599
2019/2020,Liverpool,8,1,99,0.8589,6186,5,INDICATIVE,club_table_2019-2020_2026-09-22-v3d.csv,16036,31,1110000000.0,€1.11bn,2019-07-01,dated,TM GB1 marktwerteverein stichtag=2019-07-01,0.923583
2019/2020,Brighton & Hove Albion,78,15,41,0.8498,6698,6,INDICATIVE,club_table_2019-2020_2026-09-22-v3d.csv,16036,1237,203950000.0,€203.95m,2019-07-01,dated,TM GB1 marktwerteverein stichtag=2019-07-01,-0.770657
2019/2020,Burnley,27,10,54,0.8329,7278,7,INDICATIVE,club_table_2019-2020_2026-09-22-v3d.csv,16036,1132,189250000.0,€189.25m,2019-07-01,dated,TM GB2 marktwerteverein stichtag=2019-07-01,-0.845463
2019/2020,Manchester City,9,2,81,0.809,8938,8,INDICATIVE,club_table_2019-2020_2026-09-22-v3d.csv,16036,281,1170000000.0,€1.17bn,2019-07-01,dated,TM GB1 marktwerteverein stichtag=2019-07-01,0.976227
2019/2020,Norwich City,33,20,21,0.8051,9088,9,INDICATIVE,club_table_2019-2020_2026-09-22-v3d.csv,16036,1123,81400000.0,€81.40m,2019-07-01,dated,TM GB2 marktwerteverein stichtag=2019-07-01,-1.689157
2019/2020,Everton,13,12,49,0.7932,9535,10,INDICATIVE,club_table_2019-2020_2026-09-22-v3d.csv,16036,29,479750000.0,€479.75m,2019-07-01,dated,TM GB1 marktwerteverein stichtag=2019-07-01,0.084733
2019/2020,West Ham United,1,16,39,0.7919,9864,11,INDICATIVE,club_table_2019-2020_2026-09-22-v3d.csv,16036,379,356250000.0,€356.25m,2019-07-01,dated,TM GB2 marktwerteverein stichtag=2019-07-01,-0.2129
2019/2020,Chelsea,18,4,66,0.7882,9809,12,INDICATIVE,club_table_2019-2020_2026-09-22-v3d.csv,16036,631,850650000.0,€850.65m,2019-07-01,dated,TM GB1 marktwerteverein stichtag=2019-07-01,0.657468
2019/2020,Crystal Palace,51,14,43,0.7866,9979,13,INDICATIVE,club_table_2019-2020_2026-09-22-v3d.csv,16036,873,215400000.0,€215.40m,2019-07-01,dated,TM GB1 marktwerteverein stichtag=2019-07-01,-0.716036
2019/2020,Manchester United,14,3,66,0.783,10772,14,INDICATIVE,club_table_2019-2020_2026-09-22-v3d.csv,16036,985,801100000.0,€801.10m,2019-07-01,dated,TM GB1 marktwerteverein stichtag=2019-07-01,0.597454
2019/2020,Watford,25,19,34,0.7811,10643,15,INDICATIVE,club_table_2019-2020_2026-09-22-v3d.csv,16036,1010,233300000.0,€233.30m,2019-07-01,dated,TM GB2 marktwerteverein stichtag=2019-07-01,-0.636207
2019/2020,Tottenham Hotspur,6,6,59,0.771,11555,16,INDICATIVE,club_table_2019-2020_2026-09-22-v3d.csv,16036,148,882000000.0,€882.00m,2019-07-01,dated,TM GB1 marktwerteverein stichtag=2019-07-01,0.69366
2019/2020,Arsenal,19,8,56,0.7328,13573,17,INDICATIVE,club_table_2019-2020_2026-09-22-v3d.csv,16036,11,582750000.0,€582.75m,2019-07-01,dated,TM GB1 marktwerteverein stichtag=2019-07-01,0.279226
2019/2020,Aston Villa,15,17,35,0.7309,13736,18,INDICATIVE,club_table_2019-2020_2026-09-22-v3d.csv,16036,405,126500000.0,€126.50m,2019-07-01,dated,TM GB1 marktwerteverein stichtag=2019-07-01,-1.24829
2019/2020,Newcastle United,20,13,44,0.7179,14445,19,INDICATIVE,club_table_2019-2020_2026-09-22-v3d.csv,16036,762,207500000.0,€207.50m,2019-07-01,dated,TM GB1 marktwerteverein stichtag=2019-07-01,-0.753401
2019/2020,AFC Bournemouth,52,18,34,0.6955,16732,20,INDICATIVE,club_table_2019-2020_2026-09-22-v3d.csv,16036,989,303250000.0,€303.25m,2019-07-01,dated,TM GB1 marktwerteverein stichtag=2019-07-01,-0.373975
2020/2021,Manchester City,9,1,86,0.8518,6622,1,INDICATIVE,club_table_2020-2021_2026-09-22-v3d.csv,17420,281,1060000000.0,€1.06bn,2020-07-01,dated,TM GB1 marktwerteverein stichtag=2020-07-01,1.007097
2020/2021,Manchester United,14,2,74,0.8451,6806,2,INDICATIVE,club_table_2020-2021_2026-09-22-v3d.csv,17420,985,655980000.0,€655.98m,2020-07-01,dated,TM GB1 marktwerteverein stichtag=2020-07-01,0.527203
2020/2021,Fulham,11,18,28,0.8419,7236,3,INDICATIVE,club_table_2020-2021_2026-09-22-v3d.csv,17420,931,105600000.0,€105.60m,2020-07-01,dated,TM GB1 marktwerteverein stichtag=2020-07-01,-1.299269
2020/2021,Leeds United,71,9,59,0.8256,8008,4,INDICATIVE,club_table_2020-2021_2026-09-22-v3d.csv,17420,399,71700000.0,€71.70m,2020-07-01,dated,TM GB1 marktwerteverein stichtag=2020-07-01,-1.686436
2020/2021,Tottenham Hotspur,6,7,62,0.8254,8210,5,INDICATIVE,club_table_2020-2021_2026-09-22-v3d.csv,17420,148,701000000.0,€701.00m,2020-07-01,dated,TM GB1 marktwerteverein stichtag=2020-07-01,0.593581
2020/2021,Chelsea,18,4,67,0.824,8027,6,INDICATIVE,club_table_2020-2021_2026-09-22-v3d.csv,17420,631,727800000.0,€727.80m,2020-07-01,dated,TM GB1 marktwerteverein stichtag=2020-07-01,0.631099
2020/2021,West Bromwich Albion,10,19,26,0.82,8375,7,INDICATIVE,club_table_2020-2021_2026-09-22-v3d.csv,17420,984,61230000.0,€61.23m,2020-07-01,dated,TM GB2 marktwerteverein stichtag=2020-07-01,-1.84429
2020/2021,West Ham United,1,6,65,0.8195,8346,8,INDICATIVE,club_table_2020-2021_2026-09-22-v3d.csv,17420,379,294150000.0,€294.15m,2020-07-01,dated,TM GB2 marktwerteverein stichtag=2020-07-01,-0.274837
2020/2021,Burnley,27,17,39,0.8194,8554,9,INDICATIVE,club_table_2020-2021_2026-09-22-v3d.csv,17420,1132,158750000.0,€158.75m,2020-07-01,dated,TM GB2 marktwerteverein stichtag=2020-07-01,-0.891597
2020/2021,Southampton,65,15,43,0.8085,8704,10,INDICATIVE,club_table_2020-2021_2026-09-22-v3d.csv,17420,180,208300000.0,€208.30m,2020-07-01,dated,TM GB2 marktwerteverein stichtag=2020-07-01,-0.619948
2020/2021,Everton,13,10,59,0.8056,9358,11,INDICATIVE,club_table_2020-2021_2026-09-22-v3d.csv,17420,29,429650000.0,€429.65m,2020-07-01,dated,TM GB1 marktwerteverein stichtag=2020-07-01,0.104044
2020/2021,Wolverhampton Wanderers,29,13,45,0.7909,9580,12,INDICATIVE,club_table_2020-2021_2026-09-22-v3d.csv,17420,543,298000000.0,€298.00m,2020-07-01,dated,TM GB2 marktwerteverein stichtag=2020-07-01,-0.261834
2020/2021,Brighton & Hove Albion,78,16,41,0.7854,9593,13,INDICATIVE,club_table_2020-2021_2026-09-22-v3d.csv,17420,1237,194900000.0,€194.90m,2020-07-01,dated,TM GB1 marktwerteverein stichtag=2020-07-01,-0.686441
2020/2021,Crystal Palace,51,14,44,0.7849,10532,14,INDICATIVE,club_table_2020-2021_2026-09-22-v3d.csv,17420,873,173250000.0,€173.25m,2020-07-01,dated,TM GB1 marktwerteverein stichtag=2020-07-01,-0.804192
2020/2021,Arsenal,19,8,61,0.776,10950,15,INDICATIVE,club_table_2020-2021_2026-09-22-v3d.csv,17420,11,591750000.0,€591.75m,2020-07-01,dated,TM GB1 marktwerteverein stichtag=2020-07-01,0.424157
2020/2021,Leicester City,42,5,66,0.7687,11279,16,INDICATIVE,club_table_2020-2021_2026-09-22-v3d.csv,17420,1003,428550000.0,€428.55m,2020-07-01,dated,TM GB3 marktwerteverein stichtag=2020-07-01,0.10148
2020/2021,Aston Villa,15,11,55,0.7473,13096,17,INDICATIVE,club_table_2020-2021_2026-09-22-v3d.csv,17420,405,217550000.0,€217.55m,2020-07-01,dated,TM GB1 marktwerteverein stichtag=2020-07-01,-0.576498
2020/2021,Sheffield United,21,20,23,0.7442,12527,18,INDICATIVE,club_table_2020-2021_2026-09-22-v3d.csv,17420,350,127200000.0,€127.20m,2020-07-01,dated,TM GB2 marktwerteverein stichtag=2020-07-01,-1.113166
2020/2021,Newcastle United,20,12,45,0.7254,14393,19,INDICATIVE,club_table_2020-2021_2026-09-22-v3d.csv,17420,762,244580000.0,€244.58m,2020-07-01,dated,TM GB1 marktwerteverein stichtag=2020-07-01,-0.459385
2020/2021,Liverpool,8,3,69,0.7033,15420,20,INDICATIVE,club_table_2020-2021_2026-09-22-v3d.csv,17420,31,993950000.0,€993.95m,2020-07-01,dated,TM GB1 marktwerteverein stichtag=2020-07-01,0.94276
2021/2022,Tottenham Hotspur,6,4,71,0.8654,5718,1,INDICATIVE,club_table_2021-2022_2026-09-22-v3d.csv,18378,148,665000000.0,€665.00m,2021-07-01,dated,TM GB1 marktwerteverein stichtag=2021-07-01,0.419196
2021/2022,Aston Villa,15,14,45,0.8576,6503,2,INDICATIVE,club_table_2021-2022_2026-09-22-v3d.csv,18378,405,397800000.0,€397.80m,2021-07-01,dated,TM GB1 marktwerteverein stichtag=2021-07-01,-0.094642
2021/2022,Crystal Palace,51,12,48,0.856,6603,3,INDICATIVE,club_table_2021-2022_2026-09-22-v3d.csv,18378,873,181650000.0,€181.65m,2021-07-01,dated,TM GB1 marktwerteverein stichtag=2021-07-01,-0.878509
2021/2022,Manchester City,9,1,93,0.8504,6500,4,INDICATIVE,club_table_2021-2022_2026-09-22-v3d.csv,18378,281,1110000000.0,€1.11bn,2021-07-01,dated,TM GB1 marktwerteverein stichtag=2021-07-01,0.931524
2021/2022,Brighton & Hove Albion,78,9,51,0.8394,7240,5,INDICATIVE,club_table_2021-2022_2026-09-22-v3d.csv,18378,1237,297100000.0,€297.10m,2021-07-01,dated,TM GB1 marktwerteverein stichtag=2021-07-01,-0.386522
2021/2022,West Ham United,1,7,56,0.8322,7651,6,INDICATIVE,club_table_2021-2022_2026-09-22-v3d.csv,18378,379,274550000.0,€274.55m,2021-07-01,dated,TM GB2 marktwerteverein stichtag=2021-07-01,-0.465457
2021/2022,Wolverhampton Wanderers,29,10,51,0.8315,7606,7,INDICATIVE,club_table_2021-2022_2026-09-22-v3d.csv,18378,543,377350000.0,€377.35m,2021-07-01,dated,TM GB2 marktwerteverein stichtag=2021-07-01,-0.147418
2021/2022,Arsenal,19,5,69,0.8188,8203,8,INDICATIVE,club_table_2021-2022_2026-09-22-v3d.csv,18378,11,548300000.0,€548.30m,2021-07-01,dated,TM GB1 marktwerteverein stichtag=2021-07-01,0.226232
2021/2022,Burnley,27,18,35,0.8175,8164,9,INDICATIVE,club_table_2021-2022_2026-09-22-v3d.csv,18378,1132,131000000.0,€131.00m,2021-07-01,dated,TM GB2 marktwerteverein stichtag=2021-07-01,-1.205394
2021/2022,Southampton,65,15,40,0.8161,8343,10,INDICATIVE,club_table_2021-2022_2026-09-22-v3d.csv,18378,180,268100000.00000003,€268.10m,2021-07-01,dated,TM GB2 marktwerteverein stichtag=2021-07-01,-0.489231
2021/2022,Liverpool,8,2,92,0.8054,9291,11,INDICATIVE,club_table_2021-2022_2026-09-22-v3d.csv,18378,31,924000000.0,€924.00m,2021-07-01,dated,TM GB1 marktwerteverein stichtag=2021-07-01,0.748121
2021/2022,Chelsea,18,3,74,0.8014,9250,12,INDICATIVE,club_table_2021-2022_2026-09-22-v3d.csv,18378,631,955500000.0,€955.50m,2021-07-01,dated,TM GB1 marktwerteverein stichtag=2021-07-01,0.781644
2021/2022,Brentford,236,13,46,0.7975,9594,13,INDICATIVE,club_table_2021-2022_2026-09-22-v3d.csv,18378,1148,145150000.0,€145.15m,2021-07-01,dated,TM GB1 marktwerteverein stichtag=2021-07-01,-1.102823
2021/2022,Norwich City,33,20,22,0.7781,10701,14,INDICATIVE,club_table_2021-2022_2026-09-22-v3d.csv,18378,1123,133250000.0,€133.25m,2021-07-01,dated,TM GB2 marktwerteverein stichtag=2021-07-01,-1.188364
2021/2022,Everton,13,16,39,0.7742,10672,15,INDICATIVE,club_table_2021-2022_2026-09-22-v3d.csv,18378,29,505900000.0,€505.90m,2021-07-01,dated,TM GB1 marktwerteverein stichtag=2021-07-01,0.145748
2021/2022,Manchester United,14,6,58,0.7665,11277,16,INDICATIVE,club_table_2021-2022_2026-09-22-v3d.csv,18378,985,764550000.0,€764.55m,2021-07-01,dated,TM GB1 marktwerteverein stichtag=2021-07-01,0.558697
2021/2022,Leeds United,71,17,38,0.7615,11338,17,INDICATIVE,club_table_2021-2022_2026-09-22-v3d.csv,18378,399,221300000.0,€221.30m,2021-07-01,dated,TM GB1 marktwerteverein stichtag=2021-07-01,-0.681072
2021/2022,Watford,25,19,23,0.7542,12109,18,INDICATIVE,club_table_2021-2022_2026-09-22-v3d.csv,18378,1010,112250000.0,€112.25m,2021-07-01,dated,TM GB2 marktwerteverein stichtag=2021-07-01,-1.359862
2021/2022,Newcastle United,20,11,49,0.749,13193,19,INDICATIVE,club_table_2021-2022_2026-09-22-v3d.csv,18378,762,239700000.0,€239.70m,2021-07-01,dated,TM GB1 marktwerteverein stichtag=2021-07-01,-0.601203
2021/2022,Leicester City,42,8,52,0.737,14208,20,INDICATIVE,club_table_2021-2022_2026-09-22-v3d.csv,18378,1003,493300000.0,€493.30m,2021-07-01,dated,TM GB3 marktwerteverein stichtag=2021-07-01,0.120527
2022/2023,Manchester City,9,1,89,0.8869,4747,1,FINAL,club_table_2022-2023_2026-09-22-final.csv,19734,281,1110000000.0,€1.11bn,2022-07-01,dated,TM GB1 marktwerteverein stichtag=2022-07-01,0.908419
2022/2023,Aston Villa,15,7,61,0.884,5071,2,FINAL,club_table_2022-2023_2026-09-22-final.csv,19734,405,517100000.0,€517.10m,2022-07-01,dated,TM GB1 marktwerteverein stichtag=2022-07-01,0.14454
2022/2023,West Ham United,1,14,40,0.8706,5751,3,FINAL,club_table_2022-2023_2026-09-22-final.csv,19734,379,352000000.0,€352.00m,2022-07-01,dated,TM GB2 marktwerteverein stichtag=2022-07-01,-0.240065
2022/2023,Crystal Palace,51,11,45,0.8614,5976,4,FINAL,club_table_2022-2023_2026-09-22-final.csv,19734,873,244600000.0,€244.60m,2022-07-01,dated,TM GB1 marktwerteverein stichtag=2022-07-01,-0.604072
2022/2023,Arsenal,19,2,84,0.8596,6413,5,FINAL,club_table_2022-2023_2026-09-22-final.csv,19734,11,648200000.0,€648.20m,2022-07-01,dated,TM GB1 marktwerteverein stichtag=2022-07-01,0.370503
2022/2023,Fulham,11,10,52,0.8405,7081,6,FINAL,club_table_2022-2023_2026-09-22-final.csv,19734,931,120500000.0,€120.50m,2022-07-01,dated,TM GB1 marktwerteverein stichtag=2022-07-01,-1.312047
2022/2023,Wolverhampton Wanderers,29,13,41,0.8403,7296,7,FINAL,club_table_2022-2023_2026-09-22-final.csv,19734,543,341500000.0,€341.50m,2022-07-01,dated,TM GB2 marktwerteverein stichtag=2022-07-01,-0.270349
2022/2023,Brighton & Hove Albion,78,6,62,0.8382,6958,8,FINAL,club_table_2022-2023_2026-09-22-final.csv,19734,1237,301100000.0,€301.10m,2022-07-01,dated,TM GB1 marktwerteverein stichtag=2022-07-01,-0.396254
2022/2023,Tottenham Hotspur,6,8,60,0.8257,8147,9,FINAL,club_table_2022-2023_2026-09-22-final.csv,19734,148,710830000.0,€710.83m,2022-07-01,dated,TM GB1 marktwerteverein stichtag=2022-07-01,0.462737
2022/2023,Newcastle United,20,4,71,0.8222,8202,10,FINAL,club_table_2022-2023_2026-09-22-final.csv,19734,762,341700000.0,€341.70m,2022-07-01,dated,TM GB1 marktwerteverein stichtag=2022-07-01,-0.269763
2022/2023,Brentford,236,9,59,0.8158,8722,11,FINAL,club_table_2022-2023_2026-09-22-final.csv,19734,1148,245050000.0,€245.05m,2022-07-01,dated,TM GB1 marktwerteverein stichtag=2022-07-01,-0.602234
2022/2023,Everton,13,17,36,0.8044,9298,12,FINAL,club_table_2022-2023_2026-09-22-final.csv,19734,29,387700000.0,€387.70m,2022-07-01,dated,TM GB1 marktwerteverein stichtag=2022-07-01,-0.143465
2022/2023,AFC Bournemouth,52,15,39,0.7961,9783,13,FINAL,club_table_2022-2023_2026-09-22-final.csv,19734,989,138650000.0,€138.65m,2022-07-01,dated,TM GB1 marktwerteverein stichtag=2022-07-01,-1.171744
2022/2023,Southampton,65,20,25,0.7824,10279,14,FINAL,club_table_2022-2023_2026-09-22-final.csv,19734,180,262250000.0,€262.25m,2022-07-01,dated,TM GB2 marktwerteverein stichtag=2022-07-01,-0.534398
2022/2023,Leicester City,42,18,34,0.781,10292,15,FINAL,club_table_2022-2023_2026-09-22-final.csv,19734,1003,513799999.99999994,€513.80m,2022-07-01,dated,TM GB3 marktwerteverein stichtag=2022-07-01,0.138137
2022/2023,Leeds United,71,19,31,0.7733,11149,16,FINAL,club_table_2022-2023_2026-09-22-final.csv,19734,399,347300000.0,€347.30m,2022-07-01,dated,TM GB1 marktwerteverein stichtag=2022-07-01,-0.253508
2022/2023,Manchester United,14,3,75,0.7657,11718,17,FINAL,club_table_2022-2023_2026-09-22-final.csv,19734,985,681300000.0,€681.30m,2022-07-01,dated,TM GB1 marktwerteverein stichtag=2022-07-01,0.420306
2022/2023,Liverpool,8,5,67,0.7611,11641,18,FINAL,club_table_2022-2023_2026-09-22-final.csv,19734,31,884500000.0,€884.50m,2022-07-01,dated,TM GB1 marktwerteverein stichtag=2022-07-01,0.681326
2022/2023,Nottingham Forest,63,16,38,0.7364,13226,19,FINAL,club_table_2022-2023_2026-09-22-final.csv,19734,703,72400000.0,€72.40m,2022-07-01,dated,TM GB1 marktwerteverein stichtag=2022-07-01,-1.82149
2022/2023,Chelsea,18,12,44,0.7165,14934,20,FINAL,club_table_2022-2023_2026-09-22-final.csv,19734,631,729700000.0,€729.70m,2022-07-01,dated,TM GB1 marktwerteverein stichtag=2022-07-01,0.488937
2023/2024,Manchester City,9,1,91,0.8902,4687,1,FINAL,club_table_2023-2024_2026-09-22-final.csv,21646,281,1150000000.0,€1.15bn,2023-07-01,dated,TM GB1 marktwerteverein stichtag=2023-07-01,0.84469
2023/2024,Arsenal,19,2,89,0.8828,5119,2,FINAL,club_table_2023-2024_2026-09-22-final.csv,21646,11,1050000000.0,€1.05bn,2023-07-01,dated,TM GB1 marktwerteverein stichtag=2023-07-01,0.753718
2023/2024,West Ham United,1,9,52,0.8658,5770,3,FINAL,club_table_2023-2024_2026-09-22-final.csv,21646,379,464800000.0,€464.80m,2023-07-01,dated,TM GB2 marktwerteverein stichtag=2023-07-01,-0.06122
2023/2024,Everton,13,15,40,0.8614,6092,4,FINAL,club_table_2023-2024_2026-09-22-final.csv,21646,29,380850000.0,€380.85m,2023-07-01,dated,TM GB1 marktwerteverein stichtag=2023-07-01,-0.260421
2023/2024,Fulham,11,13,47,0.8472,7114,5,FINAL,club_table_2023-2024_2026-09-22-final.csv,21646,931,253000000.0,€253.00m,2023-07-01,dated,TM GB1 marktwerteverein stichtag=2023-07-01,-0.669437
2023/2024,Wolverhampton Wanderers,29,14,46,0.8469,6460,6,FINAL,club_table_2023-2024_2026-09-22-final.csv,21646,543,425000000.0,€425.00m,2023-07-01,dated,TM GB2 marktwerteverein stichtag=2023-07-01,-0.150738
2023/2024,Tottenham Hotspur,6,5,66,0.8004,9443,7,FINAL,club_table_2023-2024_2026-09-22-final.csv,21646,148,605300000.0,€605.30m,2023-07-01,dated,TM GB1 marktwerteverein stichtag=2023-07-01,0.202897
2023/2024,AFC Bournemouth,52,12,48,0.794,9790,8,FINAL,club_table_2023-2024_2026-09-22-final.csv,21646,989,253250000.0,€253.25m,2023-07-01,dated,TM GB1 marktwerteverein stichtag=2023-07-01,-0.66845
2023/2024,Crystal Palace,51,10,49,0.774,10827,9,FINAL,club_table_2023-2024_2026-09-22-final.csv,21646,873,306050000.0,€306.05m,2023-07-01,dated,TM GB1 marktwerteverein stichtag=2023-07-01,-0.479078
2023/2024,Nottingham Forest,63,17,32,0.7518,12363,10,FINAL,club_table_2023-2024_2026-09-22-final.csv,21646,703,316180000.0,€316.18m,2023-07-01,dated,TM GB1 marktwerteverein stichtag=2023-07-01,-0.446515
2023/2024,Burnley,27,19,24,0.7428,13223,11,FINAL,club_table_2023-2024_2026-09-22-final.csv,21646,1132,131600000.0,€131.60m,2023-07-01,dated,TM GB2 marktwerteverein stichtag=2023-07-01,-1.32306
2023/2024,Liverpool,8,3,82,0.742,12926,12,FINAL,club_table_2023-2024_2026-09-22-final.csv,21646,31,795300000.0,€795.30m,2023-07-01,dated,TM GB1 marktwerteverein stichtag=2023-07-01,0.475892
2023/2024,Aston Villa,15,4,68,0.7292,13685,13,FINAL,club_table_2023-2024_2026-09-22-final.csv,21646,405,483100000.0,€483.10m,2023-07-01,dated,TM GB1 marktwerteverein stichtag=2023-07-01,-0.022603
2023/2024,Brighton & Hove Albion,78,11,48,0.711,14308,14,FINAL,club_table_2023-2024_2026-09-22-final.csv,21646,1237,485400000.0,€485.40m,2023-07-01,dated,TM GB1 marktwerteverein stichtag=2023-07-01,-0.017854
2023/2024,Newcastle United,20,7,60,0.7024,15484,15,FINAL,club_table_2023-2024_2026-09-22-final.csv,21646,762,536700000.00000006,€536.70m,2023-07-01,dated,TM GB1 marktwerteverein stichtag=2023-07-01,0.082612
2023/2024,Sheffield United,21,20,16,0.6984,15934,16,FINAL,club_table_2023-2024_2026-09-22-final.csv,21646,350,97450000.0,€97.45m,2023-07-01,dated,TM GB2 marktwerteverein stichtag=2023-07-01,-1.623488
2023/2024,Luton Town,115,18,26,0.6947,15716,17,FINAL,club_table_2023-2024_2026-09-22-final.csv,21646,1031,34500000.0,€34.50m,2023-07-01,dated,TM GB3 marktwerteverein stichtag=2023-07-01,-2.661868
2023/2024,Manchester United,14,8,60,0.6934,15743,18,FINAL,club_table_2023-2024_2026-09-22-final.csv,21646,985,793800000.0,€793.80m,2023-07-01,dated,TM GB1 marktwerteverein stichtag=2023-07-01,0.474005
2023/2024,Brentford,236,16,39,0.6842,16567,19,FINAL,club_table_2023-2024_2026-09-22-final.csv,21646,1148,348400000.0,€348.40m,2023-07-01,dated,TM GB1 marktwerteverein stichtag=2023-07-01,-0.349476
2023/2024,Chelsea,18,6,63,0.6664,17677,20,FINAL,club_table_2023-2024_2026-09-22-final.csv,21646,631,972200000.0,€972.20m,2023-07-01,dated,TM GB1 marktwerteverein stichtag=2023-07-01,0.676735
2024/2025,Nottingham Forest,63,7,65,0.885,5074,1,FINAL,club_table_2024-2025_2026-09-22-final.csv,23614,703,390350000.0,€390.35m,2024-07-01,dated,TM GB1 marktwerteverein stichtag=2024-07-01,-0.402758
2024/2025,Liverpool,8,1,84,0.883,4992,2,FINAL,club_table_2024-2025_2026-09-22-final.csv,23614,31,953900000.0,€953.90m,2024-07-01,dated,TM GB1 marktwerteverein stichtag=2024-07-01,0.490757
2024/2025,Crystal Palace,51,12,53,0.8688,5797,3,FINAL,club_table_2024-2025_2026-09-22-final.csv,23614,873,443200000.0,€443.20m,2024-07-01,dated,TM GB1 marktwerteverein stichtag=2024-07-01,-0.275781
2024/2025,Aston Villa,15,6,66,0.8519,6750,4,FINAL,club_table_2024-2025_2026-09-22-final.csv,23614,405,656100000.0,€656.10m,2024-07-01,dated,TM GB1 marktwerteverein stichtag=2024-07-01,0.116512
2024/2025,Fulham,11,11,54,0.8503,6558,5,FINAL,club_table_2024-2025_2026-09-22-final.csv,23614,931,330500000.0,€330.50m,2024-07-01,dated,TM GB1 marktwerteverein stichtag=2024-07-01,-0.569195
2024/2025,West Ham United,1,14,43,0.8469,6889,6,FINAL,club_table_2024-2025_2026-09-22-final.csv,23614,379,447600000.0,€447.60m,2024-07-01,dated,TM GB2 marktwerteverein stichtag=2024-07-01,-0.265902
2024/2025,Wolverhampton Wanderers,29,16,42,0.8318,7669,7,FINAL,club_table_2024-2025_2026-09-22-final.csv,23614,543,404280000.0,€404.28m,2024-07-01,dated,TM GB2 marktwerteverein stichtag=2024-07-01,-0.367694
2024/2025,Brentford,236,10,56,0.8305,7746,8,FINAL,club_table_2024-2025_2026-09-22-final.csv,23614,1148,437880000.0,€437.88m,2024-07-01,dated,TM GB1 marktwerteverein stichtag=2024-07-01,-0.287857
2024/2025,Chelsea,18,4,69,0.8229,8267,9,FINAL,club_table_2024-2025_2026-09-22-final.csv,23614,631,1090000000.0,€1.09bn,2024-07-01,dated,TM GB1 marktwerteverein stichtag=2024-07-01,0.624131
2024/2025,AFC Bournemouth,52,9,56,0.8213,7979,10,FINAL,club_table_2024-2025_2026-09-22-final.csv,23614,989,363450000.0,€363.45m,2024-07-01,dated,TM GB1 marktwerteverein stichtag=2024-07-01,-0.47416
2024/2025,Newcastle United,20,5,66,0.8022,9664,11,FINAL,club_table_2024-2025_2026-09-22-final.csv,23614,762,623550000.0,€623.55m,2024-07-01,dated,TM GB1 marktwerteverein stichtag=2024-07-01,0.065627
2024/2025,Manchester City,9,3,71,0.795,9591,12,FINAL,club_table_2024-2025_2026-09-22-final.csv,23614,281,1410000000.0,€1.41bn,2024-07-01,dated,TM GB1 marktwerteverein stichtag=2024-07-01,0.881543
2024/2025,Everton,13,13,48,0.7925,9749,13,FINAL,club_table_2024-2025_2026-09-22-final.csv,23614,29,348400000.0,€348.40m,2024-07-01,dated,TM GB1 marktwerteverein stichtag=2024-07-01,-0.51645
2024/2025,Leicester City,42,18,25,0.7891,9713,14,FINAL,club_table_2024-2025_2026-09-22-final.csv,23614,1003,214300000.0,€214.30m,2024-07-01,dated,TM GB3 marktwerteverein stichtag=2024-07-01,-1.002425
2024/2025,Arsenal,19,2,74,0.7735,10518,15,FINAL,club_table_2024-2025_2026-09-22-final.csv,23614,11,1150000000.0,€1.15bn,2024-07-01,dated,TM GB1 marktwerteverein stichtag=2024-07-01,0.677716
2024/2025,Manchester United,14,15,42,0.762,11443,16,FINAL,club_table_2024-2025_2026-09-22-final.csv,23614,985,786650000.0,€786.65m,2024-07-01,dated,TM GB1 marktwerteverein stichtag=2024-07-01,0.297982
2024/2025,Ipswich Town,116,19,22,0.7518,12376,17,FINAL,club_table_2024-2025_2026-09-22-final.csv,23614,677,47930000.0,€47.93m,2024-07-01,dated,TM GB1 marktwerteverein stichtag=2024-07-01,-2.50006
2024/2025,Southampton,65,20,12,0.7346,13262,18,FINAL,club_table_2024-2025_2026-09-22-final.csv,23614,180,200200000.0,€200.20m,2024-07-01,dated,TM GB2 marktwerteverein stichtag=2024-07-01,-1.070485
2024/2025,Brighton & Hove Albion,78,8,61,0.727,14086,19,FINAL,club_table_2024-2025_2026-09-22-final.csv,23614,1237,548250000.0,€548.25m,2024-07-01,dated,TM GB1 marktwerteverein stichtag=2024-07-01,-0.06307
2024/2025,Tottenham Hotspur,6,17,38,0.7174,14892,20,FINAL,club_table_2024-2025_2026-09-22-final.csv,23614,148,832300000.0,€832.30m,2024-07-01,dated,TM GB1 marktwerteverein stichtag=2024-07-01,0.354391
2025/2026,Brentford,236,9,53,0.8829,4794,1,FINAL,club_table_2025-2026_2026-09-22-final.csv,25583,1148,438080000.0,€438.08m,2025-07-01,dated,TM GB1 marktwerteverein stichtag=2025-07-01,-0.321447
2025/2026,Leeds United,71,14,47,0.867,5912,2,FINAL,club_table_2025-2026_2026-09-22-final.csv,25583,399,237750000.0,€237.75m,2025-07-01,dated,TM GB1 marktwerteverein stichtag=2025-07-01,-0.932628
2025/2026,Wolverhampton Wanderers,29,20,20,0.8642,5719,3,FINAL,club_table_2025-2026_2026-09-22-final.csv,25583,543,313300000.0,€313.30m,2025-07-01,dated,TM GB2 marktwerteverein stichtag=2025-07-01,-0.656687
2025/2026,West Ham United,1,18,39,0.8579,6176,4,FINAL,club_table_2025-2026_2026-09-22-final.csv,25583,379,371500000.0,€371.50m,2025-07-01,dated,TM GB2 marktwerteverein stichtag=2025-07-01,-0.486299
2025/2026,AFC Bournemouth,52,6,57,0.8519,6318,5,FINAL,club_table_2025-2026_2026-09-22-final.csv,25583,989,421150000.0,€421.15m,2025-07-01,dated,TM GB1 marktwerteverein stichtag=2025-07-01,-0.360859
2025/2026,Crystal Palace,51,15,45,0.8428,7078,6,FINAL,club_table_2025-2026_2026-09-22-final.csv,25583,873,458700000.0,€458.70m,2025-07-01,dated,TM GB1 marktwerteverein stichtag=2025-07-01,-0.275452
2025/2026,Liverpool,8,5,60,0.8419,6884,7,FINAL,club_table_2025-2026_2026-09-22-final.csv,25583,31,1140000000.0,€1.14bn,2025-07-01,dated,TM GB1 marktwerteverein stichtag=2025-07-01,0.634935
2025/2026,Fulham,11,11,52,0.8375,7337,8,FINAL,club_table_2025-2026_2026-09-22-final.csv,25583,931,332100000.0,€332.10m,2025-07-01,dated,TM GB1 marktwerteverein stichtag=2025-07-01,-0.598412
2025/2026,Everton,13,13,49,0.8208,8107,9,FINAL,club_table_2025-2026_2026-09-22-final.csv,25583,29,264200000.0,€264.20m,2025-07-01,dated,TM GB1 marktwerteverein stichtag=2025-07-01,-0.827142
2025/2026,Arsenal,19,1,85,0.8171,8720,10,FINAL,club_table_2025-2026_2026-09-22-final.csv,25583,11,1120000000.0,€1.12bn,2025-07-01,dated,TM GB1 marktwerteverein stichtag=2025-07-01,0.617236
2025/2026,Aston Villa,15,4,65,0.8169,8237,11,FINAL,club_table_2025-2026_2026-09-22-final.csv,25583,405,573800000.0,€573.80m,2025-07-01,dated,TM GB1 marktwerteverein stichtag=2025-07-01,-0.051567
2025/2026,Brighton & Hove Albion,78,8,53,0.8034,9267,12,FINAL,club_table_2025-2026_2026-09-22-final.csv,25583,1237,737000000.0,€737.00m,2025-07-01,dated,TM GB1 marktwerteverein stichtag=2025-07-01,0.19874
2025/2026,Newcastle United,20,12,49,0.7949,9857,13,FINAL,club_table_2025-2026_2026-09-22-final.csv,25583,762,651030000.0,€651.03m,2025-07-01,dated,TM GB1 marktwerteverein stichtag=2025-07-01,0.074708
2025/2026,Manchester United,14,3,71,0.7929,9762,14,FINAL,club_table_2025-2026_2026-09-22-final.csv,25583,985,818000000.0,€818.00m,2025-07-01,dated,TM GB1 marktwerteverein stichtag=2025-07-01,0.303014
2025/2026,Manchester City,9,2,78,0.7908,9934,15,FINAL,club_table_2025-2026_2026-09-22-final.csv,25583,281,1330000000.0,€1.33bn,2025-07-01,dated,TM GB1 marktwerteverein stichtag=2025-07-01,0.789086
2025/2026,Nottingham Forest,63,16,44,0.7828,10386,16,FINAL,club_table_2025-2026_2026-09-22-final.csv,25583,703,470350000.0,€470.35m,2025-07-01,dated,TM GB1 marktwerteverein stichtag=2025-07-01,-0.250371
2025/2026,Chelsea,18,10,52,0.7759,10706,17,FINAL,club_table_2025-2026_2026-09-22-final.csv,25583,631,1220000000.0,€1.22bn,2025-07-01,dated,TM GB1 marktwerteverein stichtag=2025-07-01,0.702758
2025/2026,Sunderland,3,7,54,0.7752,11098,18,FINAL,club_table_2025-2026_2026-09-22-final.csv,25583,289,151750000.0,€151.75m,2025-07-01,dated,TM GB1 marktwerteverein stichtag=2025-07-01,-1.381614
2025/2026,Burnley,27,19,22,0.7594,11752,19,FINAL,club_table_2025-2026_2026-09-22-final.csv,25583,1132,229700000.0,€229.70m,2025-07-01,dated,TM GB2 marktwerteverein stichtag=2025-07-01,-0.967074
2025/2026,Tottenham Hotspur,6,17,41,0.692,16634,20,FINAL,club_table_2025-2026_2026-09-22-final.csv,25583,148,804900000.0,€804.90m,2025-07-01,dated,TM GB1 marktwerteverein stichtag=2025-07-01,0.28687
