team_id,club,tm_name,tm_slug,tm_id,tm_current_league,tm_league_code,country,n_candidates,page_title,title_verified
1,West Ham United,West Ham United,west-ham-united,379,Championship,GB2,England,1,West Ham United - Club profile  | Transfermarkt,1
3,Sunderland,Sunderland AFC,afc-sunderland,289,Premier League,GB1,England,1,Sunderland AFC - Club profile  | Transfermarkt,1
6,Tottenham Hotspur,Tottenham Hotspur,tottenham-hotspur,148,Premier League,GB1,England,1,Tottenham Hotspur - Club profile  | Transfermarkt,1
7,Middlesbrough,Middlesbrough FC,fc-middlesbrough,641,Championship,GB2,England,1,Middlesbrough FC - Club profile  | Transfermarkt,1
8,Liverpool,Liverpool FC,fc-liverpool,31,Premier League,GB1,England,2,Liverpool FC - Club profile  | Transfermarkt,1
9,Manchester City,Manchester City,manchester-city,281,Premier League,GB1,England,1,Manchester City - Club profile  | Transfermarkt,1
10,West Bromwich Albion,West Bromwich Albion,west-bromwich-albion,984,Championship,GB2,England,1,West Bromwich Albion - Club profile  | Transfermarkt,1
11,Fulham,Fulham FC,fc-fulham,931,Premier League,GB1,England,1,Fulham FC - Club profile  | Transfermarkt,1
13,Everton,Everton FC,fc-everton,29,Premier League,GB1,England,1,Everton FC - Club profile  | Transfermarkt,1
14,Manchester United,Manchester United,manchester-united,985,Premier League,GB1,England,1,Manchester United - Club profile  | Transfermarkt,1
15,Aston Villa,Aston Villa,aston-villa,405,Premier League,GB1,England,1,Aston Villa - Club profile  | Transfermarkt,1
18,Chelsea,Chelsea FC,fc-chelsea,631,Premier League,GB1,England,1,Chelsea FC - Club profile  | Transfermarkt,1
19,Arsenal,Arsenal FC,fc-arsenal,11,Premier League,GB1,England,2,Arsenal FC - Club profile  | Transfermarkt,1
20,Newcastle United,Newcastle United,newcastle-united,762,Premier League,GB1,England,1,Newcastle United - Club profile  | Transfermarkt,1
21,Sheffield United,Sheffield United,sheffield-united,350,Championship,GB2,England,1,Sheffield United - Club profile  | Transfermarkt,1
22,Hull City,Hull City,hull-city,3008,Premier League,GB1,England,1,Hull City - Club profile  | Transfermarkt,1
25,Watford,Watford FC,fc-watford,1010,Championship,GB2,England,1,Watford FC - Club profile  | Transfermarkt,1
26,Stoke City,Stoke City,stoke-city,512,Championship,GB2,England,1,Stoke City - Club profile  | Transfermarkt,1
27,Burnley,Burnley FC,fc-burnley,1132,Championship,GB2,England,1,Burnley FC - Club profile  | Transfermarkt,1
29,Wolverhampton Wanderers,Wolverhampton Wanderers,wolverhampton-wanderers,543,Championship,GB2,England,1,Wolverhampton Wanderers - Club profile  | Transfermarkt,1
30,Swansea City,Swansea City,swansea-city,2288,Championship,GB2,Wales,1,Swansea City - Club profile  | Transfermarkt,1
33,Norwich City,Norwich City,norwich-city,1123,Championship,GB2,England,1,Norwich City - Club profile  | Transfermarkt,1
42,Leicester City,Leicester City,leicester-city,1003,League One,GB3,England,1,Leicester City - Club profile  | Transfermarkt,1
47,Queens Park Rangers,Queens Park Rangers,queens-park-rangers,1039,Championship,GB2,England,1,Queens Park Rangers - Club profile  | Transfermarkt,1
51,Crystal Palace,Crystal Palace,crystal-palace,873,Premier League,GB1,England,1,Crystal Palace - Club profile  | Transfermarkt,1
52,AFC Bournemouth,AFC Bournemouth,afc-bournemouth,989,Premier League,GB1,England,1,AFC Bournemouth - Club profile  | Transfermarkt,1
63,Nottingham Forest,Nottingham Forest,nottingham-forest,703,Premier League,GB1,England,1,Nottingham Forest - Club profile  | Transfermarkt,1
65,Southampton,Southampton FC,fc-southampton,180,Championship,GB2,England,1,Southampton FC - Club profile  | Transfermarkt,1
69,Cardiff City,Cardiff City,cardiff-city,603,Championship,GB2,Wales,1,Cardiff City - Club profile  | Transfermarkt,1
71,Leeds United,Leeds United,leeds-united,399,Premier League,GB1,England,1,Leeds United - Club profile  | Transfermarkt,1
78,Brighton & Hove Albion,Brighton &amp; Hove Albion,brighton-amp-hove-albion,1237,Premier League,GB1,England,1,Brighton &amp; Hove Albion - Club profile  | Transfermarkt,1
115,Luton Town,Luton Town,luton-town,1031,League One,GB3,England,1,Luton Town - Club profile  | Transfermarkt,1
116,Ipswich Town,Ipswich Town,ipswich-town,677,Premier League,GB1,England,1,Ipswich Town - Club profile  | Transfermarkt,1
236,Brentford,Brentford FC,fc-brentford,1148,Premier League,GB1,England,1,Brentford FC - Club profile  | Transfermarkt,1
251,Huddersfield Town,Huddersfield Town,huddersfield-town,1110,League One,GB3,England,1,Huddersfield Town - Club profile  | Transfermarkt,1
