season,club,c,m,z_c,z_m
2018/2019,Wolverhampton Wanderers,0.149505,203.2802631578947,2.615386415027674,2.615386415027674
2018/2019,Chelsea,0.07110500000000008,107.78026315789472,1.2575455670475253,1.2575455670475253
2018/2019,Crystal Palace,0.062305000000000055,93.93815789473683,1.1471082166499191,1.1471082166499191
2018/2019,Liverpool,0.033704999999999985,56.22763157894735,0.6843389755618569,0.661921721071636
2018/2019,Everton,0.023604999999999987,38.38552631578946,0.43317982371549846,0.4528956465401611
2018/2019,Fulham,0.013705000000000078,25.490789473684202,0.33690915560056356,0.3180518155711019
2018/2019,Southampton,0.009504999999999986,30.174999999999983,0.24366971419720437,0.33690915560056356
2018/2019,Huddersfield Town,0.0009050000000000447,8.543421052631572,0.06259485492535147,0.0984579918856373
2018/2019,Cardiff City,-0.003094999999999959,-5.6934210526316065,0.008936405125206985,-0.04469630854464917
2018/2019,Manchester City,-0.004894999999999983,-8.825000000000045,-0.04469630854464917,-0.09845799188563745
2018/2019,Brighton & Hove Albion,-0.005994999999999973,-6.903947368421086,-0.0625948549253516,-0.0625948549253516
2018/2019,AFC Bournemouth,-0.01619499999999996,-19.956578947368428,-0.3180518155711019,-0.28066659587445864
2018/2019,Burnley,-0.028594999999999926,-48.77236842105265,-0.4727891209922674,-0.5965585696478446
2018/2019,Newcastle United,-0.029594999999999927,-49.009210526315826,-0.4928714988812389,-0.6180507440770673
2018/2019,Tottenham Hotspur,-0.03279500000000002,-38.85131578947369,-0.5965585696478446,-0.4727891209922674
2018/2019,Watford,-0.038694999999999924,-63.69342105263161,-0.7537815702731446,-0.8524950342746941
2018/2019,Arsenal,-0.040794999999999915,-63.298684210526346,-0.7777436688931627,-0.8270660184788042
2018/2019,Manchester United,-0.041895000000000016,-60.69342105263161,-0.8524950342746941,-0.7777436688931627
2018/2019,Leicester City,-0.05049499999999996,-84.85131578947369,-0.9323442519594123,-1.0491313979639707
2018/2019,West Ham United,-0.071295,-113.27236842105265,-1.3859066791241108,-1.3859066791241108
2019/2020,Wolverhampton Wanderers,0.11802000000000001,162.66973684210527,2.0810082046458387,1.9456782188510968
2019/2020,Sheffield United,0.08062000000000002,114.45921052631579,1.542324935601802,1.542324935601802
2019/2020,Southampton,0.07422000000000006,108.56447368421053,1.2979750746463816,1.3406452736587915
2019/2020,Burnley,0.034619999999999984,63.669736842105266,0.7071055435186664,0.8021608959972528
2019/2020,Leicester City,0.03202000000000005,57.380263157894746,0.661921721071636,0.6843389755618569
2019/2020,Liverpool,0.028020000000000045,47.090789473684225,0.575338499672116,0.5965585696478446
2019/2020,Brighton & Hove Albion,0.018419999999999992,31.696052631578965,0.41363097486379324,0.41363097486379324
2019/2020,Manchester City,0.012920000000000043,22.959210526315786,0.3180518155711019,0.28066659587445847
2019/2020,Norwich City,0.008419999999999983,18.406578947368416,0.20700349356266587,0.20700349356266587
2019/2020,Everton,0.006619999999999959,22.485526315789485,0.13444825205096464,0.24366971419720437
2019/2020,Chelsea,-0.0047800000000000065,5.8802631578947455,-0.026812070681264153,0.08051347817130741
2019/2020,Crystal Palace,-0.009780000000000011,-4.988157894736844,-0.13444825205096464,-0.026812070681264153
2019/2020,West Ham United,-0.011880000000000002,-12.119736842105283,-0.24366971419720423,-0.17061356724049961
2019/2020,Manchester United,-0.015880000000000005,-27.040789473684185,-0.28066659587445864,-0.3749940602185193
2019/2020,Watford,-0.016179999999999972,-24.040789473684185,-0.2993069104656671,-0.2993069104656671
2019/2020,Tottenham Hotspur,-0.02178000000000002,-38.11973684210528,-0.41363097486379324,-0.4528956465401611
2019/2020,Arsenal,-0.061779999999999946,-91.22499999999997,-1.1471082166499191,-1.0806397408674877
2019/2020,Newcastle United,-0.08028000000000002,-126.54078947368419,-1.6039076839036943,-1.5423249356018025
2019/2020,Aston Villa,-0.08928000000000003,-148.22499999999997,-1.8387385243307866,-1.9456782188510973
2019/2020,AFC Bournemouth,-0.10228000000000004,-182.96184210526314,-2.2705719102277704,-2.2705719102277704
2021/2022,Tottenham Hotspur,0.0619249999999999,94.43815789473683,1.1132591438856587,1.1823253043394715
2021/2022,Crystal Palace,0.051925,71.80657894736842,1.0186315995394453,0.9323442519594123
2021/2022,Aston Villa,0.050925,68.4644736842105,0.9890510891912538,0.8784876362318351
2021/2022,Manchester City,0.046624999999999917,74.04342105263157,0.8784876362318351,1.0186315995394453
2021/2022,Brighton & Hove Albion,0.0407249999999999,61.67499999999998,0.7537815702731446,0.7302446708679494
2021/2022,Wolverhampton Wanderers,0.03002499999999997,47.72763157894735,0.6398322864515292,0.6180507440770671
2021/2022,West Ham United,0.029124999999999956,44.30657894736842,0.6180507440770671,0.5543744061208619
2021/2022,Arsenal,0.0155249999999999,30.596052631578942,0.3942389458505896,0.37499406021851917
2021/2022,Burnley,0.014324999999999921,31.253947368421052,0.35588707755934273,0.3942389458505896
2021/2022,Southampton,0.009524999999999895,23.043421052631572,0.26212330308499165,0.2993069104656671
2021/2022,Liverpool,0.0028249999999999664,2.069736842105243,0.0984579918856373,0.06259485492535147
2021/2022,Brentford,-0.001375000000000015,1.0434210526315724,0.026812070681264292,0.008936405125206985
2021/2022,Chelsea,-0.009975000000000067,-8.903947368421058,-0.15250597424624437,-0.11643426830942771
2021/2022,Norwich City,-0.024375000000000036,-36.66710526315791,-0.4331798237154983,-0.4331798237154983
2021/2022,Manchester United,-0.03807500000000008,-52.66710526315791,-0.7302446708679494,-0.7302446708679494
2021/2022,Leeds United,-0.040975000000000095,-51.32499999999999,-0.8021608959972526,-0.6843389755618567
2021/2022,Watford,-0.04827500000000007,-72.79868421052635,-0.9050877622619592,-0.9323442519594123
2021/2022,Newcastle United,-0.055175000000000085,-101.93026315789473,-1.0806397408674877,-1.1823253043394708
2021/2022,Leicester City,-0.06627500000000008,-125.29868421052635,-1.1823253043394708,-1.4860915693304566
2021/2022,Everton,-0.06897500000000001,-100.87763157894739,-1.2575455670475253,-1.1471082166499191
2022/2023,Manchester City,0.07474500000000006,107.93684210526318,1.3406452736587915,1.2979750746463816
2022/2023,Aston Villa,0.06934499999999999,96.09473684210528,1.219073230193393,1.219073230193393
2022/2023,West Ham United,0.058145,81.67368421052635,1.0806397408674877,1.0806397408674877
2022/2023,Crystal Palace,0.04734500000000008,72.8842105263158,0.9323442519594123,0.9890510891912538
2022/2023,Arsenal,0.04514499999999999,60.93684210526317,0.8270660184788042,0.7071055435186664
2022/2023,Wolverhampton Wanderers,0.026245000000000074,39.27894736842106,0.5336511857842019,0.4928714988812389
2022/2023,Fulham,0.026144999999999974,42.33157894736843,0.5131546622659512,0.5336511857842019
2022/2023,Brighton & Hove Albion,0.023745000000000016,46.85789473684213,0.4528956465401611,0.575338499672116
2022/2023,Tottenham Hotspur,0.011745000000000005,16.857894736842127,0.2993069104656671,0.1887772798865047
2022/2023,Newcastle United,0.007844999999999991,14.278947368421058,0.17061356724049961,0.15250597424624424
2022/2023,Brentford,0.0019449999999999745,1.3578947368421268,0.08051347817130741,0.04469630854464917
2022/2023,Everton,-0.010854999999999948,-14.615789473684202,-0.17061356724049961,-0.20700349356266573
2022/2023,AFC Bournemouth,-0.01725500000000002,-25.142105263157873,-0.33690915560056334,-0.33690915560056334
2022/2023,Southampton,-0.03265499999999999,-39.405263157894694,-0.5753384996721159,-0.4928714988812389
2022/2023,Leicester City,-0.033154999999999935,-40.35263157894735,-0.6180507440770673,-0.5131546622659513
2022/2023,Leeds United,-0.034154999999999935,-51.299999999999955,-0.6398322864515291,-0.661921721071636
2022/2023,Manchester United,-0.04115499999999994,-64.16842105263157,-0.8270660184788042,-0.8784876362318351
2022/2023,Liverpool,-0.05155500000000002,-73.4052631578947,-0.9603116356056133,-0.9603116356056133
2022/2023,Nottingham Forest,-0.073855,-113.45789473684209,-1.4860915693304566,-1.4342001596863792
2022/2023,Chelsea,-0.09775499999999993,-158.64210526315787,-2.0810082046458382,-2.0810082046458382
2023/2024,Manchester City,0.12575499999999995,184.99868421052628,2.2705719102277695,2.2705719102277695
2023/2024,Arsenal,0.113255,166.4723684210526,1.9456782188510968,2.0810082046458387
2023/2024,West Ham United,0.09995500000000002,154.07763157894735,1.8387385243307866,1.8387385243307866
2023/2024,Everton,0.09435499999999997,144.3407894736842,1.7494462987661619,1.7494462987661619
2023/2024,Fulham,0.08355499999999993,121.28815789473683,1.6722544715200651,1.603907683903695
2023/2024,Wolverhampton Wanderers,0.08165499999999992,136.91973684210524,1.603907683903695,1.6722544715200651
2023/2024,AFC Bournemouth,0.011554999999999982,22.682894736842115,0.28066659587445847,0.26212330308499165
2023/2024,Crystal Palace,0.008654999999999968,21.7881578947368,0.22529873902249536,0.22529873902249536
2023/2024,Nottingham Forest,-0.01124500000000006,-16.001315789473722,-0.20700349356266573,-0.22529873902249536
2023/2024,Tottenham Hotspur,-0.011545000000000027,-18.764473684210543,-0.22529873902249536,-0.26212330308499165
2023/2024,Burnley,-0.028144999999999976,-46.47500000000002,-0.4528956465401611,-0.5336511857842018
2023/2024,Liverpool,-0.030745000000000022,-46.632894736842104,-0.5336511857842018,-0.5543744061208619
2023/2024,Aston Villa,-0.035945000000000005,-52.08026315789476,-0.661921721071636,-0.7071055435186664
2023/2024,Brighton & Hove Albion,-0.052545000000000064,-67.42236842105262,-0.9890510891912538,-0.9050877622619592
2023/2024,Newcastle United,-0.061145000000000005,-96.73815789473684,-1.1132591438856587,-1.1132591438856587
2023/2024,Sheffield United,-0.06734499999999999,-112.97500000000002,-1.219073230193393,-1.3406452736587908
2023/2024,Manchester United,-0.07034499999999999,-103.6855263157895,-1.2979750746463816,-1.219073230193393
2023/2024,Luton Town,-0.07344499999999998,-111.44868421052632,-1.4342001596863792,-1.2979750746463816
2023/2024,Brentford,-0.08294500000000005,-135.44868421052632,-1.6722544715200651,-1.6722544715200651
2023/2024,Chelsea,-0.09334500000000001,-144.89605263157898,-1.9456782188510973,-1.8387385243307866
2024/2025,Nottingham Forest,0.07996000000000003,108.90131578947367,1.486091569330457,1.3859066791241108
2024/2025,Liverpool,0.07876000000000005,112.69078947368419,1.4342001596863792,1.486091569330457
2024/2025,Crystal Palace,0.06346000000000007,90.00657894736841,1.1823253043394715,1.1132591438856587
2024/2025,Aston Villa,0.04696,65.48026315789471,0.9050877622619592,0.8270660184788042
2024/2025,Fulham,0.045560000000000045,70.71710526315789,0.8524950342746939,0.9050877622619592
2024/2025,West Ham United,0.042260000000000075,63.00657894736841,0.7777436688931627,0.7777436688931627
2024/2025,Brentford,0.02426000000000006,39.08552631578945,0.4928714988812389,0.4727891209922672
2024/2025,AFC Bournemouth,0.014460000000000028,30.3486842105263,0.37499406021851917,0.35588707755934273
2024/2025,Wolverhampton Wanderers,0.008260000000000045,13.8486842105263,0.1887772798865047,0.13444825205096464
2024/2025,Newcastle United,-0.0032400000000000206,-11.59868421052633,-0.008936405125206985,-0.15250597424624437
2024/2025,Chelsea,-0.008440000000000003,-14.125,-0.08051347817130741,-0.18877727988650483
2024/2025,Manchester City,-0.009639999999999982,-8.59868421052633,-0.09845799188563745,-0.08051347817130741
2024/2025,Leicester City,-0.009739999999999971,-1.8618421052631788,-0.11643426830942771,-0.008936405125206985
2024/2025,Everton,-0.01093999999999995,-10.703947368421069,-0.18877727988650483,-0.13444825205096464
2024/2025,Arsenal,-0.030239999999999934,-31.20394736842104,-0.5131546622659513,-0.41363097486379324
2024/2025,Manchester United,-0.04354000000000002,-59.1776315789474,-0.8784876362318351,-0.7537815702731446
2024/2025,Ipswich Town,-0.05354000000000003,-81.75657894736844,-1.0186315995394453,-1.0186315995394453
2024/2025,Southampton,-0.07123999999999997,-105.94078947368422,-1.3406452736587908,-1.2575455670475253
2024/2025,Brighton & Hove Albion,-0.07813999999999999,-127.04605263157896,-1.5423249356018025,-1.6039076839036943
2024/2025,Tottenham Hotspur,-0.08523999999999998,-142.07236842105266,-1.7494462987661623,-1.7494462987661623
2025/2026,Brentford,0.07569000000000004,111.24473684210525,1.3859066791241108,1.4342001596863792
2025/2026,Leeds United,0.05249000000000004,72.69210526315788,1.0491313979639707,0.9603116356056133
2025/2026,Wolverhampton Wanderers,0.050390000000000046,78.4815789473684,0.9603116356056133,1.0491313979639707
2025/2026,West Ham United,0.043890000000000096,66.5078947368421,0.8021608959972528,0.8524950342746939
2025/2026,AFC Bournemouth,0.03809000000000007,62.902631578947364,0.7302446708679494,0.7537815702731446
2025/2026,Crystal Palace,0.028290000000000037,41.849999999999994,0.5965585696478446,0.5131546622659512
2025/2026,Liverpool,0.02799000000000007,48.271052631578954,0.5543744061208619,0.6398322864515292
2025/2026,Fulham,0.023990000000000067,36.034210526315775,0.4727891209922672,0.43317982371549846
2025/2026,Everton,0.00719000000000003,15.165789473684214,0.15250597424624424,0.17061356724049961
2025/2026,Arsenal,0.00389000000000006,1.3236842105263236,0.11643426830942785,0.026812070681264292
2025/2026,Aston Villa,0.0008900000000000574,10.113157894736844,0.04469630854464917,0.11643426830942785
2025/2026,Brighton & Hove Albion,-0.012209999999999943,-17.360526315789485,-0.26212330308499165,-0.24366971419720423
2025/2026,Newcastle United,-0.017409999999999926,-26.728947368421046,-0.35588707755934273,-0.35588707755934273
2025/2026,Manchester City,-0.01900999999999997,-24.860526315789485,-0.3749940602185193,-0.3180518155711019
2025/2026,Manchester United,-0.021509999999999918,-28.360526315789457,-0.3942389458505896,-0.3942389458505896
2025/2026,Nottingham Forest,-0.031709999999999905,-46.702631578947376,-0.5543744061208619,-0.5753384996721159
2025/2026,Chelsea,-0.037109999999999976,-50.123684210526335,-0.6843389755618567,-0.6398322864515291
2025/2026,Sunderland,-0.0378099999999999,-62.413157894736855,-0.7071055435186664,-0.8021608959972526
2025/2026,Burnley,-0.053709999999999924,-78.41315789473686,-1.0491313979639707,-0.9890510891912538
2025/2026,Tottenham Hotspur,-0.12230999999999992,-209.62368421052633,-2.615386415027678,-2.615386415027678
