season,club,team_id,finish,points,NETavailability,NETabsence,NETavailability_rank,label,club_table_file,standings_season_id,games
2018/2019,Wolverhampton Wanderers,29,7,57,0.9358,2593,1,PAPER,2018-2019/club_table_2018-2019_on.csv,12962,38
2018/2019,Chelsea,18,3,72,0.8574,6222,2,PAPER,2018-2019/club_table_2018-2019_on.csv,12962,38
2018/2019,Crystal Palace,51,12,49,0.8486,6748,3,PAPER,2018-2019/club_table_2018-2019_on.csv,12962,38
2018/2019,Liverpool,8,2,97,0.82,8181,4,PAPER,2018-2019/club_table_2018-2019_on.csv,12962,38
2018/2019,Everton,13,8,54,0.8099,8859,5,PAPER,2018-2019/club_table_2018-2019_on.csv,12962,38
2018/2019,Fulham,11,19,26,0.8,9349,6,PAPER,2018-2019/club_table_2018-2019_on.csv,12962,38
2018/2019,Southampton,65,16,39,0.7958,9171,7,PAPER,2018-2019/club_table_2018-2019_on.csv,12962,38
2018/2019,Huddersfield Town,251,20,16,0.7872,9993,8,PAPER,2018-2019/club_table_2018-2019_on.csv,12962,38
2018/2019,Cardiff City,69,18,34,0.7832,10534,9,PAPER,2018-2019/club_table_2018-2019_on.csv,12962,38
2018/2019,Manchester City,9,1,98,0.7814,10653,10,PAPER,2018-2019/club_table_2018-2019_on.csv,12962,38
2018/2019,Brighton & Hove Albion,78,17,36,0.7803,10580,11,PAPER,2018-2019/club_table_2018-2019_on.csv,12962,38
2018/2019,AFC Bournemouth,52,14,45,0.7701,11076,12,PAPER,2018-2019/club_table_2018-2019_on.csv,12962,38
2018/2019,Burnley,27,15,40,0.7577,12171,13,PAPER,2018-2019/club_table_2018-2019_on.csv,12962,38
2018/2019,Newcastle United,20,13,45,0.7567,12180,14,PAPER,2018-2019/club_table_2018-2019_on.csv,12962,38
2018/2019,Tottenham Hotspur,6,4,71,0.7535,11794,15,PAPER,2018-2019/club_table_2018-2019_on.csv,12962,38
2018/2019,Watford,25,11,50,0.7476,12738,16,PAPER,2018-2019/club_table_2018-2019_on.csv,12962,38
2018/2019,Arsenal,19,5,70,0.7455,12723,17,PAPER,2018-2019/club_table_2018-2019_on.csv,12962,38
2018/2019,Manchester United,14,6,66,0.7444,12624,18,PAPER,2018-2019/club_table_2018-2019_on.csv,12962,38
2018/2019,Leicester City,42,9,52,0.7358,13542,19,PAPER,2018-2019/club_table_2018-2019_on.csv,12962,38
2018/2019,West Ham United,1,10,52,0.715,14622,20,PAPER,2018-2019/club_table_2018-2019_on.csv,12962,38
2019/2020,Wolverhampton Wanderers,29,7,59,0.9163,3502,1,PAPER,2019-2020/club_table_2019-2020_on.csv,16036,38
2019/2020,Sheffield United,21,9,54,0.8789,5334,2,PAPER,2019-2020/club_table_2019-2020_on.csv,16036,38
2019/2020,Southampton,65,11,52,0.8725,5558,3,PAPER,2019-2020/club_table_2019-2020_on.csv,16036,38
2019/2020,Burnley,27,10,54,0.8329,7264,4,PAPER,2019-2020/club_table_2019-2020_on.csv,16036,38
2019/2020,Leicester City,42,5,62,0.8303,7503,5,PAPER,2019-2020/club_table_2019-2020_on.csv,16036,38
2019/2020,Liverpool,8,1,99,0.8263,7894,6,PAPER,2019-2020/club_table_2019-2020_on.csv,16036,38
2019/2020,Brighton & Hove Albion,78,15,41,0.8167,8479,7,PAPER,2019-2020/club_table_2019-2020_on.csv,16036,38
2019/2020,Manchester City,9,2,81,0.8112,8811,8,PAPER,2019-2020/club_table_2019-2020_on.csv,16036,38
2019/2020,Norwich City,33,20,21,0.8067,8984,9,PAPER,2019-2020/club_table_2019-2020_on.csv,16036,38
2019/2020,Everton,13,12,49,0.8049,8829,10,PAPER,2019-2020/club_table_2019-2020_on.csv,16036,38
2019/2020,Chelsea,18,4,66,0.7935,9460,11,PAPER,2019-2020/club_table_2019-2020_on.csv,16036,38
2019/2020,Crystal Palace,51,14,43,0.7885,9873,12,PAPER,2019-2020/club_table_2019-2020_on.csv,16036,38
2019/2020,West Ham United,1,16,39,0.7864,10144,13,PAPER,2019-2020/club_table_2019-2020_on.csv,16036,38
2019/2020,Manchester United,14,3,66,0.7824,10711,14,PAPER,2019-2020/club_table_2019-2020_on.csv,16036,38
2019/2020,Watford,25,19,34,0.7821,10597,15,PAPER,2019-2020/club_table_2019-2020_on.csv,16036,38
2019/2020,Tottenham Hotspur,6,6,59,0.7765,11132,16,PAPER,2019-2020/club_table_2019-2020_on.csv,16036,38
2019/2020,Arsenal,19,8,56,0.7365,13150,17,PAPER,2019-2020/club_table_2019-2020_on.csv,16036,38
2019/2020,Newcastle United,20,13,44,0.718,14492,18,PAPER,2019-2020/club_table_2019-2020_on.csv,16036,38
2019/2020,Aston Villa,15,17,35,0.709,15316,19,PAPER,2019-2020/club_table_2019-2020_on.csv,16036,38
2019/2020,AFC Bournemouth,52,18,34,0.696,16636,20,PAPER,2019-2020/club_table_2019-2020_on.csv,16036,38
2021/2022,Tottenham Hotspur,6,4,71,0.8654,5715,1,PAPER,2021-2022/club_table_2021-2022_on.csv,18378,38
2021/2022,Crystal Palace,51,12,48,0.8554,6575,2,PAPER,2021-2022/club_table_2021-2022_on.csv,18378,38
2021/2022,Aston Villa,15,14,45,0.8544,6702,3,PAPER,2021-2022/club_table_2021-2022_on.csv,18378,38
2021/2022,Manchester City,9,1,93,0.8501,6490,4,PAPER,2021-2022/club_table_2021-2022_on.csv,18378,38
2021/2022,Brighton & Hove Albion,78,9,51,0.8442,6960,5,PAPER,2021-2022/club_table_2021-2022_on.csv,18378,38
2021/2022,Wolverhampton Wanderers,29,10,51,0.8335,7490,6,PAPER,2021-2022/club_table_2021-2022_on.csv,18378,38
2021/2022,West Ham United,1,7,56,0.8326,7620,7,PAPER,2021-2022/club_table_2021-2022_on.csv,18378,38
2021/2022,Arsenal,19,5,69,0.819,8141,8,PAPER,2021-2022/club_table_2021-2022_on.csv,18378,38
2021/2022,Burnley,27,18,35,0.8178,8116,9,PAPER,2021-2022/club_table_2021-2022_on.csv,18378,38
2021/2022,Southampton,65,15,40,0.813,8428,10,PAPER,2021-2022/club_table_2021-2022_on.csv,18378,38
2021/2022,Liverpool,8,2,92,0.8063,9225,11,PAPER,2021-2022/club_table_2021-2022_on.csv,18378,38
2021/2022,Brentford,236,13,46,0.8021,9264,12,PAPER,2021-2022/club_table_2021-2022_on.csv,18378,38
2021/2022,Chelsea,18,3,74,0.7935,9642,13,PAPER,2021-2022/club_table_2021-2022_on.csv,18378,38
2021/2022,Norwich City,33,20,22,0.7791,10697,14,PAPER,2021-2022/club_table_2021-2022_on.csv,18378,38
2021/2022,Manchester United,14,6,58,0.7654,11305,15,PAPER,2021-2022/club_table_2021-2022_on.csv,18378,38
2021/2022,Leeds United,71,17,38,0.7625,11254,16,PAPER,2021-2022/club_table_2021-2022_on.csv,18378,38
2021/2022,Watford,25,19,23,0.7552,12070,17,PAPER,2021-2022/club_table_2021-2022_on.csv,18378,38
2021/2022,Newcastle United,20,11,49,0.7483,13177,18,PAPER,2021-2022/club_table_2021-2022_on.csv,18378,38
2021/2022,Leicester City,42,8,52,0.7372,14065,19,PAPER,2021-2022/club_table_2021-2022_on.csv,18378,38
2021/2022,Everton,13,16,39,0.7345,13137,20,PAPER,2021-2022/club_table_2021-2022_on.csv,18378,38
2022/2023,Manchester City,9,1,89,0.8888,4648,1,FINAL,2022-2023/club_table_2022-2023_on.csv,19734,38
2022/2023,Aston Villa,15,7,61,0.8834,5098,2,FINAL,2022-2023/club_table_2022-2023_on.csv,19734,38
2022/2023,West Ham United,1,14,40,0.8722,5646,3,FINAL,2022-2023/club_table_2022-2023_on.csv,19734,38
2022/2023,Crystal Palace,51,11,45,0.8614,5980,4,FINAL,2022-2023/club_table_2022-2023_on.csv,19734,38
2022/2023,Arsenal,19,2,84,0.8592,6434,5,FINAL,2022-2023/club_table_2022-2023_on.csv,19734,38
2022/2023,Wolverhampton Wanderers,29,13,41,0.8403,7257,6,FINAL,2022-2023/club_table_2022-2023_on.csv,19734,38
2022/2023,Fulham,11,10,52,0.8402,7141,7,FINAL,2022-2023/club_table_2022-2023_on.csv,19734,38
2022/2023,Brighton & Hove Albion,78,6,62,0.8378,6969,8,FINAL,2022-2023/club_table_2022-2023_on.csv,19734,38
2022/2023,Tottenham Hotspur,6,8,60,0.8258,8109,9,FINAL,2022-2023/club_table_2022-2023_on.csv,19734,38
2022/2023,Newcastle United,20,4,71,0.8219,8207,10,FINAL,2022-2023/club_table_2022-2023_on.csv,19734,38
2022/2023,Brentford,236,9,59,0.816,8698,11,FINAL,2022-2023/club_table_2022-2023_on.csv,19734,38
2022/2023,Everton,13,17,36,0.8032,9305,12,FINAL,2022-2023/club_table_2022-2023_on.csv,19734,38
2022/2023,AFC Bournemouth,52,15,39,0.7968,9705,13,FINAL,2022-2023/club_table_2022-2023_on.csv,19734,38
2022/2023,Southampton,65,20,25,0.7814,10247,14,FINAL,2022-2023/club_table_2022-2023_on.csv,19734,38
2022/2023,Leicester City,42,18,34,0.7809,10283,15,FINAL,2022-2023/club_table_2022-2023_on.csv,19734,38
2022/2023,Leeds United,71,19,31,0.7799,10699,16,FINAL,2022-2023/club_table_2022-2023_on.csv,19734,38
2022/2023,Manchester United,14,3,75,0.7729,11188,17,FINAL,2022-2023/club_table_2022-2023_on.csv,19734,38
2022/2023,Liverpool,8,5,67,0.7625,11539,18,FINAL,2022-2023/club_table_2022-2023_on.csv,19734,38
2022/2023,Nottingham Forest,63,16,38,0.7402,13061,19,FINAL,2022-2023/club_table_2022-2023_on.csv,19734,38
2022/2023,Chelsea,18,12,44,0.7163,14778,20,FINAL,2022-2023/club_table_2022-2023_on.csv,19734,38
2023/2024,Manchester City,9,1,91,0.8903,4664,1,FINAL,2023-2024/club_table_2023-2024_on.csv,21646,38
2023/2024,Arsenal,19,2,89,0.8778,5368,2,FINAL,2023-2024/club_table_2023-2024_on.csv,21646,38
2023/2024,West Ham United,1,9,52,0.8645,5839,3,FINAL,2023-2024/club_table_2023-2024_on.csv,21646,38
2023/2024,Everton,13,15,40,0.8589,6209,4,FINAL,2023-2024/club_table_2023-2024_on.csv,21646,38
2023/2024,Fulham,11,13,47,0.8481,7085,5,FINAL,2023-2024/club_table_2023-2024_on.csv,21646,38
2023/2024,Wolverhampton Wanderers,29,14,46,0.8462,6491,6,FINAL,2023-2024/club_table_2023-2024_on.csv,21646,38
2023/2024,AFC Bournemouth,52,12,48,0.7761,10832,7,FINAL,2023-2024/club_table_2023-2024_on.csv,21646,38
2023/2024,Crystal Palace,51,10,49,0.7732,10866,8,FINAL,2023-2024/club_table_2023-2024_on.csv,21646,38
2023/2024,Nottingham Forest,63,17,32,0.7533,12302,9,FINAL,2023-2024/club_table_2023-2024_on.csv,21646,38
2023/2024,Tottenham Hotspur,6,5,66,0.753,12407,10,FINAL,2023-2024/club_table_2023-2024_on.csv,21646,38
2023/2024,Burnley,27,19,24,0.7364,13460,11,FINAL,2023-2024/club_table_2023-2024_on.csv,21646,38
2023/2024,Liverpool,8,3,82,0.7338,13466,12,FINAL,2023-2024/club_table_2023-2024_on.csv,21646,38
2023/2024,Aston Villa,15,4,68,0.7286,13673,13,FINAL,2023-2024/club_table_2023-2024_on.csv,21646,38
2023/2024,Brighton & Hove Albion,78,11,48,0.712,14256,14,FINAL,2023-2024/club_table_2023-2024_on.csv,21646,38
2023/2024,Newcastle United,20,7,60,0.7034,15370,15,FINAL,2023-2024/club_table_2023-2024_on.csv,21646,38
2023/2024,Sheffield United,21,20,16,0.6972,15987,16,FINAL,2023-2024/club_table_2023-2024_on.csv,21646,38
2023/2024,Manchester United,14,8,60,0.6942,15634,17,FINAL,2023-2024/club_table_2023-2024_on.csv,21646,38
2023/2024,Luton Town,115,18,26,0.6911,15929,18,FINAL,2023-2024/club_table_2023-2024_on.csv,21646,38
2023/2024,Brentford,236,16,39,0.6816,16841,19,FINAL,2023-2024/club_table_2023-2024_on.csv,21646,38
2023/2024,Chelsea,18,6,63,0.6712,17200,20,FINAL,2023-2024/club_table_2023-2024_on.csv,21646,38
2024/2025,Nottingham Forest,63,7,65,0.885,5094,1,FINAL,2024-2025/club_table_2024-2025_on.csv,23614,38
2024/2025,Liverpool,8,1,84,0.8838,4950,2,FINAL,2024-2025/club_table_2024-2025_on.csv,23614,38
2024/2025,Crystal Palace,51,12,53,0.8685,5812,3,FINAL,2024-2025/club_table_2024-2025_on.csv,23614,38
2024/2025,Aston Villa,15,6,66,0.852,6744,4,FINAL,2024-2025/club_table_2024-2025_on.csv,23614,38
2024/2025,Fulham,11,11,54,0.8506,6545,5,FINAL,2024-2025/club_table_2024-2025_on.csv,23614,38
2024/2025,West Ham United,1,14,43,0.8473,6838,6,FINAL,2024-2025/club_table_2024-2025_on.csv,23614,38
2024/2025,Brentford,236,10,56,0.8293,7747,7,FINAL,2024-2025/club_table_2024-2025_on.csv,23614,38
2024/2025,AFC Bournemouth,52,9,56,0.8195,8079,8,FINAL,2024-2025/club_table_2024-2025_on.csv,23614,38
2024/2025,Wolverhampton Wanderers,29,16,42,0.8133,8706,9,FINAL,2024-2025/club_table_2024-2025_on.csv,23614,38
2024/2025,Newcastle United,20,5,66,0.8018,9673,10,FINAL,2024-2025/club_table_2024-2025_on.csv,23614,38
2024/2025,Chelsea,18,4,69,0.7966,9769,11,FINAL,2024-2025/club_table_2024-2025_on.csv,23614,38
2024/2025,Manchester City,9,3,71,0.7954,9559,12,FINAL,2024-2025/club_table_2024-2025_on.csv,23614,38
2024/2025,Leicester City,42,18,25,0.7953,9303,13,FINAL,2024-2025/club_table_2024-2025_on.csv,23614,38
2024/2025,Everton,13,13,48,0.7941,9639,14,FINAL,2024-2025/club_table_2024-2025_on.csv,23614,38
2024/2025,Arsenal,19,2,74,0.7748,10418,15,FINAL,2024-2025/club_table_2024-2025_on.csv,23614,38
2024/2025,Manchester United,14,15,42,0.7615,11481,16,FINAL,2024-2025/club_table_2024-2025_on.csv,23614,38
2024/2025,Ipswich Town,116,19,22,0.7515,12339,17,FINAL,2024-2025/club_table_2024-2025_on.csv,23614,38
2024/2025,Southampton,65,20,12,0.7338,13258,18,FINAL,2024-2025/club_table_2024-2025_on.csv,23614,38
2024/2025,Brighton & Hove Albion,78,8,61,0.7269,14060,19,FINAL,2024-2025/club_table_2024-2025_on.csv,23614,38
2024/2025,Tottenham Hotspur,6,17,38,0.7198,14631,20,FINAL,2024-2025/club_table_2024-2025_on.csv,23614,38
2025/2026,Brentford,236,9,53,0.8895,4471,1,FINAL,2025-2026/club_table_2025-2026_on.csv,25583,38
2025/2026,Leeds United,71,14,47,0.8663,5936,2,FINAL,2025-2026/club_table_2025-2026_on.csv,25583,38
2025/2026,Wolverhampton Wanderers,29,20,20,0.8642,5716,3,FINAL,2025-2026/club_table_2025-2026_on.csv,25583,38
2025/2026,West Ham United,1,18,39,0.8577,6171,4,FINAL,2025-2026/club_table_2025-2026_on.csv,25583,38
2025/2026,AFC Bournemouth,52,6,57,0.8519,6308,5,FINAL,2025-2026/club_table_2025-2026_on.csv,25583,38
2025/2026,Crystal Palace,51,15,45,0.8421,7108,6,FINAL,2025-2026/club_table_2025-2026_on.csv,25583,38
2025/2026,Liverpool,8,5,60,0.8418,6864,7,FINAL,2025-2026/club_table_2025-2026_on.csv,25583,38
2025/2026,Fulham,11,11,52,0.8378,7329,8,FINAL,2025-2026/club_table_2025-2026_on.csv,25583,38
2025/2026,Everton,13,13,49,0.821,8122,9,FINAL,2025-2026/club_table_2025-2026_on.csv,25583,38
2025/2026,Arsenal,19,1,85,0.8177,8648,10,FINAL,2025-2026/club_table_2025-2026_on.csv,25583,38
2025/2026,Aston Villa,15,4,65,0.8147,8314,11,FINAL,2025-2026/club_table_2025-2026_on.csv,25583,38
2025/2026,Brighton & Hove Albion,78,8,53,0.8016,9358,12,FINAL,2025-2026/club_table_2025-2026_on.csv,25583,38
2025/2026,Newcastle United,20,12,49,0.7964,9714,13,FINAL,2025-2026/club_table_2025-2026_on.csv,25583,38
2025/2026,Manchester City,9,2,78,0.7948,9643,14,FINAL,2025-2026/club_table_2025-2026_on.csv,25583,38
2025/2026,Manchester United,14,3,71,0.7923,9776,15,FINAL,2025-2026/club_table_2025-2026_on.csv,25583,38
2025/2026,Nottingham Forest,63,16,44,0.7821,10473,16,FINAL,2025-2026/club_table_2025-2026_on.csv,25583,38
2025/2026,Chelsea,18,10,52,0.7767,10603,17,FINAL,2025-2026/club_table_2025-2026_on.csv,25583,38
2025/2026,Sunderland,3,7,54,0.776,11070,18,FINAL,2025-2026/club_table_2025-2026_on.csv,25583,38
2025/2026,Burnley,27,19,22,0.7601,11678,19,FINAL,2025-2026/club_table_2025-2026_on.csv,25583,38
2025/2026,Tottenham Hotspur,6,17,41,0.6915,16664,20,FINAL,2025-2026/club_table_2025-2026_on.csv,25583,38
