check,value,target,tol,result,sha256
rows,160.0,160.0,0.0,PASS,
SD of c (ddof 1),0.05048488966914415,0.05048488966914418,1e-09,PASS,
Tottenham Hotspur c 2024/25,-0.0852399999999999,-0.08523999999999998,1e-09,PASS,
Tottenham Hotspur c 2025/26,-0.1223099999999999,-0.12230999999999992,1e-09,PASS,
Chelsea c 2022/23,-0.0977549999999999,-0.09775499999999993,1e-09,PASS,
Chelsea c 2023/24,-0.093345,-0.09334500000000001,1e-09,PASS,
consecutive club-season pairs,119.0,119.0,0.0,PASS,
Tottenham milder-season share (asymmetry step's op4_named_runs.csv),0.49,0.49,0.0,PASS,
"club_season_values rows matched to panel (season, team_id)",160.0,160.0,0.0,PASS,
max |log_value_rel values file − panel|,0.0,0.0,1e-09,PASS,
club_seasons rows matched; points and finish equal panel,160.0,160.0,0.0,PASS,
sha256 persistence/op1_panel.csv,,,,RECORDED,402e27fd77b2efb0157323762399e9b915c70f7caf41684ddb27ccf8c9b8bf45
sha256 carryover_null.py,,,,RECORDED,7c15f3e80a76642d1aa0db7a20d3056c15fb65d44e5d43201ec898e073d4cd61
sha256 asymmetry/op4_named_runs.csv,,,,RECORDED,6d6d5a9020e7d921dbce72c5419a61af26312bdd1acde83c418308638d2d401b
sha256 club_seasons.csv,,,,RECORDED,d879dbc6a0e1026bcfaa0ad78b5e33eef08b58fb0085899e289a148a3cb54ead
sha256 club_season_values.csv,,,,RECORDED,902616b4a4ca2921cc6703472d599ee112fe65cbd8e98adfd869e06967e52418
