run,rule,side,threshold,threshold_sd,observed_pairs,share_panels_any,mean_pairs_per_panel,share_panels_ge_observed
Tottenham Hotspur 2024/25–2025/26,sum of the two seasons,deficit,-0.2075499999999998,-4.111131100022038,1,0.4046,0.5994,0.4046
Tottenham Hotspur 2024/25–2025/26,sum of the two seasons,surplus mirror,0.2075499999999998,4.111131100022038,1,0.4086,0.614,0.4086
Tottenham Hotspur 2024/25–2025/26,most negative single season of the pair,deficit,-0.1223099999999999,-2.4227051064499907,1,0.6022,1.4918,0.6022
Tottenham Hotspur 2024/25–2025/26,most negative single season of the pair,surplus mirror,0.1223099999999999,2.4227051064499907,3,0.604,1.5358,0.2234
Tottenham Hotspur 2024/25–2025/26,milder season (asymmetry-step rule),deficit,-0.0852399999999999,-1.6884259935720474,2,0.49,0.719,0.169
Tottenham Hotspur 2024/25–2025/26,milder season (asymmetry-step rule),surplus mirror,0.0852399999999999,1.6884259935720474,1,0.4946,0.7476,0.4946
Chelsea 2022/23–2023/24,sum of the two seasons,deficit,-0.19109999999999988,-3.785291029699888,2,0.6068,1.0646,0.2936
Chelsea 2022/23–2023/24,sum of the two seasons,surplus mirror,0.19109999999999988,3.785291029699888,2,0.6068,1.0888,0.2936
Chelsea 2022/23–2023/24,most negative single season of the pair,deficit,-0.0977549999999999,-1.9363219498080186,4,0.971,5.3254,0.7224
Chelsea 2022/23–2023/24,most negative single season of the pair,surplus mirror,0.0977549999999999,1.9363219498080186,8,0.9714,5.3354,0.2152
Chelsea 2022/23–2023/24,milder season (asymmetry-step rule),deficit,-0.093345,-1.8489690798918694,1,0.3178,0.4112,0.3178
Chelsea 2022/23–2023/24,milder season (asymmetry-step rule),surplus mirror,0.093345,1.8489690798918694,1,0.325,0.4232,0.325
