set,club,season,c,c_in_sd,value_rank,value_quintile,finish,label
deficit ≤ −1 SD,Tottenham Hotspur,2025/2026,-0.1223099999999999,-2.4227051064499907,6,2,17,FINAL
deficit ≤ −1 SD,AFC Bournemouth,2019/2020,-0.10228,-2.0259527290303754,10,3,18,PAPER
deficit ≤ −1 SD,Chelsea,2022/2023,-0.0977549999999999,-1.9363219498080186,3,1,12,FINAL
deficit ≤ −1 SD,Chelsea,2023/2024,-0.093345,-1.8489690798918694,3,1,6,FINAL
deficit ≤ −1 SD,Aston Villa,2019/2020,-0.08928,-1.7684499378943286,18,5,17,PAPER
deficit ≤ −1 SD,Liverpool,2020/2021,-0.087135,-1.7259619773568808,2,1,3,ROBUSTNESS
deficit ≤ −1 SD,Tottenham Hotspur,2024/2025,-0.0852399999999999,-1.6884259935720474,5,2,17,FINAL
deficit ≤ −1 SD,Brentford,2023/2024,-0.082945,-1.642966846983032,13,4,16,FINAL
deficit ≤ −1 SD,Newcastle United,2019/2020,-0.08028,-1.5901787748001424,15,4,13,PAPER
deficit ≤ −1 SD,Brighton & Hove Albion,2024/2025,-0.0781399999999999,-1.547789853797745,9,3,8,FINAL
deficit ≤ −1 SD,Newcastle United,2020/2021,-0.0748349999999999,-1.4823247211281576,11,3,12,ROBUSTNESS
deficit ≤ −1 SD,Nottingham Forest,2022/2023,-0.073855,-1.4629129722579037,20,5,16,FINAL
deficit ≤ −1 SD,Luton Town,2023/2024,-0.0734449999999999,-1.4547917303836109,20,5,18,FINAL
deficit ≤ −1 SD,West Ham United,2018/2019,-0.071295,-1.412204730311113,10,3,10,PAPER
deficit ≤ −1 SD,Southampton,2024/2025,-0.0712399999999999,-1.4111152954255353,19,5,20,FINAL
deficit ≤ −1 SD,Manchester United,2023/2024,-0.0703449999999999,-1.3933872186511689,5,2,8,FINAL
deficit ≤ −1 SD,Everton,2021/2022,-0.068975,-1.3662503860468336,7,2,16,PAPER
deficit ≤ −1 SD,Sheffield United,2023/2024,-0.0673449999999999,-1.3339634976197736,19,5,20,FINAL
deficit ≤ −1 SD,Leicester City,2021/2022,-0.066275,-1.3127690371185778,8,2,8,PAPER
deficit ≤ −1 SD,Arsenal,2019/2020,-0.0617799999999999,-1.223732495106535,6,2,8,PAPER
deficit ≤ −1 SD,Newcastle United,2023/2024,-0.061145,-1.2111544741548916,7,2,7,FINAL
deficit ≤ −1 SD,Newcastle United,2021/2022,-0.055175,-1.0929012693024147,14,4,11,PAPER
deficit ≤ −1 SD,Burnley,2025/2026,-0.0537099999999999,-1.063882685532081,19,5,19,FINAL
deficit ≤ −1 SD,Ipswich Town,2024/2025,-0.05354,-1.0605153413403041,20,5,19,FINAL
deficit ≤ −1 SD,Sheffield United,2020/2021,-0.053335,-1.0564547204031587,17,5,20,ROBUSTNESS
deficit ≤ −1 SD,Brighton & Hove Albion,2023/2024,-0.052545,-1.0408064738648914,8,2,11,FINAL
deficit ≤ −1 SD,Liverpool,2022/2023,-0.051555,-1.0211966459245307,2,1,5,FINAL
deficit ≤ −1 SD,Leicester City,2018/2019,-0.0504949999999999,-1.0002002644934358,8,2,9,PAPER
deficit ≤ −1.5 SD,Tottenham Hotspur,2025/2026,-0.1223099999999999,-2.4227051064499907,6,2,17,FINAL
deficit ≤ −1.5 SD,AFC Bournemouth,2019/2020,-0.10228,-2.0259527290303754,10,3,18,PAPER
deficit ≤ −1.5 SD,Chelsea,2022/2023,-0.0977549999999999,-1.9363219498080186,3,1,12,FINAL
deficit ≤ −1.5 SD,Chelsea,2023/2024,-0.093345,-1.8489690798918694,3,1,6,FINAL
deficit ≤ −1.5 SD,Aston Villa,2019/2020,-0.08928,-1.7684499378943286,18,5,17,PAPER
deficit ≤ −1.5 SD,Liverpool,2020/2021,-0.087135,-1.7259619773568808,2,1,3,ROBUSTNESS
deficit ≤ −1.5 SD,Tottenham Hotspur,2024/2025,-0.0852399999999999,-1.6884259935720474,5,2,17,FINAL
deficit ≤ −1.5 SD,Brentford,2023/2024,-0.082945,-1.642966846983032,13,4,16,FINAL
deficit ≤ −1.5 SD,Newcastle United,2019/2020,-0.08028,-1.5901787748001424,15,4,13,PAPER
deficit ≤ −1.5 SD,Brighton & Hove Albion,2024/2025,-0.0781399999999999,-1.547789853797745,9,3,8,FINAL
surplus ≥ +1 SD,Wolverhampton Wanderers,2018/2019,0.149505,2.9613811375995924,17,5,7,PAPER
surplus ≥ +1 SD,Manchester City,2023/2024,0.1257549999999999,2.490943346101043,1,1,1,FINAL
surplus ≥ +1 SD,Wolverhampton Wanderers,2019/2020,0.11802,2.337729185375097,12,3,7,PAPER
surplus ≥ +1 SD,Arsenal,2023/2024,0.113255,2.2433445084702304,2,1,2,FINAL
surplus ≥ +1 SD,West Ham United,2023/2024,0.099955,1.979899345231044,10,3,9,FINAL
surplus ≥ +1 SD,Everton,2023/2024,0.0943549999999999,1.8689750659724371,12,3,15,FINAL
surplus ≥ +1 SD,Fulham,2023/2024,0.0835549999999999,1.6550496702594135,17,5,13,FINAL
surplus ≥ +1 SD,Wolverhampton Wanderers,2023/2024,0.0816549999999999,1.6174146469395296,11,3,14,FINAL
surplus ≥ +1 SD,Sheffield United,2019/2020,0.08062,1.5969134631837003,20,5,9,PAPER
surplus ≥ +1 SD,Nottingham Forest,2024/2025,0.07996,1.5838402445567934,14,4,7,FINAL
surplus ≥ +1 SD,Liverpool,2024/2025,0.07876,1.560070756144235,4,1,1,FINAL
surplus ≥ +1 SD,Brentford,2025/2026,0.07569,1.4992604816221071,12,3,9,FINAL
surplus ≥ +1 SD,Manchester City,2022/2023,0.074745,1.4805420094972177,1,1,1,FINAL
surplus ≥ +1 SD,Southampton,2019/2020,0.07422,1.4701428583167233,11,3,11,PAPER
surplus ≥ +1 SD,Chelsea,2018/2019,0.071105,1.4084412279791245,2,1,3,PAPER
surplus ≥ +1 SD,Aston Villa,2022/2023,0.0693449999999999,1.373579311640704,7,2,7,FINAL
surplus ≥ +1 SD,Crystal Palace,2024/2025,0.06346,1.2570097788841186,11,3,12,FINAL
surplus ≥ +1 SD,Crystal Palace,2018/2019,0.062305,1.234131646287031,13,4,12,PAPER
surplus ≥ +1 SD,Tottenham Hotspur,2021/2022,0.0619249999999999,1.2266046416230523,5,2,4,PAPER
surplus ≥ +1 SD,Manchester City,2020/2021,0.0609649999999999,1.2075890508930058,1,1,1,ROBUSTNESS
surplus ≥ +1 SD,West Ham United,2022/2023,0.058145,1.1517307531234962,10,3,14,FINAL
surplus ≥ +1 SD,Leeds United,2025/2026,0.05249,1.0397170389793158,18,5,14,FINAL
surplus ≥ +1 SD,Crystal Palace,2021/2022,0.051925,1.028525571518403,16,4,12,PAPER
surplus ≥ +1 SD,Aston Villa,2021/2022,0.050925,1.0087176645079377,9,3,14,PAPER
surplus ≥ +1.5 SD,Wolverhampton Wanderers,2018/2019,0.149505,2.9613811375995924,17,5,7,PAPER
surplus ≥ +1.5 SD,Manchester City,2023/2024,0.1257549999999999,2.490943346101043,1,1,1,FINAL
surplus ≥ +1.5 SD,Wolverhampton Wanderers,2019/2020,0.11802,2.337729185375097,12,3,7,PAPER
surplus ≥ +1.5 SD,Arsenal,2023/2024,0.113255,2.2433445084702304,2,1,2,FINAL
surplus ≥ +1.5 SD,West Ham United,2023/2024,0.099955,1.979899345231044,10,3,9,FINAL
surplus ≥ +1.5 SD,Everton,2023/2024,0.0943549999999999,1.8689750659724371,12,3,15,FINAL
surplus ≥ +1.5 SD,Fulham,2023/2024,0.0835549999999999,1.6550496702594135,17,5,13,FINAL
surplus ≥ +1.5 SD,Wolverhampton Wanderers,2023/2024,0.0816549999999999,1.6174146469395296,11,3,14,FINAL
surplus ≥ +1.5 SD,Sheffield United,2019/2020,0.08062,1.5969134631837003,20,5,9,PAPER
surplus ≥ +1.5 SD,Nottingham Forest,2024/2025,0.07996,1.5838402445567934,14,4,7,FINAL
surplus ≥ +1.5 SD,Liverpool,2024/2025,0.07876,1.560070756144235,4,1,1,FINAL
