club,seasons,mean,sd,se_raw,lo_raw,hi_raw,n_eff,df_adj,se_adj,lo_adj,hi_adj,flag_raw,flag_adj
Wolverhampton Wanderers,8,0.057795624999999975,0.05401854294310824,0.01909843901244428,0.012634992943608495,0.10295625705639146,3.841169716320398,2.841169716320398,0.02756202469784618,-0.03275938378289586,0.1483506337828958,ABOVE,
Fulham,6,0.040569999999999946,0.025200105555334452,0.01028790001247419,0.014124111101091182,0.06701588889890871,2.8808772872402986,1.8808772872402986,0.014847043470307957,-0.02734981245679547,0.10848981245679537,ABOVE,
Manchester City,8,0.035933125,0.05015324835922529,0.017731851006670647,-0.00599603991600333,0.07786228991600333,3.841169716320398,2.841169716320398,0.02558982517188646,-0.04814222391201336,0.12000847391201336,,
Crystal Palace,8,0.02760812499999999,0.03525809835418768,0.012465620218994179,-0.0018683828809789964,0.05708463288097898,3.841169716320398,2.841169716320398,0.017989833207102308,-0.03149745675355251,0.0867137067535525,,
West Ham United,8,0.02750812499999999,0.050701933602005186,0.01792584053462397,-0.0148797522583568,0.06989600225835678,3.841169716320398,2.841169716320398,0.02586978230121463,-0.0574870228231263,0.11250327282312629,,
Everton,8,0.006595624999999988,0.045262795936421546,0.01600281497105329,-0.031245019374304697,0.04443626937430467,3.841169716320398,2.841169716320398,0.023094556637840314,-0.06928152125842203,0.08247277125842202,,
Aston Villa,7,0.004179999999999985,0.05617633873200826,0.021232660264431342,-0.047774448032372144,0.05613444803237211,3.3610235017803483,2.3610235017803483,0.030642038662317676,-0.11010829114430838,0.11846829114430836,,
Arsenal,8,0.0037206250000000243,0.05559771657936394,0.01965676120587799,-0.042760229255187285,0.05020147925518734,3.841169716320398,2.841169716320398,0.028367770658275126,-0.0894816614529259,0.09692291145292593,,
Southampton,6,0.001153333333333298,0.04925792085204836,0.020109461979653014,-0.05053968435598182,0.05284635102264842,2.8808772872402986,1.8808772872402986,0.029021088445105307,-0.13160756875640378,0.13391423542307035,,
Liverpool,8,0.00023312499999997337,0.05360030949654115,0.018950571159350973,-0.04457785514493612,0.045044105144936064,3.841169716320398,2.841169716320398,0.027348628335121476,-0.08962077021404097,0.09008702021404091,,
Burnley,6,-0.005639999999999997,0.035980060589165114,0.01468879822631287,-0.04339875790788678,0.032118757907886784,2.8808772872402986,1.8808772872402986,0.021198225636740144,-0.10261415600241111,0.09133415600241113,,
Brighton & Hove Albion,8,-0.009641874999999987,0.03963002108228229,0.014011328322923821,-0.042773401749414505,0.02348965174941453,3.841169716320398,2.841169716320398,0.020220530957238348,-0.07607641232086029,0.056792662320860325,,
AFC Bournemouth,6,-0.011937499999999998,0.048907352693639,0.01996634312829133,-0.06326261896966764,0.039387618969667644,2.8808772872402986,1.8808772872402986,0.02881454563218809,-0.1437535440009404,0.1198785440009404,,
Chelsea,8,-0.018454374999999988,0.057617551110595966,0.020370880552832447,-0.06662385318152741,0.02971510318152744,3.841169716320398,2.841169716320398,0.029398356198022314,-0.11504264937022957,0.07813389937022958,,
Tottenham Hotspur,8,-0.024766874999999987,0.0572933619277324,0.020256262368037372,-0.07266532424208744,0.023131574242087456,3.841169716320398,2.841169716320398,0.029232944289850876,-0.12081168868613726,0.0712779386861373,,
Leicester City,6,-0.025213333333333282,0.03436819120446501,0.014030755305558014,-0.06128053806205856,0.010853871395391998,2.8808772872402986,1.8808772872402986,0.020248567121598126,-0.1178431477585518,0.06741648109188524,,
Manchester United,8,-0.028104374999999973,0.034643527269844,0.012248336528363886,-0.05706708859663899,0.0008583385966390404,3.841169716320398,2.841169716320398,0.017676258969768613,-0.08617970886258161,0.02997095886258167,,
Newcastle United,8,-0.039229374999999976,0.033311538373952114,0.011777407337988719,-0.06707851801229492,-0.01138023198770504,3.841169716320398,2.841169716320398,0.016996634736206925,-0.09507180401927173,0.01661305401927178,BELOW,
