club,seasons,c_first,c_second,less_extreme_sd,tail,label
Chelsea,2022/2023–2023/2024,-0.0977549999999999,-0.093345,-1.8489690798918694,deficit,FINAL
Tottenham Hotspur,2024/2025–2025/2026,-0.0852399999999999,-0.1223099999999999,-1.6884259935720474,deficit,FINAL
Newcastle United,2019/2020–2020/2021,-0.08028,-0.0748349999999999,-1.4823247211281576,deficit,ROBUSTNESS
Newcastle United,2020/2021–2021/2022,-0.0748349999999999,-0.055175,-1.0929012693024147,deficit,PAPER
Brighton & Hove Albion,2023/2024–2024/2025,-0.052545,-0.0781399999999999,-1.0408064738648914,deficit,FINAL
Aston Villa,2021/2022–2022/2023,0.050925,0.0693449999999999,1.0087176645079377,surplus,FINAL
West Ham United,2022/2023–2023/2024,0.058145,0.099955,1.1517307531234962,surplus,FINAL
Manchester City,2022/2023–2023/2024,0.074745,0.1257549999999999,1.4805420094972177,surplus,FINAL
Wolverhampton Wanderers,2018/2019–2019/2020,0.149505,0.11802,2.337729185375097,surplus,PAPER
